{
"type": "FeatureCollection",
"name": "bangkok_province_boundary",
"crs": { "type": "name", "properties": { "name": "urn:ogc:def:crs:OGC:1.3:CRS84" } },
"features": [
{ "type": "Feature", "properties": { "adm1_name": "Bangkok", "adm1_name1": "กรุงเทพมหานคร", "adm1_name2": null, "adm1_name3": null, "adm1_pcode": "TH10", "adm0_name": "Thailand", "adm0_name1": "ประเทศไทย", "adm0_name2": null, "adm0_name3": null, "adm0_pcode": "TH", "valid_on": "2022-01-22", "valid_to": null, "area_sqkm": 1571.37134846, "version": "v01", "lang": "en", "lang1": "th", "lang2": null, "lang3": null, "adm1_ref_n": "Bangkok", "center_lat": 13.72436412, "center_lon": 100.60302931 }, "geometry": { "type": "MultiPolygon", "coordinates": [ [ [ [ 100.613889496000127, 13.954619222000076 ], [ 100.614281400000039, 13.954419026000039 ], [ 100.614892004000126, 13.954088029000104 ], [ 100.614980541000079, 13.954041321000147 ], [ 100.615061488000094, 13.953997408000134 ], [ 100.615128871000081, 13.953963179000084 ], [ 100.61535780700018, 13.953851932000191 ], [ 100.615491989000077, 13.953781123000113 ], [ 100.615682594000134, 13.953685221000171 ], [ 100.616165358000103, 13.953437293000093 ], [ 100.616463801, 13.953293355000085 ], [ 100.617126786000085, 13.952965477000134 ], [ 100.619672086000037, 13.951758692 ], [ 100.622129657000073, 13.950468329000103 ], [ 100.622361264000119, 13.950347294000096 ], [ 100.62254545900015, 13.950251041000058 ], [ 100.624323088000097, 13.949221839000188 ], [ 100.624752879000198, 13.948972467000146 ], [ 100.624774957000056, 13.948954251000032 ], [ 100.624885142000039, 13.948863322000079 ], [ 100.625048989, 13.948688054000172 ], [ 100.625241553000137, 13.948297658000172 ], [ 100.625394187000154, 13.947849156000188 ], [ 100.625411522000093, 13.947675044000164 ], [ 100.625425641000106, 13.947533277000105 ], [ 100.625439147000122, 13.94725903900013 ], [ 100.625427731000059, 13.946651017000079 ], [ 100.625409773, 13.944577951000156 ], [ 100.625436381999975, 13.942480639000166 ], [ 100.62552439500007, 13.938205280000034 ], [ 100.628225880000059, 13.938056942000173 ], [ 100.629619104000028, 13.938007926000012 ], [ 100.631778429000121, 13.937908399000037 ], [ 100.633084512000096, 13.937854272000095 ], [ 100.634419739000123, 13.937816951000116 ], [ 100.636439627000129, 13.937706967000111 ], [ 100.638537353000117, 13.937632164000036 ], [ 100.639771708000012, 13.937588141000049 ], [ 100.639717132000158, 13.936437233 ], [ 100.639674738000167, 13.935365642000079 ], [ 100.639624890000164, 13.934396367999966 ], [ 100.639593172, 13.933077709000031 ], [ 100.639600488000099, 13.932507265000083 ], [ 100.639604575000135, 13.932467763000034 ], [ 100.639614431000098, 13.932372588000078 ], [ 100.639639573000011, 13.93229580100018 ], [ 100.639649727000176, 13.932268528000122 ], [ 100.639743764000059, 13.932131069000036 ], [ 100.640061422000201, 13.931860345000018 ], [ 100.640372856000056, 13.931665468000176 ], [ 100.640628776000085, 13.93151825100017 ], [ 100.640877524000075, 13.931411084999979 ], [ 100.641015073000176, 13.931377428000133 ], [ 100.64123082600014, 13.931343236000146 ], [ 100.641528531000176, 13.931312127000126 ], [ 100.641971531000081, 13.931290958000091 ], [ 100.643313750000175, 13.931249282000181 ], [ 100.643468240000175, 13.931244488000175 ], [ 100.645195592000107, 13.931163722000065 ], [ 100.646486553000045, 13.931101974000057 ], [ 100.646486942000195, 13.931101954000098 ], [ 100.64648733000007, 13.931101934000083 ], [ 100.649357574000192, 13.930964616000097 ], [ 100.651467266000168, 13.930893300000037 ], [ 100.652049343999977, 13.930873624000185 ], [ 100.65500168, 13.930766285000118 ], [ 100.656396463000078, 13.930688979000081 ], [ 100.657395230000191, 13.930633619000162 ], [ 100.657775621000098, 13.930618453000136 ], [ 100.659581898999988, 13.930546421000031 ], [ 100.659581989000174, 13.930546413000059 ], [ 100.659582070000113, 13.930546412000126 ], [ 100.659815103000142, 13.930537118000075 ], [ 100.661713925000186, 13.930484161000038 ], [ 100.661855127000138, 13.93047661300011 ], [ 100.661893971000154, 13.930474538000055 ], [ 100.662511906000077, 13.930441502000122 ], [ 100.662511933000133, 13.930441501000075 ], [ 100.662512349000167, 13.930441480000127 ], [ 100.662513214000171, 13.930441431000077 ], [ 100.662543135000078, 13.930439831000115 ], [ 100.663195485000017, 13.930404936000116 ], [ 100.66582786500004, 13.930343299000128 ], [ 100.667652784000154, 13.930370823999965 ], [ 100.668941766000046, 13.93044202100009 ], [ 100.669988455000066, 13.930478495000102 ], [ 100.673761583000157, 13.930590816000063 ], [ 100.677884796000114, 13.930707941000094 ], [ 100.680320801000164, 13.930785728000046 ], [ 100.68380688000002, 13.930856224000024 ], [ 100.685296719000121, 13.93093189300015 ], [ 100.68538267200006, 13.930936259000134 ], [ 100.687628519000157, 13.930982541000049 ], [ 100.687752837000119, 13.930987442 ], [ 100.688727377000134, 13.931025845000079 ], [ 100.68883266500012, 13.931025610000177 ], [ 100.689266488000044, 13.931024640999965 ], [ 100.689730812000107, 13.931053496000175 ], [ 100.689792343000136, 13.930531482000106 ], [ 100.68971746700015, 13.92909265600008 ], [ 100.68969082000018, 13.928884150999977 ], [ 100.689622372000201, 13.928545504000112 ], [ 100.689513024000178, 13.928075039000191 ], [ 100.689435005000064, 13.927623043000096 ], [ 100.689355170000113, 13.926798035000047 ], [ 100.689326116000188, 13.92604173400008 ], [ 100.689312846000121, 13.925946692000025 ], [ 100.689301392000061, 13.925883855000052 ], [ 100.689286891000052, 13.92583331600008 ], [ 100.689274110000156, 13.925804250000169 ], [ 100.689240361000088, 13.925752327000055 ], [ 100.689232410000045, 13.925741304000098 ], [ 100.689188294000132, 13.925700416000097 ], [ 100.68910331100011, 13.92562166200014 ], [ 100.689024032000077, 13.925548191000189 ], [ 100.688946569000109, 13.925465880000047 ], [ 100.688932216000069, 13.925450621000095 ], [ 100.688840247000201, 13.925334631000112 ], [ 100.688834511000096, 13.925326047000112 ], [ 100.68882450600006, 13.925311075000138 ], [ 100.688754026000083, 13.92519597800009 ], [ 100.688750367000068, 13.925190002000136 ], [ 100.688740069000119, 13.925168068000119 ], [ 100.688709455000037, 13.925093704000176 ], [ 100.688709444000153, 13.925093677000064 ], [ 100.688709428000152, 13.925093651000054 ], [ 100.688636122000105, 13.92491559399997 ], [ 100.688602361000051, 13.924809952000146 ], [ 100.688582636000149, 13.924742952000088 ], [ 100.688572307000072, 13.924690557000133 ], [ 100.688571284000091, 13.924685384000099 ], [ 100.68853840100013, 13.924222685000132 ], [ 100.688519519000124, 13.924001848000046 ], [ 100.688511302000109, 13.923960375000092 ], [ 100.688504798000054, 13.923922157000106 ], [ 100.688490331000196, 13.923876225000072 ], [ 100.688474339000152, 13.923837975000083 ], [ 100.68838151000017, 13.92366669200004 ], [ 100.688351696000041, 13.923625228000162 ], [ 100.688339152000026, 13.923610274000168 ], [ 100.688114935000044, 13.923357202000034 ], [ 100.688099974000181, 13.923340324000037 ], [ 100.688006072, 13.923231541000177 ], [ 100.687968631000047, 13.923175141000115 ], [ 100.687947689000055, 13.923137287000031 ], [ 100.687918790000083, 13.923079875000042 ], [ 100.687812204000124, 13.922868163000146 ], [ 100.687778631000128, 13.922787066000069 ], [ 100.687472776000106, 13.921988177000173 ], [ 100.687267790000021, 13.921450989000107 ], [ 100.687246878999986, 13.921383618000164 ], [ 100.687235559000158, 13.921339192 ], [ 100.687143002000198, 13.920922452000184 ], [ 100.687131638000153, 13.920871892000093 ], [ 100.687123487000122, 13.920832051000048 ], [ 100.687104140000201, 13.920546774000172 ], [ 100.687106839000137, 13.920485374000066 ], [ 100.687158177000128, 13.919766876000153 ], [ 100.687199743000178, 13.919217239000034 ], [ 100.687266321000038, 13.918649017000121 ], [ 100.687330111000165, 13.918347814000128 ], [ 100.687395913000103, 13.918111181000029 ], [ 100.687443407000103, 13.917940391000059 ], [ 100.68750610100011, 13.917703648000099 ], [ 100.687536016000195, 13.917496278000044 ], [ 100.68754175000015, 13.917421052000179 ], [ 100.68753982200019, 13.917371962000061 ], [ 100.687533188000145, 13.917324431999987 ], [ 100.687519173000169, 13.917259812000168 ], [ 100.687516498000036, 13.917252195000174 ], [ 100.687506304000067, 13.917228495000131 ], [ 100.687482421000141, 13.917186037000022 ], [ 100.687300075000167, 13.916929011000093 ], [ 100.687194007000073, 13.916779505000136 ], [ 100.686970824000184, 13.916464929000028 ], [ 100.686961771000199, 13.916445184000111 ], [ 100.686956768000073, 13.916434282000068 ], [ 100.68694818300014, 13.916403130000162 ], [ 100.686950815000046, 13.916327538000132 ], [ 100.686953376000133, 13.916254426000137 ], [ 100.687058991000072, 13.916256828000144 ], [ 100.687792739000031, 13.916273491000027 ], [ 100.688406439, 13.916287415999989 ], [ 100.689479505000179, 13.916316286999972 ], [ 100.689970481000103, 13.916317536000179 ], [ 100.69192874100014, 13.916403784000067 ], [ 100.692505837000112, 13.916417523 ], [ 100.69271288200008, 13.916425429000128 ], [ 100.693210552000039, 13.916440612000088 ], [ 100.693601205000164, 13.916443594000157 ], [ 100.694107729000109, 13.916455648000067 ], [ 100.694107757000154, 13.916455648000067 ], [ 100.694107784000039, 13.91645564900017 ], [ 100.696118505000072, 13.916482245000054 ], [ 100.70284829600007, 13.916738001000056 ], [ 100.710662994000074, 13.916956709000033 ], [ 100.714008392000096, 13.917011179000099 ], [ 100.718055826000182, 13.91718435100006 ], [ 100.718584606000036, 13.917226321000157 ], [ 100.718868017000148, 13.917242426000143 ], [ 100.719672982000191, 13.917257439000082 ], [ 100.719807317000061, 13.917255730000022 ], [ 100.728591026000174, 13.917453934000093 ], [ 100.728688343000158, 13.917458591000184 ], [ 100.736387056000069, 13.917813183000021 ], [ 100.741409148000116, 13.91796942600007 ], [ 100.745656832000179, 13.918122090000111 ], [ 100.747669326000107, 13.918191257000046 ], [ 100.748193364000088, 13.918203027000118 ], [ 100.749216318000038, 13.91816792700007 ], [ 100.749920660000043, 13.918230419999986 ], [ 100.750209476000123, 13.918261962000145 ], [ 100.750384361000101, 13.918281395000065 ], [ 100.751118019000046, 13.918320091000055 ], [ 100.751908646, 13.918363819000149 ], [ 100.752599766000174, 13.918467701 ], [ 100.757210889000078, 13.920054907000065 ], [ 100.759863396000071, 13.920907768 ], [ 100.761889385000075, 13.921630067000024 ], [ 100.766905916000098, 13.92333019299997 ], [ 100.768800905000148, 13.923926323000103 ], [ 100.779350958000066, 13.927395640000043 ], [ 100.779581911000093, 13.927471580000088 ], [ 100.779606223000144, 13.927475640000068 ], [ 100.779704445999982, 13.927492028000188 ], [ 100.779790067000079, 13.927501702000086 ], [ 100.779978965000055, 13.927549256000134 ], [ 100.780068346000121, 13.927573299000073 ], [ 100.780999005000069, 13.92787290300015 ], [ 100.781691692000095, 13.928083801000014 ], [ 100.783594712000195, 13.928674700000158 ], [ 100.784440708000034, 13.928963682000074 ], [ 100.785276108000062, 13.929217620000145 ], [ 100.786241538000183, 13.929520337000042 ], [ 100.787219744000083, 13.929829744000131 ], [ 100.78813411200008, 13.930117010000117 ], [ 100.789109992000192, 13.930424167000069 ], [ 100.790138972000079, 13.930760610999982 ], [ 100.791333342000087, 13.931130320000136 ], [ 100.791387205000035, 13.931122951000134 ], [ 100.791442374000098, 13.931118335000122 ], [ 100.791492448000156, 13.931124701000101 ], [ 100.791597095000157, 13.931161840000073 ], [ 100.791816805000053, 13.931243632000076 ], [ 100.791835010000057, 13.931256129000133 ], [ 100.79184392600007, 13.931267449000188 ], [ 100.791856784000061, 13.931283772000029 ], [ 100.791868973000135, 13.931298845000128 ], [ 100.79188025100018, 13.931307191000087 ], [ 100.791900183000052, 13.931319675000054 ], [ 100.791909108000141, 13.931323951000081 ], [ 100.791947777000075, 13.931339546 ], [ 100.792096484000183, 13.9313856280001 ], [ 100.792128583000078, 13.931396513000038 ], [ 100.792149704000167, 13.93139916399997 ], [ 100.79216214000013, 13.931399470000031 ], [ 100.792371600000024, 13.931409464000126 ], [ 100.792593024000041, 13.931387879 ], [ 100.792597279000177, 13.931502572 ], [ 100.792597941000054, 13.93152045800008 ], [ 100.792598843000121, 13.931544750000114 ], [ 100.79414347800008, 13.931674261000069 ], [ 100.795492207000052, 13.931832171 ], [ 100.796719481000139, 13.931941393000159 ], [ 100.797579539000083, 13.932041862000062 ], [ 100.799244686000122, 13.932205059000125 ], [ 100.800518940000188, 13.932329165999988 ], [ 100.802879912000151, 13.932567307000113 ], [ 100.804740572000071, 13.932759530000112 ], [ 100.806237632000148, 13.932904850000057 ], [ 100.808137387000045, 13.933100570000079 ], [ 100.809876801000087, 13.93327077500004 ], [ 100.811494936000088, 13.933415153000055 ], [ 100.812890335000191, 13.933545926000136 ], [ 100.813906739000117, 13.933660433000114 ], [ 100.814070925000181, 13.933678283000177 ], [ 100.814188153000089, 13.933685036000099 ], [ 100.814296538000121, 13.933677364000175 ], [ 100.814477143000033, 13.933679655000105 ], [ 100.814866725000115, 13.933728473000087 ], [ 100.8149833760001, 13.933748291000086 ], [ 100.815348325000173, 13.933765160000178 ], [ 100.81607314900009, 13.933864238000183 ], [ 100.81624687599998, 13.933901481000191 ], [ 100.816495794000161, 13.933954843000151 ], [ 100.817009040000187, 13.934016390000181 ], [ 100.818179183000098, 13.934132641000133 ], [ 100.818421383000043, 13.934145354000179 ], [ 100.818530361, 13.93415340100006 ], [ 100.818844071000058, 13.934176840000134 ], [ 100.819002568000087, 13.934186944999965 ], [ 100.819149604000188, 13.934208406000096 ], [ 100.819186650000063, 13.934214802000042 ], [ 100.819521211000108, 13.934249151000131 ], [ 100.819732592000094, 13.934270131000119 ], [ 100.819922481000106, 13.934284829000092 ], [ 100.820130601000074, 13.934310670000173 ], [ 100.820413143, 13.934356916000127 ], [ 100.820464216000062, 13.934363692000147 ], [ 100.820712134000132, 13.934396596 ], [ 100.820804421000048, 13.934407857000167 ], [ 100.820916986000043, 13.934427289000155 ], [ 100.821163354000191, 13.934457150000071 ], [ 100.821260555000151, 13.934468242000094 ], [ 100.821523837000086, 13.934496731000024 ], [ 100.821885239000153, 13.934536084000172 ], [ 100.822064950000197, 13.934565375000034 ], [ 100.822239405000118, 13.934583558000043 ], [ 100.822454701000197, 13.934605971 ], [ 100.822604866000063, 13.934623073000182 ], [ 100.822700823000105, 13.934637978000069 ], [ 100.822852715000067, 13.934648129000152 ], [ 100.822965079000141, 13.934658047000084 ], [ 100.823107033000156, 13.93467201500016 ], [ 100.823327917000142, 13.934702921000053 ], [ 100.823566279000147, 13.93473626500014 ], [ 100.823873992000131, 13.934762450999983 ], [ 100.82404189500005, 13.934782675000065 ], [ 100.824420489000147, 13.934832955000161 ], [ 100.824833017000174, 13.934871833000159 ], [ 100.824980415000084, 13.934877029000063 ], [ 100.825135202000183, 13.934896973000093 ], [ 100.825277287000119, 13.934918467000102 ], [ 100.82552572700007, 13.93495214800015 ], [ 100.826010641000039, 13.935006464000026 ], [ 100.826068316000146, 13.935016120000114 ], [ 100.826197321000052, 13.935032461000105 ], [ 100.826839687000074, 13.935090502000037 ], [ 100.827382844000169, 13.935167195000076 ], [ 100.827642504000153, 13.935207258000105 ], [ 100.82771115800017, 13.935214730000041 ], [ 100.827725392000104, 13.93521613300004 ], [ 100.828821514000197, 13.935323868000182 ], [ 100.829180125000107, 13.93536304600002 ], [ 100.829377839000131, 13.935389116000067 ], [ 100.830099069000141, 13.935451993000015 ], [ 100.831616622000183, 13.93561813700012 ], [ 100.832609159000128, 13.935743828000113 ], [ 100.833452784000031, 13.935846436000077 ], [ 100.833998703000191, 13.935918997000101 ], [ 100.835264258, 13.936087015000169 ], [ 100.835677278000105, 13.936122684 ], [ 100.836259700000141, 13.936172996000096 ], [ 100.83646732700015, 13.936190927000041 ], [ 100.837563156000158, 13.936315827000101 ], [ 100.838386287000162, 13.936438738000049 ], [ 100.839316444000076, 13.936512419 ], [ 100.839447307000171, 13.936520151000138 ], [ 100.839658198000109, 13.936532609000096 ], [ 100.841167128999984, 13.93674324 ], [ 100.842009389000054, 13.936844159000088 ], [ 100.842462630000171, 13.936926562999986 ], [ 100.842662778000033, 13.936955092000119 ], [ 100.843318134000071, 13.937035965000177 ], [ 100.844081194000182, 13.937122463000037 ], [ 100.851715134000131, 13.938137456999982 ], [ 100.851737178000178, 13.938145877000181 ], [ 100.854284047000135, 13.938499672000034 ], [ 100.854312570000104, 13.938500204999968 ], [ 100.856226795000111, 13.938536260000035 ], [ 100.861399004000077, 13.938990449000073 ], [ 100.863307873000167, 13.939143053000066 ], [ 100.865631053000186, 13.939950257000078 ], [ 100.871197759000154, 13.940747122000175 ], [ 100.873808149000126, 13.941120747000127 ], [ 100.881840581000063, 13.942350921000127 ], [ 100.884807529000057, 13.942805238000119 ], [ 100.892735797000171, 13.943694912000183 ], [ 100.893656394000061, 13.943798196000046 ], [ 100.896224170000096, 13.94410377700018 ], [ 100.903374363000069, 13.945096186000114 ], [ 100.904670634000126, 13.945276070000091 ], [ 100.904774970000062, 13.945290558000067 ], [ 100.905830153000068, 13.945419086000015 ], [ 100.90701134800014, 13.945562959000142 ], [ 100.912413057000094, 13.946281934000183 ], [ 100.913983118000033, 13.946490894000078 ], [ 100.913979743000198, 13.946348985000157 ], [ 100.913978452000038, 13.946294523000063 ], [ 100.913972831000194, 13.946237243000155 ], [ 100.913981584000112, 13.946210601000075 ], [ 100.913948735000133, 13.945543209999983 ], [ 100.913960012000075, 13.945545062000178 ], [ 100.913958864000165, 13.945405837000067 ], [ 100.913719385000149, 13.943685600000151 ], [ 100.913430002000098, 13.941377359 ], [ 100.913398633000099, 13.941017048000163 ], [ 100.913346798000134, 13.940849898000181 ], [ 100.913344985000094, 13.940629861000161 ], [ 100.913344078000137, 13.940519846000029 ], [ 100.913343140000052, 13.94040594 ], [ 100.913222556000164, 13.939442560999964 ], [ 100.912934639000071, 13.937310345000128 ], [ 100.912836009999978, 13.936276886000144 ], [ 100.912762899000086, 13.935606313 ], [ 100.912775788000147, 13.935595843000044 ], [ 100.912572262000197, 13.934342525999966 ], [ 100.912398652000036, 13.932612199000062 ], [ 100.912375922000138, 13.932385626000041 ], [ 100.912332725000169, 13.932242319000011 ], [ 100.912167466000085, 13.931694114000038 ], [ 100.912083916000142, 13.931122642 ], [ 100.912065484000038, 13.930739661000018 ], [ 100.911966837000136, 13.929854250000062 ], [ 100.91186429000004, 13.929111733000184 ], [ 100.911832074000074, 13.928878439000073 ], [ 100.911809877999985, 13.928829648000033 ], [ 100.911782432000052, 13.928707211000074 ], [ 100.911780419000138, 13.928462419000084 ], [ 100.911776980000127, 13.928044352000029 ], [ 100.911718402000076, 13.927769749000163 ], [ 100.911726501000146, 13.927384608000182 ], [ 100.911645480000061, 13.927121177000117 ], [ 100.911598793000053, 13.926923503000125 ], [ 100.911557304000041, 13.926810628000112 ], [ 100.911524198000166, 13.926632696000127 ], [ 100.911538686000142, 13.926461866000011 ], [ 100.911491547000026, 13.926209184000072 ], [ 100.911456942000086, 13.926110423000182 ], [ 100.911433150000107, 13.925956581000037 ], [ 100.911431973999981, 13.925813553000125 ], [ 100.911441243000127, 13.925571433000187 ], [ 100.911439434000101, 13.925351395000064 ], [ 100.911437896000109, 13.925164371000051 ], [ 100.911403200000109, 13.92505461200011 ], [ 100.911345560000143, 13.924922484000035 ], [ 100.911304364000102, 13.92469910900013 ], [ 100.911246467000183, 13.923801561000118 ], [ 100.911054590000049, 13.922383744000115 ], [ 100.910956527000167, 13.921416290000025 ], [ 100.910812244000056, 13.920306177999976 ], [ 100.910636331000148, 13.919460363999974 ], [ 100.910649801000034, 13.919457751000039 ], [ 100.910646021000048, 13.919426733000137 ], [ 100.910645887000044, 13.919410407000044 ], [ 100.91064575300004, 13.919394087000114 ], [ 100.910641301000055, 13.919361467000044 ], [ 100.910640664000084, 13.91928393000012 ], [ 100.910640564000062, 13.919271681000112 ], [ 100.910640396000076, 13.919251284000097 ], [ 100.910635884000044, 13.919205691000172 ], [ 100.910598034000088, 13.918672082000114 ], [ 100.910451749000174, 13.917648840000027 ], [ 100.910442253000099, 13.91751014700003 ], [ 100.910437408000121, 13.91742856400009 ], [ 100.910436938000089, 13.917371430000173 ], [ 100.910423200000196, 13.917224614000077 ], [ 100.910361626000054, 13.916849623000076 ], [ 100.910255829000107, 13.916177046000087 ], [ 100.910189570000057, 13.915740874999983 ], [ 100.91017175800016, 13.915606341000057 ], [ 100.910113857000113, 13.915170097000043 ], [ 100.910029050999981, 13.914509604000159 ], [ 100.909992138000064, 13.914137102999973 ], [ 100.90998528300014, 13.91406792600003 ], [ 100.909978946000194, 13.914003927000181 ], [ 100.909937692000199, 13.91355938900017 ], [ 100.909812941000041, 13.91261352000015 ], [ 100.90969187200011, 13.911606405000043 ], [ 100.909694426000101, 13.911606156000119 ], [ 100.909683267000162, 13.911525647000076 ], [ 100.909664482000153, 13.911227137000083 ], [ 100.9096146830002, 13.910861831000091 ], [ 100.909556734000091, 13.910444615000188 ], [ 100.909460707000051, 13.909932385000104 ], [ 100.909411184000135, 13.909492677000117 ], [ 100.909417396000094, 13.909492519000082 ], [ 100.909391850000134, 13.909234938 ], [ 100.909339485000146, 13.908798057000183 ], [ 100.909289617000127, 13.908316304000039 ], [ 100.909174418000077, 13.907565956000099 ], [ 100.909106721000057, 13.907008660000031 ], [ 100.909059674000162, 13.906521272000191 ], [ 100.908980701000132, 13.905989290000036 ], [ 100.908878206000111, 13.905387414000188 ], [ 100.908860044000164, 13.905272620000062 ], [ 100.908819480000034, 13.904874892000066 ], [ 100.908794225000179, 13.904594775000021 ], [ 100.908753805000174, 13.90421386100013 ], [ 100.908686148000186, 13.903662170000075 ], [ 100.908656968000059, 13.903394677000051 ], [ 100.908627607000028, 13.903172066000025 ], [ 100.908571823000045, 13.902667932000043 ], [ 100.908501034000153, 13.902082629 ], [ 100.908444462000091, 13.901483191000182 ], [ 100.908390702000077, 13.900875322000047 ], [ 100.908377727000129, 13.900693216000093 ], [ 100.908352612000101, 13.900429917000054 ], [ 100.908329521000098, 13.900062883999965 ], [ 100.90830092200008, 13.899723923000067 ], [ 100.908293371000127, 13.899502533999964 ], [ 100.908272301000125, 13.899382165000077 ], [ 100.908238485000197, 13.899107717999982 ], [ 100.908161635000056, 13.898548270000049 ], [ 100.908153155000036, 13.898500094000156 ], [ 100.908110761000103, 13.898228520000089 ], [ 100.90805840500019, 13.897791631000075 ], [ 100.908002280000062, 13.897245452000107 ], [ 100.907971247000091, 13.896959773000162 ], [ 100.907923702000176, 13.896410723000031 ], [ 100.90789723600011, 13.896066212000051 ], [ 100.907881947000192, 13.895867232000114 ], [ 100.907855870000049, 13.895486204 ], [ 100.907836274000033, 13.895194832000072 ], [ 100.907792657000073, 13.894774695000024 ], [ 100.907757881, 13.894382528 ], [ 100.907701736000092, 13.893833543000142 ], [ 100.907644204000121, 13.893300615000101 ], [ 100.907614560000184, 13.892998880000107 ], [ 100.907557751000184, 13.892368606000161 ], [ 100.907513042000119, 13.89181392800009 ], [ 100.907450536000113, 13.891189312000108 ], [ 100.907447098000148, 13.891119261000085 ], [ 100.907431353, 13.890948385000172 ], [ 100.907375852000143, 13.89047789100016 ], [ 100.907326847000093, 13.890099843000144 ], [ 100.90729905600017, 13.88985898400017 ], [ 100.907262166000123, 13.889559335000172 ], [ 100.907233366000071, 13.889195151000081 ], [ 100.907198156000163, 13.88874972300016 ], [ 100.907194619000165, 13.888668456000062 ], [ 100.907157347000066, 13.888321151000014 ], [ 100.907098090000034, 13.887741355 ], [ 100.907073210000135, 13.887506085000098 ], [ 100.907041837000122, 13.887178362999975 ], [ 100.90698521000013, 13.886920906000114 ], [ 100.906910431000085, 13.88645555100004 ], [ 100.906900701000154, 13.886411391000138 ], [ 100.90685729400019, 13.885929795000038 ], [ 100.906785141000171, 13.885262996000051 ], [ 100.906753540000125, 13.884907237 ], [ 100.906708494000156, 13.884310514000106 ], [ 100.906687409000085, 13.884033170000066 ], [ 100.906678419000059, 13.883914885000138 ], [ 100.906676335000043, 13.883887480000112 ], [ 100.906650730000194, 13.88356251100015 ], [ 100.90660654800007, 13.883072307000077 ], [ 100.906583434000083, 13.882702466000126 ], [ 100.906570219000173, 13.882489530999976 ], [ 100.906544538999981, 13.882156153000096 ], [ 100.906516108000062, 13.881836810000095 ], [ 100.906479184000034, 13.881531549000101 ], [ 100.906463121000172, 13.881321442000058 ], [ 100.906447669000158, 13.881187006000118 ], [ 100.906439481000177, 13.880887132 ], [ 100.906434776000083, 13.880662914000084 ], [ 100.906402496000055, 13.880223068000134 ], [ 100.906389305000118, 13.879662537 ], [ 100.90639362100012, 13.879488706000132 ], [ 100.90639434100018, 13.879225205000068 ], [ 100.906404415000111, 13.879054128000064 ], [ 100.906394366000086, 13.878527209000083 ], [ 100.906391342, 13.878157217000023 ], [ 100.906374418000041, 13.877490190000117 ], [ 100.906375342000104, 13.877251912000133 ], [ 100.906374197000105, 13.877111766000098 ], [ 100.906345632000125, 13.876775604000159 ], [ 100.9062986510001, 13.876293831 ], [ 100.906311618000188, 13.876293238000073 ], [ 100.906312074000198, 13.876221877000091 ], [ 100.906302951999976, 13.876107248000096 ], [ 100.906299051000133, 13.875629810000021 ], [ 100.906282949, 13.875254318999964 ], [ 100.906263934000151, 13.874522349000188 ], [ 100.906269844000121, 13.873650119000104 ], [ 100.906239831, 13.873166520000154 ], [ 100.906254161000106, 13.873165958000129 ], [ 100.906237388000079, 13.872867326000119 ], [ 100.906238227000074, 13.872779980000132 ], [ 100.906228690000091, 13.872600008000177 ], [ 100.906211147000135, 13.871250492000058 ], [ 100.906204077000098, 13.870384734000027 ], [ 100.906197319000057, 13.86955716500006 ], [ 100.906157304000033, 13.868647101000079 ], [ 100.906129789000147, 13.868469062000145 ], [ 100.906128489000196, 13.868309915000054 ], [ 100.906178798000042, 13.868086698000127 ], [ 100.906169557000055, 13.867659485000047 ], [ 100.906171255, 13.86760324300019 ], [ 100.906180585000072, 13.867294416000107 ], [ 100.906184348000124, 13.867169916000137 ], [ 100.90621949500013, 13.866843264000124 ], [ 100.90625216900014, 13.866698276000022 ], [ 100.906302582000137, 13.866487801000119 ], [ 100.906319686000131, 13.866188455000042 ], [ 100.906327671000156, 13.865570859000059 ], [ 100.906323514000121, 13.865061590000153 ], [ 100.906313207000039, 13.864596929000129 ], [ 100.906326240000169, 13.864596827000128 ], [ 100.906324785000095, 13.86441858400002 ], [ 100.906314368000039, 13.863941196000155 ], [ 100.906277066000143, 13.863362151000103 ], [ 100.906282194000028, 13.862394439000184 ], [ 100.906289072999982, 13.862268989000086 ], [ 100.906256180000014, 13.860803065000141 ], [ 100.906221262000145, 13.860516859000086 ], [ 100.906161532, 13.860383630000115 ], [ 100.90603003200016, 13.860238228000185 ], [ 100.905786625000189, 13.859953644000086 ], [ 100.905661685000155, 13.859814559000029 ], [ 100.905621398000108, 13.859668444000135 ], [ 100.905582076000201, 13.859576380000135 ], [ 100.905604511000035, 13.859436802000118 ], [ 100.905619625000043, 13.859342750000167 ], [ 100.905894150000108, 13.855226551000044 ], [ 100.905765439, 13.854555255000093 ], [ 100.905340606000152, 13.852832661000036 ], [ 100.904685885000049, 13.849982157000056 ], [ 100.904204648000132, 13.848422871000025 ], [ 100.904297390000124, 13.848405584000091 ], [ 100.90671393000008, 13.847955137000042 ], [ 100.908157042000084, 13.84769211400004 ], [ 100.909958007000171, 13.84734966700006 ], [ 100.912127758, 13.846894861000067 ], [ 100.912684786999989, 13.846797639000044 ], [ 100.912659781000059, 13.846717660000081 ], [ 100.912540481000121, 13.846511327000144 ], [ 100.912412752000137, 13.846307035000109 ], [ 100.912284687000124, 13.846116878000089 ], [ 100.912086353000063, 13.845798084000023 ], [ 100.911943217000101, 13.845567471000038 ], [ 100.911839261000011, 13.845387266000102 ], [ 100.911755012000071, 13.845206898000129 ], [ 100.911698671000124, 13.845064826999987 ], [ 100.91160246600009, 13.844869159000154 ], [ 100.91147464400018, 13.844662167000081 ], [ 100.911321257000168, 13.844466866000175 ], [ 100.911032795000096, 13.844134116000191 ], [ 100.910769961000199, 13.843804934000104 ], [ 100.910523258000126, 13.843521846000158 ], [ 100.910348295000119, 13.843334488000096 ], [ 100.910121120000099, 13.843028141000048 ], [ 100.909997710000141, 13.842878897000162 ], [ 100.909786296000107, 13.842572419000021 ], [ 100.909642708000092, 13.84236555800004 ], [ 100.909518891000062, 13.842166246999966 ], [ 100.909406771000192, 13.841951444000074 ], [ 100.909334725000122, 13.84181720000015 ], [ 100.909226794000176, 13.841633167000111 ], [ 100.909098945000153, 13.841422325000053 ], [ 100.908910898000101, 13.841081005000092 ], [ 100.908802631000128, 13.840854610000065 ], [ 100.908677715000124, 13.840520511000079 ], [ 100.908528652000143, 13.840124968000111 ], [ 100.908480315000133, 13.839998245000174 ], [ 100.908427602000131, 13.839817629000152 ], [ 100.908371287000136, 13.839679413000113 ], [ 100.908319390000202, 13.839598938000108 ], [ 100.908271346000163, 13.839506870000093 ], [ 100.908239148000121, 13.839426250000031 ], [ 100.908218717000125, 13.839337815000079 ], [ 100.908190067000078, 13.83920708900007 ], [ 100.908121239000081, 13.838984235000112 ], [ 100.908032641000034, 13.838753838000173 ], [ 100.907952408000028, 13.838581142000066 ], [ 100.907834571000137, 13.838404775000129 ], [ 100.907780720000062, 13.838327200000037 ], [ 100.907678495000198, 13.838282057000129 ], [ 100.90754927800009, 13.838104561000023 ], [ 100.907855180000183, 13.837829461000126 ], [ 100.908131610000112, 13.837591095000164 ], [ 100.908192708000058, 13.83753839700006 ], [ 100.908788269000183, 13.837079264000181 ], [ 100.909072842, 13.836876021000137 ], [ 100.909268901000189, 13.836787083000047 ], [ 100.909410865000041, 13.836680358000024 ], [ 100.909597832000145, 13.836539798000103 ], [ 100.910113318000128, 13.836133721000181 ], [ 100.910450983000089, 13.835860137000111 ], [ 100.910949145000131, 13.835524120000116 ], [ 100.912238321000189, 13.834570110000016 ], [ 100.912985135000156, 13.834013632000165 ], [ 100.913927339000168, 13.833289577000016 ], [ 100.913927384000033, 13.833289542000102 ], [ 100.914471316000117, 13.832841639000094 ], [ 100.914549067000053, 13.832751556 ], [ 100.91483990200004, 13.83255671500018 ], [ 100.914869259000113, 13.832530546000044 ], [ 100.915358314000173, 13.832177118000118 ], [ 100.915642374000186, 13.831912684000088 ], [ 100.916584785000111, 13.831214833000161 ], [ 100.916904553000109, 13.830941381000059 ], [ 100.917739975000131, 13.830288059000054 ], [ 100.918255719000172, 13.829916934000153 ], [ 100.918575555000132, 13.829652226000064 ], [ 100.919153532000109, 13.829236907000109 ], [ 100.919535255000142, 13.828884303000052 ], [ 100.919808537000051, 13.828638167000122 ], [ 100.919908026000201, 13.828531770000097 ], [ 100.920139488000132, 13.828398850000099 ], [ 100.920228781000162, 13.828380676000052 ], [ 100.920433204000119, 13.8282217470001 ], [ 100.92074741800019, 13.827981299000101 ], [ 100.921090953000089, 13.827718397000069 ], [ 100.921434077000072, 13.827461597000138 ], [ 100.921775469000067, 13.827206099000136 ], [ 100.922219994000159, 13.826879222000173 ], [ 100.922895483, 13.826358246000041 ], [ 100.923703986000191, 13.825696380000181 ], [ 100.924227923000103, 13.825237779000133 ], [ 100.924755743999981, 13.824893846 ], [ 100.924779488000183, 13.824875099000167 ], [ 100.924947730000099, 13.82475854 ], [ 100.925046725000186, 13.824688120000076 ], [ 100.925383995, 13.824424592000071 ], [ 100.925561428000037, 13.824248396000087 ], [ 100.925800960000174, 13.82401052400013 ], [ 100.92603206299998, 13.823833907000164 ], [ 100.926574456000196, 13.82344507300013 ], [ 100.926983995000057, 13.823214611000083 ], [ 100.927401683000198, 13.822887937000075 ], [ 100.927561735000097, 13.822773056000074 ], [ 100.927623474000143, 13.822667687000148 ], [ 100.927854422000053, 13.822473585000068 ], [ 100.928398599000047, 13.822096976000068 ], [ 100.928481334000082, 13.82203972700006 ], [ 100.928557003000037, 13.821987351000132 ], [ 100.928965530000141, 13.821634525000093 ], [ 100.929382708000048, 13.821246672000029 ], [ 100.929387851, 13.82125918100013 ], [ 100.929471565000199, 13.821176054999967 ], [ 100.930200826000032, 13.820672115000036 ], [ 100.930485503000057, 13.820486335000112 ], [ 100.931513412000129, 13.819677954000099 ], [ 100.93260957800004, 13.818843922000042 ], [ 100.933682875000102, 13.818054293000159 ], [ 100.933854082000153, 13.817916384 ], [ 100.934289775000082, 13.817607041000088 ], [ 100.934644697000124, 13.817263377000074 ], [ 100.935142060000146, 13.816839917000038 ], [ 100.935276946000101, 13.81672780800011 ], [ 100.935577316000092, 13.816478133000146 ], [ 100.936493204000044, 13.815832879000027 ], [ 100.937364150000178, 13.815161739000075 ], [ 100.938288389000149, 13.814446479000082 ], [ 100.93844191400018, 13.81431372000003 ], [ 100.938501111000164, 13.814267508000114 ], [ 100.938516257000174, 13.814255677000062 ], [ 100.938513220000175, 13.814252056000043 ], [ 100.936944285000152, 13.812386366000055 ], [ 100.934660856000107, 13.809414192000133 ], [ 100.93325969000017, 13.807588974000112 ], [ 100.933080719000031, 13.807358274000023 ], [ 100.932426897000141, 13.806515462000107 ], [ 100.931526610000162, 13.805354943000111 ], [ 100.93146235100005, 13.805264401999978 ], [ 100.931326376000072, 13.805072806000112 ], [ 100.930851890000099, 13.804404244000068 ], [ 100.930782626000052, 13.804454010000086 ], [ 100.930664, 13.804282230000069 ], [ 100.930342853000184, 13.803832993000128 ], [ 100.930185171000062, 13.803621963000069 ], [ 100.929920430000095, 13.803259373000117 ], [ 100.929510496000148, 13.80284894000016 ], [ 100.929267444000118, 13.802415419000056 ], [ 100.929142738000053, 13.802149695000139 ], [ 100.928911591000031, 13.801808612000059 ], [ 100.928468607000184, 13.801441980000106 ], [ 100.928272351000089, 13.801280228000053 ], [ 100.927231708000079, 13.800700571000107 ], [ 100.926465462000067, 13.800303808000081 ], [ 100.925747902000012, 13.799916704 ], [ 100.925592779000056, 13.799831675000178 ], [ 100.924669544000153, 13.799305506000053 ], [ 100.923751376000041, 13.798719428000084 ], [ 100.922652564000089, 13.798081417000105 ], [ 100.922430144000145, 13.797974988000135 ], [ 100.922330529000135, 13.797906996000165 ], [ 100.92201081200011, 13.79767713200016 ], [ 100.921361398000158, 13.797263109000085 ], [ 100.920767978000129, 13.796886740000161 ], [ 100.92018057700011, 13.796564758000159 ], [ 100.919609667000088, 13.796215435000079 ], [ 100.919097553000199, 13.795907531000012 ], [ 100.918574369000055, 13.795603031000041 ], [ 100.917936582000152, 13.795248774000129 ], [ 100.91728178600016, 13.794856553000102 ], [ 100.916789199000164, 13.79455015100018 ], [ 100.916123316000039, 13.794163457000138 ], [ 100.915417843000171, 13.793820300999982 ], [ 100.915396690000136, 13.793808931000115 ], [ 100.915228619000175, 13.793718672000011 ], [ 100.914915260999976, 13.793536054000185 ], [ 100.914305383000169, 13.793187013000022 ], [ 100.913868977000106, 13.792940040000076 ], [ 100.913214105000122, 13.792536917 ], [ 100.912816904000181, 13.792316848000041 ], [ 100.912296397000034, 13.791999768999972 ], [ 100.911847297000179, 13.791754842000046 ], [ 100.911541379000084, 13.791608310000015 ], [ 100.911278318000086, 13.791447069000071 ], [ 100.910691252000163, 13.791163152000138 ], [ 100.910405783999977, 13.790985756000055 ], [ 100.909794635000139, 13.790478869000083 ], [ 100.909636716000136, 13.790235163000034 ], [ 100.90926382900011, 13.789579465000088 ], [ 100.909156389000088, 13.789378918000125 ], [ 100.908986586000196, 13.78904277100014 ], [ 100.908552666000162, 13.788414764000095 ], [ 100.908106547000102, 13.787656212000059 ], [ 100.907733625000162, 13.78699507400006 ], [ 100.907659900000169, 13.786832358000083 ], [ 100.907467430000054, 13.786483421000071 ], [ 100.907445127000074, 13.7864429870001 ], [ 100.907431394000128, 13.786418094000112 ], [ 100.907425913000111, 13.786408151999979 ], [ 100.907298167000192, 13.78617657 ], [ 100.906812191000142, 13.785309473000154 ], [ 100.906416782000179, 13.78462128700005 ], [ 100.906151259000126, 13.784155247 ], [ 100.905794479000122, 13.783423215000028 ], [ 100.905404373000181, 13.782702331000053 ], [ 100.905041573000176, 13.782071089000056 ], [ 100.904799856000125, 13.781634749000034 ], [ 100.90441568000017, 13.780957361000105 ], [ 100.903963800000099, 13.780171633000123 ], [ 100.903649214000154, 13.779595917000051 ], [ 100.903341929000021, 13.779022538000163 ], [ 100.902861866000194, 13.778193485000031 ], [ 100.902754738000056, 13.778031025000075 ], [ 100.902572939000038, 13.777586107000047 ], [ 100.902296388000138, 13.777131045000033 ], [ 100.902240043000177, 13.777049833000092 ], [ 100.901985805000095, 13.776600036000104 ], [ 100.901675453000166, 13.776096242000165 ], [ 100.901155146, 13.775109637000128 ], [ 100.900822433000144, 13.774595132000115 ], [ 100.900754904000109, 13.774508561000118 ], [ 100.900438327000131, 13.773923173000014 ], [ 100.899969734000194, 13.773132115000124 ], [ 100.899641580000036, 13.772492385000135 ], [ 100.899387089000186, 13.772009922000109 ], [ 100.899381263000066, 13.771977310000068 ], [ 100.899064993000195, 13.771430012000053 ], [ 100.898828183000148, 13.771067161000133 ], [ 100.898534145000156, 13.770514246000118 ], [ 100.898319701000162, 13.770006564000084 ], [ 100.898284352000189, 13.769922893000171 ], [ 100.89800808300015, 13.769500477 ], [ 100.897939907000193, 13.769332263000138 ], [ 100.897538763000057, 13.768616887000121 ], [ 100.897069929000168, 13.76779316700015 ], [ 100.896729178000101, 13.767237553000029 ], [ 100.89672125400017, 13.767224640999984 ], [ 100.89671600700018, 13.767212280000138 ], [ 100.896667271000069, 13.767097618999969 ], [ 100.896454784000127, 13.76678007400011 ], [ 100.896262524000065, 13.766416877000154 ], [ 100.895952332000149, 13.765929400000061 ], [ 100.895635289000097, 13.765284124000118 ], [ 100.895397746000071, 13.764828742000077 ], [ 100.895206016000031, 13.76453086000015 ], [ 100.895036737000169, 13.764254569000116 ], [ 100.8948054600001, 13.763886224000089 ], [ 100.894534200000066, 13.763393001000054 ], [ 100.894267992000039, 13.762834423000015 ], [ 100.893956880000076, 13.762232646000086 ], [ 100.893838326000036, 13.762032165000107 ], [ 100.893572773000187, 13.761555232000148 ], [ 100.893161006000128, 13.760899788000074 ], [ 100.892805485999986, 13.760314685000083 ], [ 100.892370576000076, 13.75955056600003 ], [ 100.892206479000095, 13.75922524200007 ], [ 100.891981002000193, 13.758884067 ], [ 100.891822908000051, 13.75861313200005 ], [ 100.891399014000172, 13.757832598000164 ], [ 100.890953067000112, 13.75707945 ], [ 100.890913296000122, 13.756981781000036 ], [ 100.890772001000073, 13.75672159800007 ], [ 100.890619787000105, 13.75648871900006 ], [ 100.890495897000108, 13.756315497000116 ], [ 100.890433336, 13.756152690000079 ], [ 100.890140083000176, 13.755692282000155 ], [ 100.889931448000084, 13.755367304000117 ], [ 100.889530931000024, 13.754722655000137 ], [ 100.889446404000068, 13.754598117000114 ], [ 100.88924960200012, 13.754360132000102 ], [ 100.888956318, 13.75389428699998 ], [ 100.888573115000042, 13.753325705 ], [ 100.888488289000122, 13.753163068000163 ], [ 100.888189177000072, 13.752664608000146 ], [ 100.887986284000078, 13.752361358000087 ], [ 100.887614574000054, 13.751836227000069 ], [ 100.887524399000142, 13.751700847000052 ], [ 100.887394594000114, 13.751484121000033 ], [ 100.886806983000099, 13.750421787999983 ], [ 100.886237053000173, 13.749479069000074 ], [ 100.885847901000147, 13.748861546000057 ], [ 100.885424745000137, 13.748168077000116 ], [ 100.885277930000143, 13.747913376000099 ], [ 100.884804312000199, 13.747176754000066 ], [ 100.884403559000191, 13.746499438000171 ], [ 100.883958659000143, 13.74587145400011 ], [ 100.883873451, 13.745659822000164 ], [ 100.883799584000201, 13.745475322000175 ], [ 100.883377136000092, 13.744868938000081 ], [ 100.882818970000073, 13.744002312000134 ], [ 100.882250149000186, 13.743157989 ], [ 100.882233058000111, 13.743146794999973 ], [ 100.881900484000084, 13.742637683000112 ], [ 100.881562816000041, 13.74218849 ], [ 100.88127464900009, 13.741662716 ], [ 100.880952472, 13.741060997999966 ], [ 100.880608503000076, 13.740519321000022 ], [ 100.88039401900005, 13.740156274000071 ], [ 100.880355136000162, 13.740092122000078 ], [ 100.880229100000179, 13.739884196000105 ], [ 100.880173976000094, 13.739793267000152 ], [ 100.879836493000141, 13.739365845000123 ], [ 100.879633927000043, 13.739100677000067 ], [ 100.879323722000095, 13.738602285000013 ], [ 100.879103856000199, 13.738261050000119 ], [ 100.878833007000082, 13.737877175000051 ], [ 100.878816116000166, 13.737853211000015 ], [ 100.878768065000202, 13.737785106 ], [ 100.878701760000126, 13.737691126000016 ], [ 100.878664593000167, 13.737638446000119 ], [ 100.878401582000151, 13.737243833999969 ], [ 100.878112338000051, 13.736809863000019 ], [ 100.878111872000147, 13.736809152000092 ], [ 100.877616323000098, 13.736051616999987 ], [ 100.877441568000108, 13.735780795000153 ], [ 100.877210220000165, 13.735396099000127 ], [ 100.877046772000142, 13.735146965000126 ], [ 100.876894492000133, 13.734903191 ], [ 100.876779297000155, 13.734690899000043 ], [ 100.87667977000018, 13.734507477000136 ], [ 100.876560685000186, 13.734236232000171 ], [ 100.876487529000144, 13.734138810000104 ], [ 100.876335778000112, 13.733960345000185 ], [ 100.876138580000145, 13.733667920000073 ], [ 100.876091502000179, 13.733580122000092 ], [ 100.876036847000137, 13.733478192000177 ], [ 100.875787733000152, 13.73309969200011 ], [ 100.875619790000201, 13.732844527000054 ], [ 100.875016153999979, 13.731853041000079 ], [ 100.874570655000184, 13.731143387000145 ], [ 100.874474588000112, 13.73096449000019 ], [ 100.874265609000133, 13.730590510000127 ], [ 100.873955203000037, 13.730064893000076 ], [ 100.873628322000116, 13.729566610000177 ], [ 100.873199794000186, 13.728889480000078 ], [ 100.872912314000189, 13.728445337000039 ], [ 100.87243447600008, 13.727678543000025 ], [ 100.871762151000155, 13.726620515000036 ], [ 100.871042351000085, 13.72535019999998 ], [ 100.870565487000079, 13.724581381000064 ], [ 100.870345993000058, 13.724146860000076 ], [ 100.869535353000117, 13.722966756000119 ], [ 100.868886037000038, 13.72191972600001 ], [ 100.868787835000091, 13.721753788000171 ], [ 100.868686659000048, 13.721674068000141 ], [ 100.868626009000195, 13.721611025000129 ], [ 100.86857169600006, 13.721507197000108 ], [ 100.868450032000112, 13.721276355000157 ], [ 100.868151209000132, 13.720713224 ], [ 100.868114235000121, 13.720649833000039 ], [ 100.868093585000167, 13.720604916000127 ], [ 100.867955610000024, 13.720463374000133 ], [ 100.867906462000064, 13.720400541000174 ], [ 100.867872177000152, 13.720347315000026 ], [ 100.867620943000134, 13.720040838000159 ], [ 100.867488866000144, 13.719861801000036 ], [ 100.867434034000041, 13.719739977000074 ], [ 100.867424781000068, 13.719660365000038 ], [ 100.867417358000125, 13.719596465999985 ], [ 100.867401434000044, 13.719459474000018 ], [ 100.86735099800012, 13.719337623000172 ], [ 100.867250435000074, 13.719190316000152 ], [ 100.867064133000099, 13.718969235000031 ], [ 100.866693756000075, 13.718416822999984 ], [ 100.866081515000133, 13.717420558000072 ], [ 100.865412578000132, 13.716336841000043 ], [ 100.865148787000066, 13.715827227000148 ], [ 100.864701094000054, 13.715259171000014 ], [ 100.864422331000185, 13.714746491000085 ], [ 100.864337312000146, 13.714659832999985 ], [ 100.86422615400005, 13.714546533000032 ], [ 100.864136701000177, 13.714368954000179 ], [ 100.863943024000037, 13.713984486000186 ], [ 100.863851812000121, 13.713814539000055 ], [ 100.863727660000166, 13.713544073000037 ], [ 100.863673534000156, 13.71348268100013 ], [ 100.863639110000122, 13.71333170600019 ], [ 100.863486820000162, 13.713116233 ], [ 100.863217855000187, 13.712703813000189 ], [ 100.863054190000071, 13.712429991000079 ], [ 100.863006609000081, 13.712345628000094 ], [ 100.862968963000185, 13.712254899000129 ], [ 100.862856392000197, 13.712128422000092 ], [ 100.862813387000131, 13.71209552300013 ], [ 100.86256680200006, 13.711694160000036 ], [ 100.862372972000173, 13.711436769000159 ], [ 100.862322998000138, 13.711350004000167 ], [ 100.862248229000045, 13.711143552000124 ], [ 100.862233529000093, 13.711103439999988 ], [ 100.862193812999976, 13.710995082000125 ], [ 100.862148931000036, 13.710958712000092 ], [ 100.861847201000103, 13.710435002000111 ], [ 100.86155718100008, 13.709944787000154 ], [ 100.861318772000175, 13.709431040000027 ], [ 100.860869936000142, 13.708794297000168 ], [ 100.860607763000019, 13.70841552100012 ], [ 100.860539205000066, 13.708311562000119 ], [ 100.860317333000182, 13.707999631000121 ], [ 100.86031730600007, 13.707999592000078 ], [ 100.860250571000165, 13.707879558000059 ], [ 100.860128777, 13.707649786000047 ], [ 100.860041614000181, 13.707393786000011 ], [ 100.859926476000055, 13.707245287999967 ], [ 100.859603952000043, 13.706819610000139 ], [ 100.859524742000076, 13.706715061000068 ], [ 100.859401070000104, 13.706502999000122 ], [ 100.859242463000044, 13.706246788000158 ], [ 100.859193704000177, 13.706140991000041 ], [ 100.859098325000048, 13.705934032000016 ], [ 100.858723589000135, 13.705412781000177 ], [ 100.858428698000125, 13.705002596000043 ], [ 100.858331640000074, 13.704777986000124 ], [ 100.858137406000196, 13.704464545000064 ], [ 100.858130437000057, 13.704435631000138 ], [ 100.857916600000067, 13.704040944000099 ], [ 100.857267187000048, 13.702977691000115 ], [ 100.85716560100019, 13.702812910999967 ], [ 100.857087753000144, 13.702684881000039 ], [ 100.856587009000066, 13.701927519000094 ], [ 100.856386528000087, 13.701624300000162 ], [ 100.855961425000032, 13.700895273000128 ], [ 100.855727375000185, 13.700447514000132 ], [ 100.855696942000066, 13.700392367000063 ], [ 100.855492202000164, 13.700021413000115 ], [ 100.855163063000191, 13.69947155 ], [ 100.855163042000129, 13.699471512000173 ], [ 100.855152725000039, 13.699454274000175 ], [ 100.855068558000141, 13.699272504000078 ], [ 100.856368034000184, 13.698760855000103 ], [ 100.856444804000148, 13.698734579000075 ], [ 100.856639051000116, 13.698646547000067 ], [ 100.856794811000043, 13.698575959000095 ], [ 100.857226706000176, 13.698388463000185 ], [ 100.858346069000163, 13.697898987000031 ], [ 100.859043662000033, 13.69758426400017 ], [ 100.859810579000168, 13.69725843700013 ], [ 100.860691963000079, 13.696938138000178 ], [ 100.860718736000081, 13.696925714000031 ], [ 100.860766813000055, 13.696903409000072 ], [ 100.860676246000139, 13.696526304000031 ], [ 100.860598701000185, 13.696173913999985 ], [ 100.860571219000065, 13.696021473000087 ], [ 100.860505212000191, 13.695655312999975 ], [ 100.860406310000144, 13.695106656000178 ], [ 100.860374470000181, 13.694936872000142 ], [ 100.860277697000072, 13.694420880000109 ], [ 100.860130054000024, 13.693573597000068 ], [ 100.860094450000133, 13.693369248000124 ], [ 100.859960658000034, 13.69265218400011 ], [ 100.859852729000124, 13.692089145000182 ], [ 100.859683682000082, 13.691275961000031 ], [ 100.859588719000101, 13.690794748000087 ], [ 100.859428002000016, 13.690002883000034 ], [ 100.859404134000044, 13.68988529600017 ], [ 100.85934736500019, 13.689560424000092 ], [ 100.852115877000131, 13.692472301000066 ], [ 100.840981538, 13.696893622000061 ], [ 100.840346601000135, 13.696860744000162 ], [ 100.837152340999978, 13.698236242000121 ], [ 100.832981592000124, 13.700116636000075 ], [ 100.828845632000082, 13.701802998000176 ], [ 100.828718847000118, 13.701849213000173 ], [ 100.819426401999976, 13.705236070000183 ], [ 100.817198881000195, 13.706031369000186 ], [ 100.809105720000161, 13.708920701000125 ], [ 100.807650406000164, 13.709484048000149 ], [ 100.805549543000154, 13.710297275000187 ], [ 100.800311424000085, 13.712361344000158 ], [ 100.794548593000115, 13.714463680000051 ], [ 100.793749649000119, 13.714712601000087 ], [ 100.793211296000038, 13.714891683000189 ], [ 100.792823443000032, 13.715035490999981 ], [ 100.792167311000128, 13.71524319700012 ], [ 100.791899128000011, 13.715319911999984 ], [ 100.791474163000146, 13.715468261000126 ], [ 100.791031749000126, 13.715621007000152 ], [ 100.790706983000064, 13.715728039000112 ], [ 100.790055264000046, 13.715942116000122 ], [ 100.789198400000032, 13.716189722000024 ], [ 100.787952316000144, 13.716605352000158 ], [ 100.784865098000125, 13.716727607000053 ], [ 100.783357786000124, 13.716618769000092 ], [ 100.782776824, 13.716550620000021 ], [ 100.78189244400005, 13.716540788000145 ], [ 100.781216552000046, 13.716527643000177 ], [ 100.780985611000062, 13.71651335100006 ], [ 100.780787171000156, 13.716480581000042 ], [ 100.780560476000119, 13.716411550000089 ], [ 100.780235465000146, 13.716290796000067 ], [ 100.779826057000037, 13.716109103 ], [ 100.779552563000152, 13.716017604000172 ], [ 100.779375197000036, 13.715996089999976 ], [ 100.779317725000055, 13.715994958000067 ], [ 100.779121007000128, 13.715991081000027 ], [ 100.778706001000103, 13.716006680000135 ], [ 100.778295834000176, 13.716022095000085 ], [ 100.777639683000132, 13.716062060000127 ], [ 100.777489442000046, 13.716071209000063 ], [ 100.776517538000121, 13.716123790000097 ], [ 100.775736085, 13.716160671000011 ], [ 100.775673640000093, 13.716163618000166 ], [ 100.775491968000154, 13.716172194000023 ], [ 100.775194211000155, 13.71618679900007 ], [ 100.774130771000046, 13.716238964000183 ], [ 100.773349950000011, 13.71627648000009 ], [ 100.772415220000141, 13.716312826000092 ], [ 100.772233272, 13.71630272800013 ], [ 100.772198623000065, 13.716295729000024 ], [ 100.772037115000046, 13.716263107000145 ], [ 100.771982786000081, 13.716246074000082 ], [ 100.771866499000112, 13.716209622000065 ], [ 100.771716717000174, 13.716135469000051 ], [ 100.771554985000137, 13.716022645000123 ], [ 100.771289812000134, 13.715796592000174 ], [ 100.771189670000183, 13.715695370000162 ], [ 100.771146489000046, 13.71565172600009 ], [ 100.771134965000158, 13.715644096000176 ], [ 100.771071508000148, 13.715602110000077 ], [ 100.77097795800006, 13.715564026000152 ], [ 100.770947142000182, 13.715559472000109 ], [ 100.770830900000135, 13.715542288000108 ], [ 100.770487986000035, 13.715521946000024 ], [ 100.769645929000092, 13.715477827000029 ], [ 100.768967004000103, 13.715423420000036 ], [ 100.768017504000056, 13.715354992000073 ], [ 100.767152078000038, 13.71530419100003 ], [ 100.76674616400004, 13.715277461000142 ], [ 100.766733412000065, 13.715278093 ], [ 100.76663894700016, 13.715282786000103 ], [ 100.766536578000114, 13.715313149000053 ], [ 100.766425056000116, 13.715366381000024 ], [ 100.766255827000066, 13.715497526000149 ], [ 100.765880742000036, 13.715851266000072 ], [ 100.765614299000106, 13.716078848000109 ], [ 100.765480734000164, 13.71618397300017 ], [ 100.765479854000091, 13.71618466700005 ], [ 100.765373081, 13.716249257000072 ], [ 100.765342055000133, 13.716261649000046 ], [ 100.765175477000184, 13.716328180000119 ], [ 100.765169047000199, 13.71633053100004 ], [ 100.764984799000047, 13.716397931000131 ], [ 100.764934713000173, 13.716414443000076 ], [ 100.764801048000038, 13.716458514000067 ], [ 100.764684660000171, 13.716484414999968 ], [ 100.764514543000075, 13.716497030000028 ], [ 100.764304755000126, 13.71650537000005 ], [ 100.763215728000148, 13.716488067000114 ], [ 100.763047249000124, 13.716487145000031 ], [ 100.762672424000129, 13.716485104000128 ], [ 100.762415966000049, 13.716493202000095 ], [ 100.762392688000091, 13.716493939000088 ], [ 100.762217752000197, 13.716486064000037 ], [ 100.762162801000159, 13.716476803999967 ], [ 100.762101016000088, 13.716466388000185 ], [ 100.762026137000021, 13.716430445000128 ], [ 100.761923053000032, 13.716365069000062 ], [ 100.761717063000049, 13.716257122000115 ], [ 100.761600224000063, 13.716223762000027 ], [ 100.761497505000193, 13.716206252000177 ], [ 100.761100532000114, 13.716185373000087 ], [ 100.760905759000082, 13.716207362000091 ], [ 100.76084160500011, 13.716224493000141 ], [ 100.760776200000066, 13.716250608999985 ], [ 100.760696561000145, 13.716302485000028 ], [ 100.760571237000079, 13.716386745000079 ], [ 100.760499383000194, 13.716427021000015 ], [ 100.760448280000162, 13.716435081000157 ], [ 100.760369586000195, 13.716438201000074 ], [ 100.760161607000157, 13.716442402000155 ], [ 100.759440389000133, 13.716473303000157 ], [ 100.757464217000063, 13.716526020000117 ], [ 100.756637509000029, 13.716547998000181 ], [ 100.755254174000072, 13.716583594000099 ], [ 100.754325480000148, 13.71662239800014 ], [ 100.753584465000017, 13.716622275000191 ], [ 100.753439308, 13.716622245 ], [ 100.753264560000105, 13.71660094300006 ], [ 100.753254698000035, 13.71659797600006 ], [ 100.753139094000062, 13.716563190000045 ], [ 100.752973674000032, 13.716467739000052 ], [ 100.752596352000069, 13.716228867000154 ], [ 100.752225358000089, 13.715954511 ], [ 100.752142663000086, 13.715910011000062 ], [ 100.752083378000066, 13.715910431999987 ], [ 100.750969979000047, 13.716340614999979 ], [ 100.750731381000037, 13.716409097000167 ], [ 100.750522864000118, 13.716455421999967 ], [ 100.750376347000156, 13.716465419000031 ], [ 100.748145780000073, 13.71652152300004 ], [ 100.74616225699998, 13.716535549000128 ], [ 100.744975131, 13.716914061000182 ], [ 100.744351142000141, 13.716921796 ], [ 100.742779200000143, 13.716845929000044 ], [ 100.741220196000086, 13.716849674000116 ], [ 100.739648814000134, 13.716851087000123 ], [ 100.73854690700017, 13.716856424000127 ], [ 100.73746316800009, 13.716872305000095 ], [ 100.736521785000093, 13.71683662099997 ], [ 100.734890483000129, 13.716803372000186 ], [ 100.734629053000162, 13.716796457000044 ], [ 100.734276247000139, 13.716799984999966 ], [ 100.733463631, 13.716795503000128 ], [ 100.73250340300018, 13.716811180000093 ], [ 100.731763799000078, 13.716827649000152 ], [ 100.731303441000193, 13.716830875000028 ], [ 100.730657908000126, 13.716811001 ], [ 100.730592456000068, 13.717131736000169 ], [ 100.730523114000164, 13.717467644000067 ], [ 100.730454728000041, 13.717782396000189 ], [ 100.730449340000121, 13.717782602 ], [ 100.730448517000127, 13.717786121000017 ], [ 100.720358383000189, 13.718170644000168 ], [ 100.716246121000097, 13.718189041000187 ], [ 100.716161886000123, 13.716940540000166 ], [ 100.716159300000072, 13.716898804000095 ], [ 100.71528336900019, 13.716922866000118 ], [ 100.714539322000178, 13.716912461000049 ], [ 100.713143820000198, 13.71684587600015 ], [ 100.709994351000091, 13.716782075000083 ], [ 100.710026288000165, 13.716625559000136 ], [ 100.710074512000062, 13.716209467000169 ], [ 100.7101123650001, 13.715970812000023 ], [ 100.710186366000073, 13.715642209000123 ], [ 100.710237031000077, 13.715444941000158 ], [ 100.710315312000091, 13.714880705000155 ], [ 100.71038986800005, 13.714340829999969 ], [ 100.710416714000132, 13.714130655000076 ], [ 100.710421291000046, 13.714099500000088 ], [ 100.710456389000115, 13.713884378000046 ], [ 100.710470660000169, 13.713584734000165 ], [ 100.71057182200019, 13.712991308000085 ], [ 100.710664463000114, 13.712591274000033 ], [ 100.710759652000093, 13.712088107000056 ], [ 100.71086303300018, 13.711349765000023 ], [ 100.710900808000019, 13.711107932 ], [ 100.710930501000121, 13.710852236 ], [ 100.710974250000049, 13.710324666000076 ], [ 100.711020591000079, 13.709905613000103 ], [ 100.711051751000184, 13.709660577000079 ], [ 100.711084356000129, 13.709456648000184 ], [ 100.711294198000076, 13.708251128000086 ], [ 100.71131714, 13.708086852000179 ], [ 100.711354494000091, 13.707803229000035 ], [ 100.711458744000197, 13.707232439000109 ], [ 100.711516732000177, 13.70703075199998 ], [ 100.711558959000058, 13.706687071999966 ], [ 100.711566830000095, 13.706037200000026 ], [ 100.711637421000148, 13.705708214000026 ], [ 100.711968817000013, 13.704153028000121 ], [ 100.711992268000131, 13.70404294500014 ], [ 100.712041409000165, 13.703675438 ], [ 100.712104016000126, 13.70335108 ], [ 100.712160470000185, 13.702849073000152 ], [ 100.712244779000116, 13.702200454000035 ], [ 100.712341295000101, 13.701522155000134 ], [ 100.71238469300016, 13.701290479000136 ], [ 100.712381350000157, 13.701243924000096 ], [ 100.712374641000054, 13.70122626400007 ], [ 100.712353074000134, 13.701203887000077 ], [ 100.71233164400013, 13.701199207000059 ], [ 100.71231869200011, 13.701198387000147 ], [ 100.712308585000073, 13.701197751000109 ], [ 100.712292710000099, 13.701198452000085 ], [ 100.711093487000085, 13.701201226000137 ], [ 100.710907342000041, 13.70019206000012 ], [ 100.710818111000037, 13.699817708000069 ], [ 100.710573954000154, 13.698435013000108 ], [ 100.710291989000041, 13.696758392000049 ], [ 100.710185323000076, 13.69635707000009 ], [ 100.709989662000169, 13.695167681000157 ], [ 100.710197471000185, 13.695115482000176 ], [ 100.710145312000066, 13.69462505600012 ], [ 100.710134720000042, 13.694502392000061 ], [ 100.710066749000021, 13.693715240000131 ], [ 100.710014923000188, 13.693026103000079 ], [ 100.709971058, 13.692442771000117 ], [ 100.709873894000168, 13.691297152000118 ], [ 100.709845520000101, 13.691027222000116 ], [ 100.709812963000161, 13.690844229 ], [ 100.709805504000201, 13.690809044000048 ], [ 100.709645587000182, 13.690288689000056 ], [ 100.709603671000082, 13.690171025999973 ], [ 100.709583649000194, 13.69011481400014 ], [ 100.709546534000083, 13.690010614000073 ], [ 100.709449424000013, 13.689738035000119 ], [ 100.709275252000168, 13.689229852000096 ], [ 100.709272726000165, 13.68922249000002 ], [ 100.708975951000184, 13.688378916000033 ], [ 100.70895390000004, 13.688317995000091 ], [ 100.708924643000046, 13.688259473000187 ], [ 100.708656606000147, 13.687782302000073 ], [ 100.708613140000125, 13.687704917000133 ], [ 100.708583978000036, 13.687658142000089 ], [ 100.708559585000046, 13.687606638000091 ], [ 100.708493571000076, 13.687439570000151 ], [ 100.708472330000177, 13.687385803000041 ], [ 100.708395567000139, 13.687191525000117 ], [ 100.708380947000194, 13.687154519000103 ], [ 100.708144783000193, 13.686719240000059 ], [ 100.708056973, 13.686536628 ], [ 100.707981257000142, 13.686363332999974 ], [ 100.707902654000122, 13.686146620999978 ], [ 100.707867203000148, 13.686048897000092 ], [ 100.70774147100019, 13.685702271000025 ], [ 100.70770673800007, 13.685606510000184 ], [ 100.707677390000129, 13.685533892000024 ], [ 100.707653005000168, 13.685484735000102 ], [ 100.707484173000068, 13.685165126000072 ], [ 100.707409454000185, 13.685023670000078 ], [ 100.707338785000104, 13.684885568000027 ], [ 100.707316837000064, 13.684838744000047 ], [ 100.70726726200013, 13.684627674000183 ], [ 100.707253730000104, 13.684509974000036 ], [ 100.707246757000121, 13.68444929400016 ], [ 100.707246503000079, 13.684414068000081 ], [ 100.707109779000177, 13.683776092000073 ], [ 100.706997339999987, 13.683175532000121 ], [ 100.706907240000191, 13.682673476000105 ], [ 100.7068062190001, 13.681961223000087 ], [ 100.706785761000162, 13.681816949000051 ], [ 100.706651982000039, 13.680920564000019 ], [ 100.706474651000178, 13.679648652000139 ], [ 100.706459449000192, 13.679538360000095 ], [ 100.706454231000123, 13.679482019000147 ], [ 100.706416788000126, 13.678700319000086 ], [ 100.706412717000035, 13.678615354999977 ], [ 100.706408408000129, 13.678615826000112 ], [ 100.706321068000193, 13.678625376000014 ], [ 100.706291460000045, 13.678628609000043 ], [ 100.706182858000091, 13.678637378000133 ], [ 100.706125530000179, 13.678647794000085 ], [ 100.705529193000132, 13.678786314000035 ], [ 100.705462270000169, 13.678801858000043 ], [ 100.705036061000158, 13.676665413000137 ], [ 100.705034283000032, 13.676657172000091 ], [ 100.704970264000167, 13.676360828000043 ], [ 100.704825991, 13.675708214000053 ], [ 100.704766763000123, 13.675446498999975 ], [ 100.704733048000037, 13.675302350000038 ], [ 100.704695178000122, 13.675140437000096 ], [ 100.704620161000037, 13.674835415000075 ], [ 100.704616408000163, 13.674804219000123 ], [ 100.704616312000155, 13.674790871000084 ], [ 100.704624042000091, 13.674761038000042 ], [ 100.704635806000169, 13.674738950000176 ], [ 100.704651717000161, 13.674719575999973 ], [ 100.704669486000114, 13.674704889000111 ], [ 100.704687295000099, 13.674695062000069 ], [ 100.704994123000063, 13.674576174000038 ], [ 100.705105194000112, 13.674533137000083 ], [ 100.705127302000164, 13.674521602000141 ], [ 100.705143046000046, 13.674510360000056 ], [ 100.70515459500001, 13.674497631000179 ], [ 100.705169329000171, 13.674475199000085 ], [ 100.705177070000047, 13.674446979999971 ], [ 100.705179833000159, 13.67441686300009 ], [ 100.705176988, 13.674396799000021 ], [ 100.705174603000103, 13.674380000000156 ], [ 100.705166422000048, 13.674347037000132 ], [ 100.705116496000187, 13.674216733000037 ], [ 100.704987277000043, 13.673879434000128 ], [ 100.704976080999984, 13.673850211000058 ], [ 100.70495422100015, 13.67379268000002 ], [ 100.704897097000071, 13.673631965000141 ], [ 100.704801001000078, 13.6733504 ], [ 100.704759045000174, 13.673230183000101 ], [ 100.704712521000033, 13.673103175000108 ], [ 100.704664815000172, 13.672976601000073 ], [ 100.704616326000178, 13.672850340000025 ], [ 100.704566341000032, 13.672724674000108 ], [ 100.704532034000124, 13.672643597000103 ], [ 100.704479185000082, 13.672525990000054 ], [ 100.70440621, 13.672370230000126 ], [ 100.704349735000051, 13.672254219000024 ], [ 100.704233841000075, 13.67202841500017 ], [ 100.704207327000177, 13.671976758000085 ], [ 100.704167581000092, 13.671897070000057 ], [ 100.704148353999983, 13.671856934000118 ], [ 100.704114235000134, 13.671782068000141 ], [ 100.704032324000195, 13.671593376000146 ], [ 100.703998935000186, 13.671518206000144 ], [ 100.703964790999976, 13.671445858000027 ], [ 100.703929365000079, 13.671376629000065 ], [ 100.703889460000084, 13.671305333000191 ], [ 100.703844883000045, 13.671232015000157 ], [ 100.703771197000151, 13.671118964000129 ], [ 100.703620707000141, 13.670894572000066 ], [ 100.703549491000103, 13.670784990000016 ], [ 100.703457993000143, 13.67064014500005 ], [ 100.703322080000191, 13.670422084000052 ], [ 100.703254671000025, 13.67031273200007 ], [ 100.703187734000096, 13.670201809 ], [ 100.703120951000187, 13.670088207000049 ], [ 100.703010814000038, 13.669898191000129 ], [ 100.702879780000046, 13.669668278000188 ], [ 100.70277073900013, 13.669471261000126 ], [ 100.702402214000131, 13.668800208000107 ], [ 100.702292358000079, 13.668603646 ], [ 100.702226880000183, 13.668491969000115 ], [ 100.702161118000049, 13.668383703000018 ], [ 100.70207194600016, 13.668240216000186 ], [ 100.701997732000052, 13.668123825 ], [ 100.701929570000118, 13.668016929000089 ], [ 100.701906085000189, 13.6679785070001 ], [ 100.701865138000073, 13.667907322000133 ], [ 100.701824954000131, 13.66783107700013 ], [ 100.701786611000102, 13.667753859000129 ], [ 100.701644048000105, 13.667454778000035 ], [ 100.701593267000078, 13.667350697000188 ], [ 100.70144759599998, 13.667065591000039 ], [ 100.701201712000113, 13.66656524400014 ], [ 100.701143912000077, 13.666450299000132 ], [ 100.701105895000069, 13.666377306000015 ], [ 100.701024629000074, 13.666227729000184 ], [ 100.700856611000063, 13.665927216000114 ], [ 100.700774857000056, 13.665779061000023 ], [ 100.700698916000078, 13.665637727000046 ], [ 100.700561796000102, 13.665375461 ], [ 100.700520949000179, 13.665299475000097 ], [ 100.700479050000183, 13.665225504000148 ], [ 100.700349479000181, 13.665010002000031 ], [ 100.700288418000184, 13.664904806000038 ], [ 100.700057461000199, 13.664493524000136 ], [ 100.700014612000075, 13.664415330000054 ], [ 100.699961716000189, 13.664314421000142 ], [ 100.699911586000098, 13.66421222300005 ], [ 100.699893008000174, 13.664171713000087 ], [ 100.69985735500012, 13.664090017000035 ], [ 100.699806428000102, 13.66396639200002 ], [ 100.699759324000127, 13.663843751000115 ], [ 100.699716565000017, 13.663724388000105 ], [ 100.699619182000049, 13.663445022000076 ], [ 100.699576472000103, 13.663325632000124 ], [ 100.699437701000079, 13.662957455000139 ], [ 100.699392925000097, 13.662833686000113 ], [ 100.699392704000161, 13.662833069000158 ], [ 100.699392488000115, 13.662832448000188 ], [ 100.699349612000162, 13.662709140000118 ], [ 100.699343858000191, 13.662692117 ], [ 100.699307401000112, 13.662584245000176 ], [ 100.699280241000167, 13.662500694000073 ], [ 100.699255655000115, 13.662420298000029 ], [ 100.699233861000096, 13.662343011000075 ], [ 100.699223643000096, 13.662304198000186 ], [ 100.699204037000072, 13.662223319000134 ], [ 100.699186306000115, 13.662142020999966 ], [ 100.699170894000076, 13.662062464000087 ], [ 100.699168637000184, 13.66204946300013 ], [ 100.699137190000158, 13.661868142000174 ], [ 100.699121793000018, 13.661785694000059 ], [ 100.699103912000055, 13.661698651000052 ], [ 100.699084620000065, 13.661611527000161 ], [ 100.699064370000144, 13.661526303000016 ], [ 100.699053551000077, 13.661480742000094 ], [ 100.699031880000121, 13.661394627000163 ], [ 100.698942101000114, 13.661054375000049 ], [ 100.698909467000078, 13.660926557000153 ], [ 100.698879408000153, 13.660796700000162 ], [ 100.69885213900011, 13.660665515000062 ], [ 100.698818855000184, 13.660488607000161 ], [ 100.698780364000129, 13.660267943000179 ], [ 100.69862681, 13.659312579000186 ], [ 100.69859804500004, 13.659139258000152 ], [ 100.698520335000183, 13.658682160000183 ], [ 100.698517184000195, 13.658663602000047 ], [ 100.698490151000158, 13.658490629000028 ], [ 100.698472290000041, 13.658361309000156 ], [ 100.698450293000064, 13.658188645999985 ], [ 100.698435843000141, 13.658062778000044 ], [ 100.698422768, 13.657938690000094 ], [ 100.698403198000165, 13.657731675000093 ], [ 100.698378914000102, 13.657408205000024 ], [ 100.698363678000078, 13.657235824000054 ], [ 100.698341751000157, 13.657016043000056 ], [ 100.698271323000199, 13.65632908300006 ], [ 100.693537272000071, 13.65722235700008 ], [ 100.693030462000081, 13.65731798700017 ], [ 100.693030417000159, 13.657317994999971 ], [ 100.693030372000067, 13.657318004999979 ], [ 100.692940544000123, 13.657338522000032 ], [ 100.69289541500018, 13.657347666000078 ], [ 100.69280494800006, 13.657364577000124 ], [ 100.692218907000154, 13.65746693300008 ], [ 100.691725167000186, 13.657555207000087 ], [ 100.691457048000075, 13.65760546000007 ], [ 100.69114469900012, 13.657665732000055 ], [ 100.689940334000198, 13.657906034000064 ], [ 100.688610539000194, 13.658176798000113 ], [ 100.688477770000134, 13.65820466800011 ], [ 100.688389560000132, 13.658224406000102 ], [ 100.688311934000126, 13.658243443000174 ], [ 100.688244863000136, 13.658261642000184 ], [ 100.688159835000022, 13.658287042000154 ], [ 100.688075242000082, 13.658313958000065 ], [ 100.687695893000011, 13.658439577000081 ], [ 100.687569138000129, 13.658480522000161 ], [ 100.687438328000098, 13.658520904000113 ], [ 100.687044960000094, 13.658639114000152 ], [ 100.686914980000154, 13.65867956000011 ], [ 100.686701657000185, 13.65874888999997 ], [ 100.685977410000021, 13.65898778900015 ], [ 100.685763823000059, 13.659056942000063 ], [ 100.684308394000141, 13.659521018000135 ], [ 100.683171510000022, 13.659879588000138 ], [ 100.682911263999983, 13.659962800000073 ], [ 100.682495381000138, 13.660100302999979 ], [ 100.68220470000017, 13.660197790000154 ], [ 100.682038987000055, 13.660255600000141 ], [ 100.681625348000182, 13.660402743000134 ], [ 100.681453766, 13.66046158100005 ], [ 100.679975674000104, 13.660955516000115 ], [ 100.679758030000073, 13.661027226000044 ], [ 100.679626720000044, 13.661067740000021 ], [ 100.679540243000076, 13.661091461000126 ], [ 100.679454983000142, 13.661112427999967 ], [ 100.679241054999977, 13.661162160000174 ], [ 100.679155869000056, 13.661183366000159 ], [ 100.67911353400018, 13.661194827000145 ], [ 100.679030649000197, 13.66121961000016 ], [ 100.678948345000094, 13.661246383000162 ], [ 100.678825569000082, 13.661288656000181 ], [ 100.678703582000196, 13.661333043000013 ], [ 100.678623037000193, 13.661364491000143 ], [ 100.678583589000141, 13.661380867000048 ], [ 100.678505300000154, 13.661414992000118 ], [ 100.678388729000176, 13.661468161000187 ], [ 100.678272854999989, 13.661522815000069 ], [ 100.678196106000144, 13.661560232000056 ], [ 100.678119441000092, 13.661599315000046 ], [ 100.678042823000169, 13.661640049000027 ], [ 100.677890566000087, 13.661723328000051 ], [ 100.677662990999977, 13.661849742000072 ], [ 100.677516688000082, 13.661932575000094 ], [ 100.677408649000085, 13.6619949090001 ], [ 100.677257149000184, 13.662084477 ], [ 100.677144341000087, 13.662152818999971 ], [ 100.677069940000024, 13.662199452000038 ], [ 100.676996933000112, 13.662247911000065 ], [ 100.676961305000191, 13.662273273000039 ], [ 100.676925642000185, 13.662300269000127 ], [ 100.676890644000139, 13.662328134 ], [ 100.676855280000041, 13.662357775999965 ], [ 100.676822025000035, 13.662385647000065 ], [ 100.676754608000067, 13.662444660000062 ], [ 100.676688038000066, 13.662504683000179 ], [ 100.676614713000106, 13.662573350000059 ], [ 100.676588950000053, 13.662597480000102 ], [ 100.676459108000131, 13.662723277000111 ], [ 100.676425659000131, 13.66275568500015 ], [ 100.676264168000159, 13.662915707000082 ], [ 100.676200720000054, 13.662980828 ], [ 100.676148551000097, 13.663036270000191 ], [ 100.675985096000147, 13.663214725000103 ], [ 100.67596872200005, 13.663231369000073 ], [ 100.675928204000058, 13.663272529000096 ], [ 100.675898682000138, 13.663300083000081 ], [ 100.67586806900016, 13.663326303000076 ], [ 100.675832857000103, 13.663353199000028 ], [ 100.675796142000138, 13.663378109000121 ], [ 100.675758077000125, 13.663401069000088 ], [ 100.675722897000071, 13.663419931000021 ], [ 100.675686842000175, 13.66343735200013 ], [ 100.675645943000063, 13.663455204 ], [ 100.675604375000034, 13.663471876000131 ], [ 100.675562360000185, 13.663487740000051 ], [ 100.675307369000109, 13.663578393000023 ], [ 100.675058087000139, 13.663673767000091 ], [ 100.67484383700014, 13.663753712000016 ], [ 100.6746717380002, 13.663815436000164 ], [ 100.674585070000148, 13.663844215000154 ], [ 100.67454141200011, 13.663857538000116 ], [ 100.674493656000038, 13.663870854000152 ], [ 100.674451821000048, 13.663881455000023 ], [ 100.674367603000178, 13.663900675000036 ], [ 100.674282940000182, 13.663918336000165 ], [ 100.673985647, 13.663976845000093 ], [ 100.673858439000128, 13.66400295700015 ], [ 100.673726622000174, 13.664032190000171 ], [ 100.673435194000035, 13.664099362 ], [ 100.67335824100013, 13.664118436000024 ], [ 100.673319987000184, 13.664128703000074 ], [ 100.673246538000058, 13.664150533000111 ], [ 100.673173919000192, 13.664174883000157 ], [ 100.673137978000113, 13.664188092000074 ], [ 100.673097570000152, 13.664203997000072 ], [ 100.673017499000196, 13.664237921000051 ], [ 100.672937964000084, 13.664273457000149 ], [ 100.672582232000138, 13.66443571200017 ], [ 100.672505336000199, 13.664471884000136 ], [ 100.672467881000046, 13.664490487000137 ], [ 100.672451288000161, 13.664499250000063 ], [ 100.672443946999977, 13.664502591000087 ], [ 100.672300895000092, 13.66457602600002 ], [ 100.672245471999986, 13.664599041000088 ], [ 100.672223320000114, 13.664609156000097 ], [ 100.672215081000047, 13.664623705000167 ], [ 100.67224305700006, 13.664833907000116 ], [ 100.672247681000101, 13.664868690000105 ], [ 100.672255182000129, 13.664925069000049 ], [ 100.672256272000197, 13.664947712000071 ], [ 100.672245320000172, 13.664970427000071 ], [ 100.672235251000131, 13.664987708000183 ], [ 100.672232794000195, 13.664990142000022 ], [ 100.672219609000081, 13.665003216 ], [ 100.672168850000048, 13.665029818000107 ], [ 100.671932128000037, 13.665119737000168 ], [ 100.671847042000081, 13.665151637000122 ], [ 100.671373815000095, 13.665321323000171 ], [ 100.671075374000168, 13.665431270000113 ], [ 100.669339612000101, 13.666085566000049 ], [ 100.669043624000096, 13.666200668000158 ], [ 100.666466526000079, 13.667212900000095 ], [ 100.666482998000163, 13.667247374000056 ], [ 100.666567191000127, 13.667364172000134 ], [ 100.666643449000048, 13.667532413000117 ], [ 100.666738715000122, 13.667754159000026 ], [ 100.666826438000157, 13.667958355 ], [ 100.666907569000045, 13.668169753000086 ], [ 100.666695957000115, 13.668268271999978 ], [ 100.666570356000136, 13.668331685000169 ], [ 100.666485883000121, 13.668378176000033 ], [ 100.666437693000091, 13.66840556600016 ], [ 100.666237475, 13.668523222000147 ], [ 100.666119557000059, 13.668593986000133 ], [ 100.666004965000127, 13.668666001000133 ], [ 100.665892473000099, 13.668739297000172 ], [ 100.664735548000181, 13.669505077999986 ], [ 100.664596607000135, 13.669596230000082 ], [ 100.664494315000013, 13.669661663000113 ], [ 100.664377899000158, 13.669732937000106 ], [ 100.664256239000053, 13.669804750000139 ], [ 100.663466914000196, 13.670252342000026 ], [ 100.663348327000051, 13.670325756000068 ], [ 100.66326884700004, 13.670381096000028 ], [ 100.663199196000051, 13.670439108000039 ], [ 100.663080833000151, 13.670544033999988 ], [ 100.66305150300019, 13.670570941 ], [ 100.662960923000185, 13.670654037000133 ], [ 100.662337236000155, 13.671266356999979 ], [ 100.662327915, 13.671273889000076 ], [ 100.662284686000078, 13.671304323000129 ], [ 100.66224979500015, 13.671323745000109 ], [ 100.662213472000076, 13.671339056000079 ], [ 100.662181314000065, 13.671348867000063 ], [ 100.662154722000139, 13.671353151000062 ], [ 100.662121069000136, 13.671349271000111 ], [ 100.662004479000075, 13.671335328999987 ], [ 100.661914920000015, 13.671324615 ], [ 100.661870069000145, 13.6713235470001 ], [ 100.661828068000148, 13.671327941000129 ], [ 100.661797290000095, 13.671334998000077 ], [ 100.661644907000152, 13.671383977000119 ], [ 100.661608584000078, 13.671399288000089 ], [ 100.66157929200017, 13.671418672000073 ], [ 100.661324291000085, 13.671591847000116 ], [ 100.661196405000169, 13.671678698000107 ], [ 100.661186028000145, 13.671685748000129 ], [ 100.661149729000044, 13.67170379800001 ], [ 100.661124557000107, 13.67171082200008 ], [ 100.661119815000063, 13.671711367000057 ], [ 100.661099355000147, 13.671713729000032 ], [ 100.661072700000148, 13.671709795000083 ], [ 100.661045993000187, 13.67169764300013 ], [ 100.661023429000068, 13.671677243000033 ], [ 100.660932189000164, 13.671557312000175 ], [ 100.660666436000099, 13.671207992000063 ], [ 100.660620707000135, 13.671145140000021 ], [ 100.660408953000058, 13.670851035000112 ], [ 100.660365570000124, 13.670790777999969 ], [ 100.659988230000124, 13.670266699000081 ], [ 100.659917214000131, 13.670179829000176 ], [ 100.65990135800007, 13.670166578000021 ], [ 100.659885545000066, 13.670159485000056 ], [ 100.65986768200014, 13.670159605000094 ], [ 100.65984774500015, 13.670163851999973 ], [ 100.659825741000134, 13.670173248000026 ], [ 100.659750111000051, 13.670218286000022 ], [ 100.659631841000078, 13.670288712 ], [ 100.659534716999985, 13.670346548000168 ], [ 100.659515694000106, 13.670357876000025 ], [ 100.659380806000172, 13.670441654000058 ], [ 100.659165917000053, 13.670575111000176 ], [ 100.659077480000121, 13.670629078000104 ], [ 100.658586138000146, 13.67092890400005 ], [ 100.658543470000154, 13.67095522000011 ], [ 100.657646181000075, 13.671512284000187 ], [ 100.657593792000114, 13.671544807000089 ], [ 100.657556107000062, 13.671565609000083 ], [ 100.657539596000049, 13.671573822000141 ], [ 100.657525386000088, 13.671580889000097 ], [ 100.657412619000127, 13.671625875000075 ], [ 100.657205845000078, 13.671708362000061 ], [ 100.657117166000091, 13.671741763000057 ], [ 100.656992763000176, 13.671787173000098 ], [ 100.656798929000161, 13.671855483000058 ], [ 100.655693222000025, 13.672267255 ], [ 100.65566665700004, 13.672275651000177 ], [ 100.655644272000075, 13.672279907000188 ], [ 100.655502830000103, 13.672291815000108 ], [ 100.655469876000041, 13.672292036000044 ], [ 100.655465000000163, 13.672292068000047 ], [ 100.655435536000198, 13.672286784000107 ], [ 100.655410240000094, 13.67227599600011 ], [ 100.655390595000142, 13.672261111000068 ], [ 100.655390557000146, 13.672261082000148 ], [ 100.65539052400004, 13.672261049000042 ], [ 100.655374975000086, 13.672241973000041 ], [ 100.655315207000115, 13.672120402000019 ], [ 100.655166317000067, 13.671817569000098 ], [ 100.655083865000165, 13.671634689000086 ], [ 100.655015035000133, 13.671482041000047 ], [ 100.65497833400002, 13.671400645000062 ], [ 100.65492416799998, 13.671278868000059 ], [ 100.654825636, 13.671052079000049 ], [ 100.654791242000044, 13.670977253000046 ], [ 100.654772972000103, 13.670939614000019 ], [ 100.654735027000072, 13.670865006999975 ], [ 100.6546956910002, 13.670791087999987 ], [ 100.654655146000152, 13.670717799000101 ], [ 100.654587072000197, 13.670598658000074 ], [ 100.654572441000141, 13.670573050000087 ], [ 100.654532736000135, 13.670499919000179 ], [ 100.654504417000169, 13.670442362000131 ], [ 100.65449425200012, 13.670421697999984 ], [ 100.654421456000136, 13.670263470000066 ], [ 100.654402459000096, 13.670224284000028 ], [ 100.654367948000186, 13.670158082000057 ], [ 100.654329427000107, 13.670089327000142 ], [ 100.65422840400015, 13.669914343000016 ], [ 100.654166927000119, 13.669804912000131 ], [ 100.654106960000092, 13.669694711000147 ], [ 100.654068544000097, 13.669620499000075 ], [ 100.654051105000178, 13.669585169000129 ], [ 100.654017442000111, 13.669513948000031 ], [ 100.653969487000154, 13.669406014000174 ], [ 100.653939546000061, 13.669333709000114 ], [ 100.653868651000153, 13.669156233000024 ], [ 100.653868336000016, 13.669155489000104 ], [ 100.653792329000055, 13.668975678000095 ], [ 100.653792310000142, 13.668975634000105 ], [ 100.653792291000059, 13.66897558800008 ], [ 100.653778669000189, 13.668941625 ], [ 100.653768681000031, 13.668913905000011 ], [ 100.653759723, 13.668886309000072 ], [ 100.653755849000049, 13.668874384000048 ], [ 100.65374422300016, 13.66883445700006 ], [ 100.653733480000085, 13.66879422400018 ], [ 100.653713759000141, 13.668713156000024 ], [ 100.653667573000064, 13.668509295000149 ], [ 100.653647752000097, 13.66842807800009 ], [ 100.653625923000163, 13.668348859 ], [ 100.653613915000051, 13.668309588000056 ], [ 100.653601005000041, 13.668270607000125 ], [ 100.653591340000048, 13.668243872000119 ], [ 100.653585937000059, 13.668228920000104 ], [ 100.653569905000154, 13.668187557000181 ], [ 100.653535880000049, 13.668105473000139 ], [ 100.653482040000029, 13.667983330000027 ], [ 100.653378308000185, 13.667754899000045 ], [ 100.653326680000191, 13.667635443000108 ], [ 100.653277629000115, 13.667515043000094 ], [ 100.653247283000098, 13.66743396600009 ], [ 100.653232993000131, 13.667392415000108 ], [ 100.65320628600017, 13.667308692000177 ], [ 100.653169260000084, 13.667182157000127 ], [ 100.653135388000123, 13.667054805000021 ], [ 100.653095755000152, 13.666892131000111 ], [ 100.653084638000053, 13.66685002100013 ], [ 100.653060990000199, 13.666766137000138 ], [ 100.65301062900005, 13.666599113000188 ], [ 100.652958016000014, 13.666432756000177 ], [ 100.652930530000049, 13.66635001800006 ], [ 100.652901433000068, 13.666267891000132 ], [ 100.652885912000102, 13.666227213000127 ], [ 100.652860054000087, 13.666164299000059 ], [ 100.652801339000121, 13.666030211000191 ], [ 100.652788761000181, 13.665999929000179 ], [ 100.652765388000091, 13.665938702000176 ], [ 100.65275116000015, 13.665896956999973 ], [ 100.652737922000142, 13.665854844000137 ], [ 100.652713445000131, 13.665769940000075 ], [ 100.652679360000093, 13.665641646000097 ], [ 100.652592186000163, 13.665298220000125 ], [ 100.652538668000147, 13.665083356000082 ], [ 100.652518145000158, 13.664997217000177 ], [ 100.652498856000079, 13.664911891000031 ], [ 100.652406899000198, 13.664484200000061 ], [ 100.652387628000099, 13.664400109000155 ], [ 100.652357864000123, 13.664270205000037 ], [ 100.652326118000133, 13.664138268000045 ], [ 100.652317036000113, 13.664100548000135 ], [ 100.652295681000055, 13.664017920000049 ], [ 100.65228412100015, 13.663976889000082 ], [ 100.652271615000188, 13.663936174000014 ], [ 100.652260112000192, 13.663901984000063 ], [ 100.652247788000068, 13.663868073000174 ], [ 100.652220973000055, 13.663801016000036 ], [ 100.652190963000066, 13.663734158000182 ], [ 100.652150912000025, 13.663644927000178 ], [ 100.65211655100012, 13.663566525000078 ], [ 100.652083137000034, 13.663487683000142 ], [ 100.652069436000033, 13.663454364000131 ], [ 100.652000560000033, 13.663286907000042 ], [ 100.651968795000187, 13.663212927000131 ], [ 100.651917919000027, 13.663100095000061 ], [ 100.651807539000174, 13.662865192000027 ], [ 100.651797784000166, 13.662843604000045 ], [ 100.651771950000125, 13.662786427000185 ], [ 100.651754874000119, 13.662746757000093 ], [ 100.65172148500011, 13.662663900000098 ], [ 100.651689798000064, 13.662580360000106 ], [ 100.651651121000157, 13.662474429000156 ], [ 100.651582482000094, 13.662286481000024 ], [ 100.651535432000117, 13.662161513000171 ], [ 100.651438053000106, 13.661915224000154 ], [ 100.651273083000149, 13.661505716000022 ], [ 100.651206718000083, 13.66134608800013 ], [ 100.651176366000072, 13.661276627000177 ], [ 100.651125750000119, 13.661160818000099 ], [ 100.651101606000111, 13.661107769000012 ], [ 100.651075471000127, 13.661050364000175 ], [ 100.650954998000032, 13.660795571000165 ], [ 100.650921897000046, 13.660721626000168 ], [ 100.650890277000087, 13.660646516000156 ], [ 100.650875130000031, 13.660608731000139 ], [ 100.650846554000111, 13.66053262000014 ], [ 100.650833424000098, 13.660494239000059 ], [ 100.650821385000086, 13.660455541999966 ], [ 100.650813896000102, 13.660428802000069 ], [ 100.650798302000055, 13.660363267999969 ], [ 100.650783687000171, 13.660285307000038 ], [ 100.650777511000172, 13.660246060000077 ], [ 100.650767078000115, 13.660167197000021 ], [ 100.650758666000115, 13.66008049200002 ], [ 100.650753565000173, 13.65999336800013 ], [ 100.650752230000137, 13.659927395000068 ], [ 100.650753743000166, 13.659747896000056 ], [ 100.650753266000038, 13.659702784000046 ], [ 100.650751689000174, 13.659657776000074 ], [ 100.650749299000154, 13.659620490000179 ], [ 100.65074582800014, 13.659583413 ], [ 100.650741140000093, 13.659546670000111 ], [ 100.650735012000155, 13.659510396000144 ], [ 100.650035038000112, 13.654726452000091 ], [ 100.649709981000171, 13.652504770000121 ], [ 100.648504166000123, 13.652783624000051 ], [ 100.645970778000105, 13.653369487000134 ], [ 100.64480773300005, 13.653638436000108 ], [ 100.644210424000107, 13.653785552000045 ], [ 100.640758193000011, 13.654635846000019 ], [ 100.639944252000078, 13.653459837000185 ], [ 100.639847992000114, 13.653343220000181 ], [ 100.6398303900001, 13.653322846000094 ], [ 100.639576644000044, 13.652969982000059 ], [ 100.638855056000068, 13.652003727000135 ], [ 100.638321705000067, 13.6512737810001 ], [ 100.636457503000202, 13.648722389000056 ], [ 100.636277975000041, 13.64850280700017 ], [ 100.634057497000185, 13.648684567000089 ], [ 100.632924781000099, 13.648844289000181 ], [ 100.632335080000075, 13.649012140000139 ], [ 100.631023890000108, 13.649344821000057 ], [ 100.630494851000094, 13.649482434000163 ], [ 100.630577254000116, 13.649761298000101 ], [ 100.630888458000072, 13.650814368000056 ], [ 100.628522402000101, 13.651654333000181 ], [ 100.627601918000096, 13.652050681000105 ], [ 100.626968484000088, 13.652328370000077 ], [ 100.62610739500019, 13.652623182000127 ], [ 100.62477974900014, 13.653057815000125 ], [ 100.624137857000107, 13.653269129000023 ], [ 100.623906720000093, 13.65336051100013 ], [ 100.623552148000044, 13.653515231000142 ], [ 100.623001836000185, 13.653679044000114 ], [ 100.62266680800019, 13.653771114000051 ], [ 100.622240065000142, 13.65389113700013 ], [ 100.621709975000158, 13.654089983000063 ], [ 100.620924843000182, 13.654392094000116 ], [ 100.62066959800012, 13.654464106000034 ], [ 100.620163050000144, 13.654600271 ], [ 100.619828048000102, 13.654696247000118 ], [ 100.619357957000034, 13.654906419000099 ], [ 100.619059082000092, 13.655025602000137 ], [ 100.618634088000078, 13.655197601000054 ], [ 100.618837292000023, 13.655718879 ], [ 100.617843389000143, 13.656061254 ], [ 100.616373793000037, 13.652675052000177 ], [ 100.613918681000143, 13.653609341000106 ], [ 100.610547409000048, 13.654975488000048 ], [ 100.608212200000196, 13.655920670000114 ], [ 100.60871647, 13.657214762000081 ], [ 100.606789936000155, 13.657944757000166 ], [ 100.606492373000094, 13.658053614000039 ], [ 100.606351476999976, 13.658110894000117 ], [ 100.60605085300017, 13.65823311000014 ], [ 100.605561774000137, 13.658477132000087 ], [ 100.605551900000194, 13.658448878000058 ], [ 100.605469522000135, 13.658236368000019 ], [ 100.605424470000116, 13.658124112000166 ], [ 100.605336626000167, 13.657916600000078 ], [ 100.603513728000109, 13.65840122000003 ], [ 100.602809619000027, 13.656506618000094 ], [ 100.60132409400012, 13.657032419000188 ], [ 100.600436326000079, 13.657379267000067 ], [ 100.600690566000139, 13.658008678000044 ], [ 100.600288336000062, 13.658155616000101 ], [ 100.60024767200008, 13.658185184000047 ], [ 100.600232687000187, 13.658210536000013 ], [ 100.600221135000083, 13.658252267000023 ], [ 100.600451586000077, 13.659219587000109 ], [ 100.600462419000166, 13.659415084000045 ], [ 100.600455036000199, 13.659436600000049 ], [ 100.600447091000149, 13.659452452000096 ], [ 100.600439640000161, 13.659463851999988 ], [ 100.600416569000117, 13.659470780000049 ], [ 100.59997420000019, 13.659579799000085 ], [ 100.599425120000035, 13.659713304000036 ], [ 100.599012881000135, 13.659835730000054 ], [ 100.598707903000104, 13.659928069000102 ], [ 100.598456069000065, 13.660022378 ], [ 100.598341387000175, 13.660068277 ], [ 100.597769555000127, 13.660339754000177 ], [ 100.597197250000079, 13.660542301000135 ], [ 100.59665522, 13.660692667000149 ], [ 100.596658087000151, 13.660702958 ], [ 100.596733693000033, 13.660974704000125 ], [ 100.596754692000104, 13.66105020100008 ], [ 100.596320230000174, 13.661169315000166 ], [ 100.59652883800004, 13.662150586000052 ], [ 100.592102526000076, 13.663807903000134 ], [ 100.591620087000081, 13.663998332 ], [ 100.590445149000175, 13.664454428999989 ], [ 100.589628631000153, 13.664770403000034 ], [ 100.589056448000122, 13.664995520000105 ], [ 100.588239944000065, 13.66531035100013 ], [ 100.587683289000097, 13.665525223000145 ], [ 100.587195276000159, 13.665721524000105 ], [ 100.586950949000084, 13.665815775 ], [ 100.585859609000011, 13.666247571000042 ], [ 100.585135212000068, 13.666521100000011 ], [ 100.583929746000138, 13.666990957999985 ], [ 100.583876153000062, 13.66701276900011 ], [ 100.582945522000045, 13.667373481000141 ], [ 100.582914987000095, 13.66738611400018 ], [ 100.582647582000106, 13.667488382000101 ], [ 100.58210260300001, 13.667705587000057 ], [ 100.581350825000186, 13.668041276000054 ], [ 100.579458378000197, 13.669222685000022 ], [ 100.580173286, 13.670155535000106 ], [ 100.580762183000161, 13.670817077000095 ], [ 100.581054844000107, 13.671156606000068 ], [ 100.581916634000038, 13.672188740000024 ], [ 100.583326114000101, 13.673931235000055 ], [ 100.584152797, 13.674991324000075 ], [ 100.584957218000056, 13.676080526000135 ], [ 100.585825364000129, 13.677305749000027 ], [ 100.586000855000179, 13.677553414000158 ], [ 100.586507163000135, 13.678299300000049 ], [ 100.58675267700005, 13.678676541000073 ], [ 100.586990272000037, 13.679058141000041 ], [ 100.587216825000041, 13.679445742000041 ], [ 100.587417852999977, 13.679817875000026 ], [ 100.587608482000064, 13.680195581000191 ], [ 100.587966535000078, 13.680963067999983 ], [ 100.587980319000167, 13.680995323000104 ], [ 100.588299572000039, 13.681742402 ], [ 100.588456287000099, 13.682135993000145 ], [ 100.588604778000047, 13.682532445999982 ], [ 100.588737643000115, 13.682914864000054 ], [ 100.588769839000122, 13.683015013000045 ], [ 100.588861416000157, 13.683299868000063 ], [ 100.588975775000108, 13.683687147000057 ], [ 100.589079536000099, 13.684076583000149 ], [ 100.589170518000174, 13.684468225000046 ], [ 100.589253223000128, 13.684904794000033 ], [ 100.589314913000123, 13.685343654000064 ], [ 100.589352256000097, 13.685784315000035 ], [ 100.589362151000103, 13.686155864000114 ], [ 100.589354489000186, 13.686527922000039 ], [ 100.589331676000143, 13.68689998300016 ], [ 100.58929504300005, 13.687271536000083 ], [ 100.58924491099998, 13.687642024000183 ], [ 100.589173879000157, 13.688049271000011 ], [ 100.589088405000041, 13.68845426200005 ], [ 100.588990022000132, 13.688856614000144 ], [ 100.588878974000181, 13.689255690000095 ], [ 100.58875426700007, 13.689650555000185 ], [ 100.588613627000143, 13.690039910000166 ], [ 100.588451153000051, 13.690431099000136 ], [ 100.588272532000076, 13.690815879000127 ], [ 100.588080674000196, 13.691194877000044 ], [ 100.587877190000086, 13.691568184000118 ], [ 100.5876624980001, 13.691935320000141 ], [ 100.587435872000128, 13.692295221000165 ], [ 100.587195418000135, 13.692646165000042 ], [ 100.586951675000137, 13.692970984000056 ], [ 100.586696075000134, 13.693287613000052 ], [ 100.586431202000142, 13.693597603000114 ], [ 100.585880128000042, 13.694201268000029 ], [ 100.58536510600004, 13.694723319000161 ], [ 100.585304899000164, 13.694784349000031 ], [ 100.585004888000071, 13.695070418 ], [ 100.584699808000096, 13.695351580000022 ], [ 100.583919530000173, 13.69609611900006 ], [ 100.582806472000073, 13.696971649000034 ], [ 100.582468058000188, 13.69724034800015 ], [ 100.582101866000073, 13.69753195100003 ], [ 100.581899263000082, 13.697676405999971 ], [ 100.580374171000187, 13.698763754000083 ], [ 100.580010378000054, 13.698995066 ], [ 100.57963868600018, 13.699216030000173 ], [ 100.578879443000176, 13.699633094000035 ], [ 100.577717870000072, 13.700222374000134 ], [ 100.576541411000164, 13.700786048000055 ], [ 100.575356041000134, 13.701332985000079 ], [ 100.575056099000165, 13.701468452000029 ], [ 100.573373191000201, 13.702228522000041 ], [ 100.572176632000037, 13.702748724000116 ], [ 100.571370945000069, 13.70307578600017 ], [ 100.569683712000199, 13.703677746000039 ], [ 100.568406233000132, 13.704100347000121 ], [ 100.567125009000165, 13.704514554000184 ], [ 100.566268839000202, 13.704785654000034 ], [ 100.565409636000084, 13.705048041000168 ], [ 100.56455945600004, 13.705289350000157 ], [ 100.563907168000071, 13.705456094000112 ], [ 100.563295735000054, 13.705612391000159 ], [ 100.562448014000154, 13.70580841900005 ], [ 100.562022439000032, 13.705898569000055 ], [ 100.561166827000079, 13.706053853000071 ], [ 100.560725957000045, 13.706115276000105 ], [ 100.560283482000102, 13.706164747 ], [ 100.559839923000084, 13.706203358000096 ], [ 100.559395795000114, 13.706231044999981 ], [ 100.558951606000051, 13.706246530000158 ], [ 100.558507950000092, 13.706247217000112 ], [ 100.558065569000178, 13.706228978000127 ], [ 100.557156340000176, 13.70612123899997 ], [ 100.556706869000038, 13.706036881000102 ], [ 100.556262544000106, 13.705933308000169 ], [ 100.55582550400004, 13.705808688000161 ], [ 100.554867192000131, 13.705483354000023 ], [ 100.554505209000126, 13.705224463000036 ], [ 100.553500626000073, 13.704505959000073 ], [ 100.552981614000089, 13.703951761000042 ], [ 100.552749983000183, 13.703649067000072 ], [ 100.552535788000171, 13.703332794000119 ], [ 100.552339850000124, 13.703004223 ], [ 100.552139816000079, 13.702615484000091 ], [ 100.55196217800011, 13.702215041000102 ], [ 100.551804895000146, 13.701805616000058 ], [ 100.5516681040001, 13.701388885000085 ], [ 100.551554051000039, 13.700965629999985 ], [ 100.551463819, 13.700526696999987 ], [ 100.551398431000109, 13.700082983000073 ], [ 100.551356685000201, 13.699635925 ], [ 100.551339325000185, 13.699243895000109 ], [ 100.551336492000019, 13.698850688000164 ], [ 100.551362525000172, 13.698062643000071 ], [ 100.55141974300011, 13.697274563000065 ], [ 100.551505754000175, 13.696474667000132 ], [ 100.551536899000041, 13.696244403000094 ], [ 100.551615472000037, 13.69566353600004 ], [ 100.551800076, 13.694449959999986 ], [ 100.552201276000176, 13.691943067000182 ], [ 100.552334326000164, 13.691050224000094 ], [ 100.552393389000201, 13.690603187000136 ], [ 100.552488046000121, 13.689724858000034 ], [ 100.552554266000072, 13.688844987000152 ], [ 100.55257459600017, 13.688404698000056 ], [ 100.552583705000131, 13.68796425 ], [ 100.552579542000046, 13.687515378000171 ], [ 100.55256432900012, 13.687066422000157 ], [ 100.5525116660001, 13.686168371 ], [ 100.552441212000133, 13.685283513000172 ], [ 100.552358763000143, 13.684412242000121 ], [ 100.552261580000049, 13.68354217100017 ], [ 100.552207117000023, 13.683119847 ], [ 100.552086078000059, 13.682276687000069 ], [ 100.551951742000142, 13.681435624000017 ], [ 100.551801527000066, 13.68059804100011 ], [ 100.55171750300002, 13.680181498000024 ], [ 100.551624720000063, 13.679767288 ], [ 100.551520060000144, 13.679356332000111 ], [ 100.55139602800017, 13.678934523000123 ], [ 100.551257708000094, 13.678517029000034 ], [ 100.551198748, 13.678355619000172 ], [ 100.551160370000048, 13.678250566000088 ], [ 100.551106749000155, 13.678103777000103 ], [ 100.550943510000195, 13.677695153000059 ], [ 100.550767125999982, 13.677292032000025 ], [ 100.550575413000047, 13.676895832000127 ], [ 100.550374138000166, 13.676521475000129 ], [ 100.550300806000166, 13.676395754000112 ], [ 100.550159546000032, 13.676153549000048 ], [ 100.5499640970001, 13.675845432000074 ], [ 100.549701916000174, 13.675432104000151 ], [ 100.549216397000066, 13.674726626000052 ], [ 100.548963982000032, 13.674380437000082 ], [ 100.548704066000198, 13.674039919000165 ], [ 100.54735958100008, 13.672606121000172 ], [ 100.547356679000188, 13.672603031000108 ], [ 100.545923545000107, 13.671397001000116 ], [ 100.545560837000096, 13.67115813300012 ], [ 100.545191255000077, 13.670928489000119 ], [ 100.544815587000073, 13.670707742000047 ], [ 100.544434006000188, 13.670496515000082 ], [ 100.544091502000128, 13.670318454000153 ], [ 100.543394669000122, 13.669985372000156 ], [ 100.543041088000052, 13.669830384000079 ], [ 100.54268408900009, 13.669684243000177 ], [ 100.542323367000108, 13.66954868300013 ], [ 100.541897224000081, 13.669406051000067 ], [ 100.541466619000062, 13.669279495000069 ], [ 100.541032561000065, 13.669168824000053 ], [ 100.540595709000172, 13.669075567000107 ], [ 100.54015640200015, 13.669003087000135 ], [ 100.539714727999979, 13.668956786000138 ], [ 100.53931803200004, 13.668941674000109 ], [ 100.538920031000032, 13.668947967000179 ], [ 100.538521347000085, 13.668971521000174 ], [ 100.538122540000074, 13.669009509000148 ], [ 100.53772417000016, 13.669060293000086 ], [ 100.537326806000124, 13.669123342000034 ], [ 100.536937422000051, 13.669197171 ], [ 100.536549599000011, 13.669280956000136 ], [ 100.535778988000118, 13.669472997000128 ], [ 100.535396750000132, 13.669580404000044 ], [ 100.535017159000063, 13.669696019000071 ], [ 100.534640932000116, 13.669821182000078 ], [ 100.534209277, 13.669979961000138 ], [ 100.53378265300006, 13.670151410000187 ], [ 100.533360789000142, 13.670333807000077 ], [ 100.532943869000121, 13.67052663700008 ], [ 100.532532627000194, 13.670730560000152 ], [ 100.532179314000189, 13.67091820100012 ], [ 100.531485474000135, 13.671315984000103 ], [ 100.530806873000074, 13.67173815000001 ], [ 100.530473764000135, 13.671958272000154 ], [ 100.530145681000079, 13.672185374000094 ], [ 100.529791110000133, 13.672444159000122 ], [ 100.529097088000071, 13.67298199600009 ], [ 100.5288485640001, 13.673185448000083 ], [ 100.528077548999988, 13.673816612000053 ], [ 100.527073130000133, 13.67466900800008 ], [ 100.526085011000191, 13.675542972000073 ], [ 100.525435322000135, 13.676140605000057 ], [ 100.523401157000137, 13.677882705000115 ], [ 100.521249057000091, 13.676480206000178 ], [ 100.521199422000166, 13.676447858000188 ], [ 100.520904596000094, 13.676156709000168 ], [ 100.520436060000065, 13.675693994000142 ], [ 100.520410683000136, 13.675662962000047 ], [ 100.520401051000078, 13.675643335000132 ], [ 100.520395606000079, 13.675627700000177 ], [ 100.520385303000182, 13.675580801000081 ], [ 100.520384790000037, 13.675571191000188 ], [ 100.52038302200009, 13.675537755000107 ], [ 100.520392720000189, 13.675488772000051 ], [ 100.520404953000025, 13.675446723 ], [ 100.520436363000158, 13.675338763000127 ], [ 100.520453976000113, 13.675278258000048 ], [ 100.520465167000054, 13.675239789000102 ], [ 100.520486807000054, 13.675180944000147 ], [ 100.520504578000043, 13.675143653000191 ], [ 100.520534368000199, 13.675108249000061 ], [ 100.520572249000054, 13.675084536000156 ], [ 100.520615919000079, 13.675072465000142 ], [ 100.520717061000084, 13.67506059800013 ], [ 100.520741390000069, 13.675057739000181 ], [ 100.520766294000168, 13.67506147 ], [ 100.521289479000018, 13.675139904000105 ], [ 100.521300658000143, 13.675140295000062 ], [ 100.521317472000135, 13.67514088900009 ], [ 100.521413456000062, 13.675144254000145 ], [ 100.521570900000143, 13.675119073000076 ], [ 100.521627085000091, 13.675103315 ], [ 100.521668653000177, 13.675089845000173 ], [ 100.5217337750002, 13.675064128000088 ], [ 100.521738219000042, 13.675061647000121 ], [ 100.521769675000144, 13.675044090000029 ], [ 100.521788701000162, 13.675026362000153 ], [ 100.521802106000109, 13.675010876000101 ], [ 100.52181597100008, 13.674986797000145 ], [ 100.521819926000148, 13.674979941000117 ], [ 100.521820522000041, 13.674978586000123 ], [ 100.521833239999978, 13.674950137000167 ], [ 100.521866532000104, 13.674814818000073 ], [ 100.521906747000116, 13.674651359000109 ], [ 100.521924354000078, 13.674588505000088 ], [ 100.521934904000091, 13.674545882000189 ], [ 100.521937297000193, 13.674536210999975 ], [ 100.5219704430001, 13.674402191000127 ], [ 100.521979068000178, 13.674343788000158 ], [ 100.521978722000142, 13.674289854000108 ], [ 100.521967092000068, 13.67423048 ], [ 100.521910669000079, 13.674034882000171 ], [ 100.521882837000135, 13.673908458000028 ], [ 100.521882688000176, 13.673885348000056 ], [ 100.521887058000175, 13.673864400000127 ], [ 100.521894777000057, 13.673839036000118 ], [ 100.521902551000153, 13.673822471000108 ], [ 100.521919263000086, 13.673795957000038 ], [ 100.521940060000134, 13.673769011000104 ], [ 100.521973660000072, 13.673743505000118 ], [ 100.521996721000107, 13.673725999000112 ], [ 100.522002067000187, 13.67372062600009 ], [ 100.522008753000023, 13.673707335000188 ], [ 100.522010896000154, 13.673689711000122 ], [ 100.52200956900009, 13.673658893000038 ], [ 100.522001174000025, 13.673561966000136 ], [ 100.521992497000099, 13.673529322000093 ], [ 100.521986071000129, 13.673514152000052 ], [ 100.521983110000122, 13.673507178000023 ], [ 100.521974012000101, 13.673491848000026 ], [ 100.521971139000129, 13.673488776000113 ], [ 100.52195970300005, 13.67347652300009 ], [ 100.521913940000104, 13.673435200000142 ], [ 100.521868669000185, 13.673400582000113 ], [ 100.521853609000175, 13.673389058000055 ], [ 100.521806827000034, 13.673362165000015 ], [ 100.521738362000121, 13.673322809000126 ], [ 100.521730443000138, 13.673318259000098 ], [ 100.521688934000167, 13.673290009000084 ], [ 100.5216682100002, 13.673268006000114 ], [ 100.521651495000128, 13.67324471600017 ], [ 100.521636938000086, 13.673210246000167 ], [ 100.521636305000129, 13.673208757000111 ], [ 100.521631280000179, 13.673184009000011 ], [ 100.521630497, 13.673180174000152 ], [ 100.521626879000053, 13.673143862000188 ], [ 100.521625438000058, 13.673110600000086 ], [ 100.521624242000144, 13.673083339000073 ], [ 100.521635483000068, 13.672904937000055 ], [ 100.521637285000054, 13.672835576000068 ], [ 100.521633725000129, 13.672806970000181 ], [ 100.52162561800003, 13.672771798000099 ], [ 100.521622068000113, 13.672761597999965 ], [ 100.521613009000191, 13.672735551000073 ], [ 100.521578081000143, 13.672655434999967 ], [ 100.521542164000095, 13.672573065000108 ], [ 100.521536382000136, 13.672549981000145 ], [ 100.521535065000137, 13.672519173000069 ], [ 100.521536947000072, 13.672494488000098 ], [ 100.521538180000107, 13.672478414000182 ], [ 100.521580946000086, 13.672125898000161 ], [ 100.521579655000096, 13.672100580000176 ], [ 100.521572676000119, 13.672065400000122 ], [ 100.521565435000127, 13.672045433000164 ], [ 100.521563505000131, 13.672040139000046 ], [ 100.52154188600008, 13.672003947000064 ], [ 100.521535294000046, 13.671996669 ], [ 100.521520039000109, 13.671979841000052 ], [ 100.521518074000198, 13.671977672000139 ], [ 100.521495464000111, 13.671962628000131 ], [ 100.521477177000122, 13.671953322000093 ], [ 100.521444731000088, 13.671943183000053 ], [ 100.521416757000111, 13.671936531000028 ], [ 100.521349101000169, 13.67192602700004 ], [ 100.521258617000171, 13.67191198200004 ], [ 100.521175355000196, 13.671900514000129 ], [ 100.521149423000168, 13.671894070000121 ], [ 100.521121213000129, 13.671884339000144 ], [ 100.521094089000201, 13.67186798900002 ], [ 100.521075973000166, 13.671851593000099 ], [ 100.521061213000166, 13.671831865000058 ], [ 100.521045261000097, 13.67180224100008 ], [ 100.521039120000182, 13.671776388000183 ], [ 100.521037162000198, 13.671768172000043 ], [ 100.521032409999975, 13.671729669000115 ], [ 100.521034355000097, 13.671681221000028 ], [ 100.521050473000173, 13.671562233000145 ], [ 100.521049239000035, 13.671545733000187 ], [ 100.521042317000195, 13.671519346000025 ], [ 100.521037682000099, 13.671510423000086 ], [ 100.521004942000047, 13.671447375000071 ], [ 100.521001434000084, 13.671442329000172 ], [ 100.52098315600017, 13.671421741000074 ], [ 100.520954847000041, 13.671396597000125 ], [ 100.520935618000181, 13.671382406000077 ], [ 100.520933372000172, 13.671381316000179 ], [ 100.520915298000091, 13.671372617000088 ], [ 100.520895003000078, 13.671368346000179 ], [ 100.520875902, 13.67136552300019 ], [ 100.520819227000061, 13.671357158000149 ], [ 100.520775431000118, 13.671346666000147 ], [ 100.520746196000118, 13.671336226000165 ], [ 100.520704432000059, 13.671318871000096 ], [ 100.520659235000096, 13.671292737000044 ], [ 100.5206185360002, 13.671265462000179 ], [ 100.520576665000021, 13.671231592000026 ], [ 100.520548351000173, 13.671204250000073 ], [ 100.520515495000154, 13.671172532000128 ], [ 100.520482599000047, 13.671133097000165 ], [ 100.520456455000044, 13.671093631000076 ], [ 100.520435913000142, 13.671050820000175 ], [ 100.520424417000072, 13.671013462000133 ], [ 100.520418814000038, 13.670990024000105 ], [ 100.520418629000119, 13.670989284000086 ], [ 100.520416263000072, 13.670969480000053 ], [ 100.520416262000197, 13.670969436 ], [ 100.520420595000076, 13.67094413600006 ], [ 100.520427221000091, 13.670924286 ], [ 100.520439463000059, 13.670903299000145 ], [ 100.520614017000128, 13.670737100000167 ], [ 100.520686690000161, 13.670675488000029 ], [ 100.52069799800006, 13.670662416000027 ], [ 100.520703632000163, 13.670651233000058 ], [ 100.520707953000056, 13.670633869000085 ], [ 100.520708027000069, 13.670631167000181 ], [ 100.520708474, 13.670616528000153 ], [ 100.520708375000083, 13.670601045000183 ], [ 100.520705078999981, 13.670581256000048 ], [ 100.520692155000177, 13.670536783000045 ], [ 100.520631266, 13.670327291000092 ], [ 100.520607927000128, 13.670243838000033 ], [ 100.520607676000054, 13.670242736000091 ], [ 100.520602348000125, 13.670219869999983 ], [ 100.520601784000064, 13.67021488600011 ], [ 100.520600549000051, 13.670203947 ], [ 100.52060092500011, 13.670188152000037 ], [ 100.520602729000075, 13.670173744000067 ], [ 100.520607870000049, 13.670160241000133 ], [ 100.520615402000146, 13.670149523000134 ], [ 100.520624848000011, 13.670141563000186 ], [ 100.52080668200017, 13.670059182000045 ], [ 100.520816155000148, 13.670054013000026 ], [ 100.520838387000197, 13.670039479000081 ], [ 100.52085586100003, 13.670024973000125 ], [ 100.520866709000074, 13.670013299000061 ], [ 100.520873296000161, 13.670004440000127 ], [ 100.520876577000138, 13.669996519000108 ], [ 100.520877432000134, 13.669982116000028 ], [ 100.520875931000091, 13.669970517000081 ], [ 100.520870158000093, 13.669958477000137 ], [ 100.520800288000146, 13.669875777000016 ], [ 100.5207178120001, 13.669753218000096 ], [ 100.520703008000112, 13.669726640000022 ], [ 100.520691716000044, 13.669701560000078 ], [ 100.520679750000113, 13.669668460000025 ], [ 100.520672972000114, 13.669647606000069 ], [ 100.520669989000112, 13.669627189000096 ], [ 100.520669382000165, 13.669605830000023 ], [ 100.520669735000126, 13.669587714000102 ], [ 100.520673437000028, 13.669572376000076 ], [ 100.520680907000155, 13.669553288000088 ], [ 100.520688428000142, 13.669537997000134 ], [ 100.520695951000164, 13.669528576000175 ], [ 100.520713104000038, 13.66951754300004 ], [ 100.520717712000078, 13.669515440000168 ], [ 100.520722592000141, 13.669513380000183 ], [ 100.520739275000153, 13.669507716000055 ], [ 100.520849086000112, 13.66948677400012 ], [ 100.520957706000047, 13.669466131000092 ], [ 100.520961969000098, 13.669465142999968 ], [ 100.520982823000054, 13.669458085000144 ], [ 100.520996076000188, 13.66945103900008 ], [ 100.521010733000082, 13.669439341000157 ], [ 100.521021970000049, 13.669429112000103 ], [ 100.521045435000076, 13.669401479000044 ], [ 100.521098235000011, 13.669339282000124 ], [ 100.521104391000165, 13.669326541999965 ], [ 100.521106523000185, 13.669319767000047 ], [ 100.521108699000195, 13.669312833 ], [ 100.521109868, 13.669297960000108 ], [ 100.521107848000042, 13.669278772000098 ], [ 100.521105785000145, 13.66926953400008 ], [ 100.521095784000067, 13.669245770000032 ], [ 100.521090719000142, 13.66923726400006 ], [ 100.521063597000193, 13.669191739000098 ], [ 100.521045773000139, 13.669168641000169 ], [ 100.521028246000185, 13.669152277000023 ], [ 100.521008137000194, 13.669136052000056 ], [ 100.520990157000142, 13.669125269000119 ], [ 100.520987176000176, 13.669123477000142 ], [ 100.52097617700008, 13.66911877800004 ], [ 100.520958598000107, 13.669111268000108 ], [ 100.520926892000148, 13.669104029000152 ], [ 100.520863492000046, 13.66909266000016 ], [ 100.520822914000064, 13.669084241000121 ], [ 100.520794976000047, 13.669073263000087 ], [ 100.520771452000076, 13.669057924000128 ], [ 100.520754223000154, 13.66903760200006 ], [ 100.520741580999982, 13.669017288000134 ], [ 100.520740676, 13.669015511000111 ], [ 100.520734629000117, 13.6689890560001 ], [ 100.520730327000138, 13.668898177000131 ], [ 100.520729105000044, 13.668872426000064 ], [ 100.520728772000098, 13.668869683000082 ], [ 100.52072782800019, 13.668861761000187 ], [ 100.520722805000048, 13.66884863000007 ], [ 100.520718134000106, 13.668840908000107 ], [ 100.520710898000061, 13.668834500000116 ], [ 100.520702854000092, 13.668827380999971 ], [ 100.520685693000189, 13.668817582000145 ], [ 100.520671724000181, 13.66881146999998 ], [ 100.520648275000099, 13.668807907000144 ], [ 100.520631964000074, 13.668808007000166 ], [ 100.520607148000181, 13.668813729000078 ], [ 100.520579965000138, 13.668821946000151 ], [ 100.520567167000138, 13.668828080000139 ], [ 100.520555112000125, 13.668835941000168 ], [ 100.520531634000122, 13.668854666000186 ], [ 100.520512612000175, 13.66886983400002 ], [ 100.520479222000063, 13.6688940680001 ], [ 100.520468266000023, 13.668898910000109 ], [ 100.52046649100015, 13.668899425000063 ], [ 100.520455734000052, 13.668901344000176 ], [ 100.520441805000075, 13.668901429000073 ], [ 100.520427236000046, 13.668900283000141 ], [ 100.520410103000131, 13.668894809000051 ], [ 100.520393579000142, 13.668885624000097 ], [ 100.520380831000182, 13.66887269900019 ], [ 100.520373099000096, 13.66885231100008 ], [ 100.520370436000121, 13.668831282000042 ], [ 100.520372165000197, 13.668805266 ], [ 100.520374940000124, 13.668795900000134 ], [ 100.520377122000127, 13.668788516000063 ], [ 100.520457487000101, 13.668611693000059 ], [ 100.52047702700014, 13.668568698000172 ], [ 100.520490049000159, 13.668525893000094 ], [ 100.52049613600002, 13.668486847000054 ], [ 100.520496005000098, 13.668466412000043 ], [ 100.520495250000124, 13.668447225000136 ], [ 100.520494586000098, 13.668440856000075 ], [ 100.520492546000071, 13.668421237000132 ], [ 100.520484802000169, 13.66839898600017 ], [ 100.520472652000024, 13.6683792500001 ], [ 100.5204528820002, 13.668358318000173 ], [ 100.520414723000158, 13.66833130200007 ], [ 100.520386120000182, 13.668315384000152 ], [ 100.520360100000175, 13.668306249000011 ], [ 100.520323322000138, 13.668297806000112 ], [ 100.520249809000177, 13.668288970000106 ], [ 100.520220177000056, 13.668286927000054 ], [ 100.520134506000147, 13.668281009000054 ], [ 100.520103448000043, 13.668276246000119 ], [ 100.520064320000188, 13.668267226000069 ], [ 100.52006159900003, 13.668266598000059 ], [ 100.520030509000151, 13.668256877000033 ], [ 100.520008951000136, 13.668245462000073 ], [ 100.519968179000159, 13.668213915000024 ], [ 100.519923241000129, 13.668175791000067 ], [ 100.519865449000179, 13.668126755000117 ], [ 100.519863116000067, 13.66812478300011 ], [ 100.519839580000053, 13.668107581000129 ], [ 100.519821139000044, 13.668095308999966 ], [ 100.519796986000074, 13.668081837000102 ], [ 100.519795817999977, 13.668081323000081 ], [ 100.519756349000033, 13.668064131000051 ], [ 100.519530896000106, 13.667976214000191 ], [ 100.519442115000118, 13.667941597000038 ], [ 100.519414791000202, 13.667926281 ], [ 100.519395718000112, 13.667914013000086 ], [ 100.519311028000061, 13.66784146700013 ], [ 100.519295125000042, 13.667829178999966 ], [ 100.519273528000156, 13.667818789000023 ], [ 100.519246886000076, 13.667811520000043 ], [ 100.519166286000143, 13.667784144000109 ], [ 100.519127574000152, 13.66776952500004 ], [ 100.519105344000081, 13.667759131000082 ], [ 100.51907610000012, 13.6677413540001 ], [ 100.519040494000194, 13.667719901 ], [ 100.518858029000114, 13.667605228000014 ], [ 100.518846597000049, 13.667600345000039 ], [ 100.51882948400015, 13.667596734000028 ], [ 100.518810483000095, 13.667596851000155 ], [ 100.518788375000042, 13.667599696000082 ], [ 100.518785182000045, 13.667600104000144 ], [ 100.518702376000135, 13.667621453000038 ], [ 100.518672012000081, 13.667629283000167 ], [ 100.518578453000089, 13.667653382000083 ], [ 100.518560113000149, 13.667656594 ], [ 100.518546180000158, 13.667656061000059 ], [ 100.518526522000116, 13.667652465000117 ], [ 100.518506834000107, 13.667642672000113 ], [ 100.518488357000081, 13.667626075000044 ], [ 100.518467015000112, 13.667606017000026 ], [ 100.518313819000014, 13.667462139000179 ], [ 100.518285725, 13.667442264000044 ], [ 100.518234705000054, 13.667414355000119 ], [ 100.518105350000098, 13.667343582000058 ], [ 100.518069118000142, 13.66732151399998 ], [ 100.51804749300004, 13.667306781000093 ], [ 100.51797185900017, 13.667247094000061 ], [ 100.517964371000062, 13.667242311000109 ], [ 100.517950795000047, 13.667236788000082 ], [ 100.517932401999985, 13.667231948000051 ], [ 100.517909585000154, 13.667229608000014 ], [ 100.517880460000129, 13.667229168000176 ], [ 100.517852613000059, 13.667232437000166 ], [ 100.51783364, 13.667235643000083 ], [ 100.517803934000199, 13.667244493000112 ], [ 100.517785925000055, 13.667251674000056 ], [ 100.517775456000152, 13.667259118000175 ], [ 100.517743329000098, 13.667281957 ], [ 100.517742620000092, 13.667282562000139 ], [ 100.517684383000187, 13.667331744000137 ], [ 100.51768336900011, 13.667332597000097 ], [ 100.517668198000194, 13.667338825000115 ], [ 100.517666664000046, 13.667338871000084 ], [ 100.517665435000197, 13.667338913000094 ], [ 100.517655543000103, 13.667339212000059 ], [ 100.517653689000156, 13.667338588000177 ], [ 100.517651281000099, 13.667337570000086 ], [ 100.517645850000122, 13.667335280999964 ], [ 100.517606223000087, 13.667306190000147 ], [ 100.517603385000029, 13.667304107000064 ], [ 100.517593545000125, 13.667294192000043 ], [ 100.517590872000198, 13.667289883000137 ], [ 100.517586954000194, 13.667278643000088 ], [ 100.517586227000038, 13.66726379 ], [ 100.517589773000168, 13.667218262000176 ], [ 100.517606569000122, 13.667106394000143 ], [ 100.5176114140001, 13.667043812000088 ], [ 100.517611251000176, 13.667018425000037 ], [ 100.517604614000049, 13.666970171000173 ], [ 100.517604110000036, 13.666963376000012 ], [ 100.517587958000092, 13.666743016999988 ], [ 100.517585118000056, 13.666694120000159 ], [ 100.517584204000173, 13.666650164000032 ], [ 100.517584732000046, 13.666605777000029 ], [ 100.517586216000154, 13.666482208 ], [ 100.51758668399998, 13.666443947000118 ], [ 100.51759277400015, 13.666303675000051 ], [ 100.517599927000106, 13.666139219000115 ], [ 100.517602237000119, 13.666103912000153 ], [ 100.517605879000087, 13.666080355000076 ], [ 100.517629231000058, 13.665968756000154 ], [ 100.517632252000055, 13.665945830000055 ], [ 100.517632698000057, 13.665916723 ], [ 100.517630828000108, 13.665821997000023 ], [ 100.517613909000033, 13.665494527000078 ], [ 100.51757627100011, 13.665008925000052 ], [ 100.517564245000187, 13.664643221000176 ], [ 100.517545524000127, 13.664338926000141 ], [ 100.517541252000171, 13.664213080000025 ], [ 100.517509549000124, 13.663277792000088 ], [ 100.51751245700018, 13.663189542000055 ], [ 100.517523892000156, 13.663116303000152 ], [ 100.517570229000171, 13.662916469000095 ], [ 100.517684357000178, 13.66257185500001 ], [ 100.517674136000153, 13.662446876999979 ], [ 100.51766618, 13.662351736 ], [ 100.517637482000112, 13.662172311000177 ], [ 100.517544906000126, 13.661768775000041 ], [ 100.517515207000201, 13.661599672000136 ], [ 100.517480619000196, 13.66124799500011 ], [ 100.517460035000113, 13.661143242000037 ], [ 100.517429849000109, 13.660989606000101 ], [ 100.517389894000075, 13.660786295999969 ], [ 100.517366944000116, 13.660538698000096 ], [ 100.517332248000116, 13.659964125999977 ], [ 100.517316053000059, 13.659734239000102 ], [ 100.517283192000093, 13.659495858000184 ], [ 100.517279407000046, 13.659173437000049 ], [ 100.517235249000123, 13.658300964000034 ], [ 100.517174848000195, 13.658112864000145 ], [ 100.517035522000072, 13.655921278000164 ], [ 100.516737767, 13.652818110999988 ], [ 100.516686770000149, 13.65254768200009 ], [ 100.516599082000198, 13.652194136000162 ], [ 100.516311645000087, 13.651634091000062 ], [ 100.516224358000102, 13.651347356000088 ], [ 100.516725784000187, 13.649996747000159 ], [ 100.516667571000085, 13.649662828000146 ], [ 100.51689027600014, 13.649410761000183 ], [ 100.516908368000031, 13.649316635 ], [ 100.516491214000155, 13.649227781000093 ], [ 100.516461825000079, 13.648807506000082 ], [ 100.516502765000098, 13.648527823000109 ], [ 100.516698400000053, 13.64780062400007 ], [ 100.51693255400005, 13.647250773000167 ], [ 100.51695570000004, 13.646862149000128 ], [ 100.516966317000083, 13.646683866000046 ], [ 100.516954754000096, 13.645709839000176 ], [ 100.516942964, 13.645709295000131 ], [ 100.516404492000049, 13.64568447400012 ], [ 100.516120048000175, 13.645624596000175 ], [ 100.51581309900007, 13.645542738000131 ], [ 100.515780213000198, 13.645507836000093 ], [ 100.515709394000112, 13.645444219000069 ], [ 100.515666524000096, 13.645401265000032 ], [ 100.515525275000073, 13.645226153000124 ], [ 100.515497782000182, 13.645183952000082 ], [ 100.515487886000074, 13.645168760999979 ], [ 100.515452544000198, 13.645120311000085 ], [ 100.515434916000117, 13.645102900000154 ], [ 100.515353103000052, 13.64502948300003 ], [ 100.515314385000181, 13.64489742 ], [ 100.515292919000046, 13.644735910000179 ], [ 100.515349997000101, 13.644542626000145 ], [ 100.515392677000079, 13.644447107000133 ], [ 100.515413849000083, 13.644372888000134 ], [ 100.515413275000014, 13.644282929999974 ], [ 100.515408386000047, 13.64422957700009 ], [ 100.515428226000097, 13.64385139500007 ], [ 100.51543889300018, 13.643799707000085 ], [ 100.515462867000053, 13.643765146000135 ], [ 100.515495692000172, 13.643739133 ], [ 100.515897897000173, 13.643693659000178 ], [ 100.515934982000147, 13.643682610000042 ], [ 100.515952913000092, 13.643674420000082 ], [ 100.51596149900007, 13.643665308000038 ], [ 100.516052376000061, 13.643430298000112 ], [ 100.516073957000174, 13.643365637000045 ], [ 100.516039276000072, 13.643184274000021 ], [ 100.515965753000103, 13.642799785000079 ], [ 100.515947336000067, 13.642721693000055 ], [ 100.515905439000051, 13.642544099000077 ], [ 100.515866645000074, 13.642401454000094 ], [ 100.515816902000097, 13.642237697000155 ], [ 100.515735089000032, 13.642137650000109 ], [ 100.515680303000124, 13.642032142000119 ], [ 100.515695730000061, 13.641905028000053 ], [ 100.515694919000055, 13.64177802200004 ], [ 100.515764314000194, 13.641629419000083 ], [ 100.515763807000098, 13.641550045000088 ], [ 100.515708650000022, 13.641386320000151 ], [ 100.515593435000198, 13.641138298000044 ], [ 100.515472905000195, 13.64090618 ], [ 100.515379380000184, 13.640726068000049 ], [ 100.515341418000048, 13.640652951000106 ], [ 100.515286160000073, 13.640473365000162 ], [ 100.51526373900009, 13.640351778000138 ], [ 100.515262760000098, 13.640198308000038 ], [ 100.515250993000109, 13.640050209000151 ], [ 100.515239351000048, 13.639923260000046 ], [ 100.515200669000194, 13.639796485000147 ], [ 100.515134690000139, 13.639632835999976 ], [ 100.51509583800015, 13.639479597 ], [ 100.515100738, 13.639400189000185 ], [ 100.515196956000182, 13.639214373000073 ], [ 100.515228747000037, 13.639108337000039 ], [ 100.515287150000177, 13.638933336000036 ], [ 100.515356654000072, 13.638800613000171 ], [ 100.515469817999985, 13.638725833000024 ], [ 100.515793636000126, 13.638591559000076 ], [ 100.516000832000088, 13.63850997500009 ], [ 100.516245575000141, 13.63836907100017 ], [ 100.516440684000202, 13.638186207000103 ], [ 100.516613109, 13.638018908000049 ], [ 100.516743981000161, 13.637930700000027 ], [ 100.516944785000078, 13.637779635000072 ], [ 100.516868618000103, 13.637618810000163 ], [ 100.516848535000122, 13.637579226000071 ], [ 100.516829361000134, 13.637539364000133 ], [ 100.516811494000194, 13.637499086 ], [ 100.516795474000105, 13.637458233000075 ], [ 100.51678173, 13.637416351000184 ], [ 100.516770401000031, 13.637373827000033 ], [ 100.516763732000129, 13.637342936000039 ], [ 100.516758308000192, 13.637311799000088 ], [ 100.516754145000107, 13.637280460000056 ], [ 100.516751032000116, 13.637245186000143 ], [ 100.516749136000158, 13.637201272000084 ], [ 100.516748872000164, 13.637157162000165 ], [ 100.516751493000072, 13.637068615000032 ], [ 100.516759624000144, 13.636935428000072 ], [ 100.516770931999986, 13.636802344000102 ], [ 100.516775678000045, 13.636758107000105 ], [ 100.516786160000038, 13.636678022000126 ], [ 100.516799074, 13.636598424000113 ], [ 100.5168066290002, 13.636558883000134 ], [ 100.516815125000051, 13.636519592000127 ], [ 100.516824850000035, 13.636480630000108 ], [ 100.516836332000082, 13.636441145000163 ], [ 100.516849261000175, 13.636402075000092 ], [ 100.51686353700012, 13.636363446000189 ], [ 100.516874431000133, 13.636336376000088 ], [ 100.516902650000077, 13.636273202000041 ], [ 100.51693845, 13.636201498000105 ], [ 100.516957251000065, 13.636166020000019 ], [ 100.516996130000166, 13.636095947000172 ], [ 100.517056866000019, 13.635992488000056 ], [ 100.517120237000029, 13.635890584000151 ], [ 100.517142174000185, 13.635857117000114 ], [ 100.517190360000086, 13.635787156000106 ], [ 100.517265059000124, 13.635683700000072 ], [ 100.517493613000056, 13.635373233000053 ], [ 100.51755598800014, 13.635276270000134 ], [ 100.517605102000118, 13.635218784000187 ], [ 100.51764646200013, 13.635181129000159 ], [ 100.517690094000045, 13.635145677000082 ], [ 100.517736007, 13.635115699999972 ], [ 100.517796530000112, 13.635083436000173 ], [ 100.517886641000018, 13.635043083000085 ], [ 100.517943433000141, 13.63501764800003 ], [ 100.517992742000047, 13.634992046000036 ], [ 100.518034196000087, 13.634967605999975 ], [ 100.518048719000149, 13.634952113000054 ], [ 100.518058733000089, 13.634935553000105 ], [ 100.51806759100009, 13.634913509000057 ], [ 100.518070846000114, 13.634894793000115 ], [ 100.518069592000188, 13.634875000000136 ], [ 100.518058106000126, 13.634850185000118 ], [ 100.518007564000186, 13.634751864000066 ], [ 100.517991038000048, 13.634715304000053 ], [ 100.517972506000149, 13.634678377000114 ], [ 100.517931954000176, 13.634603740000102 ], [ 100.517887826000049, 13.634524791000047 ], [ 100.517829391000078, 13.634420250000176 ], [ 100.517766296000104, 13.634305242000096 ], [ 100.517725727000027, 13.634228134000068 ], [ 100.517689935000135, 13.634155446000136 ], [ 100.517658450000056, 13.634087321000095 ], [ 100.5175183, 13.633775964000165 ], [ 100.517428162000044, 13.633573259000173 ], [ 100.51737612900007, 13.633450627000173 ], [ 100.517274385000178, 13.633204270000135 ], [ 100.517240156000128, 13.633124643000031 ], [ 100.517205338000053, 13.633047641000019 ], [ 100.517187205000084, 13.633009475000051 ], [ 100.517168478000201, 13.632971604000033 ], [ 100.517129367999985, 13.632896659000153 ], [ 100.517109031000189, 13.632859591999988 ], [ 100.517068773000062, 13.63279003800011 ], [ 100.516920999000092, 13.632551184000079 ], [ 100.516854211000066, 13.632441547000155 ], [ 100.516790775000118, 13.632333788000039 ], [ 100.516667991000133, 13.632119718000069 ], [ 100.516603555000131, 13.632009555000138 ], [ 100.51637364200019, 13.631629783000108 ], [ 100.516306591000046, 13.631522788000098 ], [ 100.516264058000161, 13.631458791 ], [ 100.516219962000093, 13.631395855000164 ], [ 100.516197227000077, 13.631364867000059 ], [ 100.516147471000011, 13.631300464000162 ], [ 100.516121897000062, 13.631268771000123 ], [ 100.516070808000165, 13.631207766000102 ], [ 100.516019835000122, 13.631149127000128 ], [ 100.515942081999981, 13.631062199000041 ], [ 100.515858353000112, 13.630970982000065 ], [ 100.515826889000152, 13.630937241000026 ], [ 100.515773887000194, 13.630880397000112 ], [ 100.515717129000109, 13.630820407000158 ], [ 100.515634729000055, 13.630735070000071 ], [ 100.515573954000104, 13.630673806000175 ], [ 100.515551134000134, 13.630650808000041 ], [ 100.515487351000104, 13.630589034000081 ], [ 100.515424985000095, 13.630528636000065 ], [ 100.515297158000124, 13.630408062000015 ], [ 100.515174163000154, 13.630295104000083 ], [ 100.51492062900013, 13.630013982000094 ], [ 100.514910691000182, 13.630002576000038 ], [ 100.514909617000114, 13.630001335000031 ], [ 100.514907837000123, 13.62999929700004 ], [ 100.514902618000121, 13.629992172000073 ], [ 100.514901615000156, 13.629990298000109 ], [ 100.514901211000108, 13.629986312000142 ], [ 100.514901852000094, 13.629973780000171 ], [ 100.514907532, 13.629895199000146 ], [ 100.514910360000101, 13.629856084000039 ], [ 100.514910363000183, 13.629856013000108 ], [ 100.514910030000067, 13.629713114000083 ], [ 100.514909961000114, 13.629681080000125 ], [ 100.514910398000097, 13.629666255000018 ], [ 100.514911170000119, 13.629639918000066 ], [ 100.514911606000169, 13.629510027000094 ], [ 100.514914856000075, 13.629448425000135 ], [ 100.514919288000101, 13.629364378 ], [ 100.514922597000123, 13.629251876000126 ], [ 100.514924110000152, 13.629200403000027 ], [ 100.514923350000061, 13.629177473000084 ], [ 100.514923192000083, 13.629172522000147 ], [ 100.514921652000112, 13.629165946000114 ], [ 100.514916224000046, 13.629142727000044 ], [ 100.514907121000078, 13.629117800000017 ], [ 100.514893553000036, 13.629094861000169 ], [ 100.514893032000089, 13.629093981000096 ], [ 100.514891313000192, 13.629091732000177 ], [ 100.514869477000161, 13.629063166000151 ], [ 100.514866691000123, 13.629060712000125 ], [ 100.514844127000174, 13.629046628000026 ], [ 100.514587931000108, 13.628949523000074 ], [ 100.514560698000082, 13.628936598000166 ], [ 100.51453397500012, 13.62892276000008 ], [ 100.514503509000065, 13.628905141000132 ], [ 100.514474080000014, 13.628886041000158 ], [ 100.514445841999986, 13.628865468000129 ], [ 100.514422180000167, 13.628846191000036 ], [ 100.514399612000091, 13.62882582200001 ], [ 100.514378210000075, 13.628804369000136 ], [ 100.514356118000023, 13.628779522000116 ], [ 100.514335609000057, 13.628753499000027 ], [ 100.514316770000164, 13.628726390000168 ], [ 100.514298974000098, 13.62869689900009 ], [ 100.514283264000085, 13.628666372000168 ], [ 100.514269831000092, 13.628634887000146 ], [ 100.514258237000035, 13.628600291000112 ], [ 100.514249311000185, 13.628564859000051 ], [ 100.514242908000085, 13.628528776000167 ], [ 100.514239326000165, 13.628496489000042 ], [ 100.514237547999983, 13.628463917000033 ], [ 100.514237457000092, 13.628431167000144 ], [ 100.514240487000166, 13.628379719000179 ], [ 100.514244297000118, 13.628345939000042 ], [ 100.514255015000117, 13.62827844800006 ], [ 100.514287305000153, 13.628119028000185 ], [ 100.514301312000157, 13.628035161000071 ], [ 100.514306842000053, 13.627995182000063 ], [ 100.51431612500005, 13.627915024000174 ], [ 100.514334530000042, 13.627708214000108 ], [ 100.514339888000109, 13.627665200000081 ], [ 100.514340365000066, 13.627662187000112 ], [ 100.51434662000014, 13.627622486000121 ], [ 100.51435506100006, 13.627580168000179 ], [ 100.514365093000151, 13.627539933000151 ], [ 100.514376853000101, 13.627500190000148 ], [ 100.514381266000157, 13.627487222000127 ], [ 100.51439018800005, 13.627460959000189 ], [ 100.514405060000172, 13.627422318000072 ], [ 100.514421579000043, 13.627384392000124 ], [ 100.51443999900016, 13.62734736200008 ], [ 100.514460468000152, 13.627311592000183 ], [ 100.514482938000071, 13.627276903000052 ], [ 100.514486267000052, 13.627272267000023 ], [ 100.514502620000087, 13.627249497999969 ], [ 100.514505286000144, 13.627245783000149 ], [ 100.514553117000105, 13.62718535800019 ], [ 100.514676955000198, 13.627036980000184 ], [ 100.514828157000125, 13.626840298000047 ], [ 100.514934467000046, 13.626702009999974 ], [ 100.514954329000091, 13.626664628000071 ], [ 100.514983695000183, 13.626588876000028 ], [ 100.515012663000107, 13.62644943600003 ], [ 100.51501652800016, 13.62639018800013 ], [ 100.515022395000187, 13.626340559000027 ], [ 100.515028985000015, 13.62625717700007 ], [ 100.515039607, 13.626089822000154 ], [ 100.515044010000111, 13.626038409000046 ], [ 100.515046630000143, 13.626007805000029 ], [ 100.515055361000066, 13.625927492000017 ], [ 100.515074104000121, 13.625772498000174 ], [ 100.515079565000121, 13.625727276000191 ], [ 100.515086021000116, 13.625663776000067 ], [ 100.515088601000173, 13.625626852000039 ], [ 100.515090143000123, 13.625589890000185 ], [ 100.515090656000098, 13.625551186000166 ], [ 100.515088826000124, 13.62547371900007 ], [ 100.515083767000135, 13.625393710000083 ], [ 100.515062670000077, 13.62515352500003 ], [ 100.515048346000128, 13.624953968000113 ], [ 100.515041977000067, 13.624768776999986 ], [ 100.515038365000123, 13.62473165300014 ], [ 100.515033123000194, 13.624703613000122 ], [ 100.515024485000197, 13.624672292000071 ], [ 100.514981780000141, 13.624535707000064 ], [ 100.514946926000107, 13.624424260000183 ], [ 100.514944262000199, 13.624402807000081 ], [ 100.514943224000149, 13.624373091000109 ], [ 100.514948128000185, 13.624346640000169 ], [ 100.514956388000144, 13.624318518000109 ], [ 100.5150296650001, 13.624173564000046 ], [ 100.515049201000124, 13.624135884000111 ], [ 100.515070503000118, 13.624097857000095 ], [ 100.51511584800005, 13.624022696000168 ], [ 100.515189956000143, 13.623906312000145 ], [ 100.51525777400002, 13.623799818 ], [ 100.515280307000069, 13.623762331000023 ], [ 100.515301745000045, 13.623724365000101 ], [ 100.515310653000085, 13.623707274000026 ], [ 100.515317795000101, 13.623693591 ], [ 100.51533277700014, 13.623662365000087 ], [ 100.515346574000091, 13.623630670000068 ], [ 100.515359955000065, 13.623596064000026 ], [ 100.515371989000187, 13.623560944000133 ], [ 100.515382783000177, 13.62352541000007 ], [ 100.515394268000136, 13.62348229600002 ], [ 100.515413957000078, 13.623395013 ], [ 100.515431141000079, 13.623306951000188 ], [ 100.515447112000061, 13.62321855100015 ], [ 100.515476438000178, 13.623044609000146 ], [ 100.515478189000078, 13.623033158 ], [ 100.515500080000038, 13.62292893900019 ], [ 100.515508552000199, 13.622816574000012 ], [ 100.515510330000154, 13.622426984000128 ], [ 100.515521613000089, 13.62235636500003 ], [ 100.515522120000071, 13.622355136000067 ], [ 100.51554883200015, 13.622290726000017 ], [ 100.51572890500006, 13.621934292000049 ], [ 100.515743785000041, 13.621889718999967 ], [ 100.515760146000048, 13.621822742000063 ], [ 100.515763793000076, 13.621733728000152 ], [ 100.515765263000048, 13.621698038000034 ], [ 100.515765016999978, 13.62165941 ], [ 100.515764962999981, 13.621650980000027 ], [ 100.515761372000156, 13.621617157000173 ], [ 100.515750971999978, 13.621574283000029 ], [ 100.515702361000137, 13.621425631000136 ], [ 100.51563059200015, 13.621229090000156 ], [ 100.515627116000076, 13.621213425000178 ], [ 100.51562701000006, 13.621196909000048 ], [ 100.515631927000186, 13.621173759999976 ], [ 100.515641859000141, 13.62114315600013 ], [ 100.515700099000128, 13.621005479000189 ], [ 100.515730376000079, 13.620933932000071 ], [ 100.515747832999978, 13.620896096000138 ], [ 100.51578007500018, 13.620829923000031 ], [ 100.515857108000091, 13.620681106000063 ], [ 100.5158973300002, 13.620600962000026 ], [ 100.515954735000093, 13.620479524000132 ], [ 100.515990613000042, 13.620397651000189 ], [ 100.516007472000069, 13.620356314000048 ], [ 100.516036171000053, 13.620279532999973 ], [ 100.516062798000064, 13.620202007000159 ], [ 100.516088115000116, 13.620124019000116 ], [ 100.516124009000066, 13.620006411000134 ], [ 100.516146000000163, 13.619927827000026 ], [ 100.516166113000168, 13.619849112000168 ], [ 100.516184354000131, 13.619769994000023 ], [ 100.516200639000147, 13.619688239000084 ], [ 100.516207751000024, 13.619647173999965 ], [ 100.516220186999988, 13.619563316000153 ], [ 100.516237082000089, 13.619437252000012 ], [ 100.516249789000142, 13.619353480000029 ], [ 100.516257349000057, 13.619311821000053 ], [ 100.516270844000189, 13.619249875000037 ], [ 100.516289229000051, 13.619180484000083 ], [ 100.516300781000098, 13.619142067000041 ], [ 100.516325543, 13.619067764000022 ], [ 100.516376613000148, 13.61892389000019 ], [ 100.516397005000044, 13.618859333000103 ], [ 100.516407259, 13.618821268000033 ], [ 100.516428464000114, 13.618742599000029 ], [ 100.51643609700011, 13.618692545000158 ], [ 100.516438777000133, 13.618671298000038 ], [ 100.516441515, 13.618626480999978 ], [ 100.516438172, 13.618540918000122 ], [ 100.516432872000109, 13.618503796000084 ], [ 100.516425108000192, 13.618476592000093 ], [ 100.516412262000188, 13.618447777000142 ], [ 100.516394347000187, 13.618418164000104 ], [ 100.516290108000192, 13.618292848000181 ], [ 100.516216747000101, 13.618196359000137 ], [ 100.516171118000102, 13.618133255000032 ], [ 100.516152164000175, 13.618104699000185 ], [ 100.516134489000194, 13.618075906000172 ], [ 100.516118200000165, 13.618046627000183 ], [ 100.516103606000058, 13.618016816000079 ], [ 100.516094773000134, 13.617996073000086 ], [ 100.516086995000194, 13.617975065999985 ], [ 100.516078069000173, 13.617945442000064 ], [ 100.516071425000121, 13.617915425000149 ], [ 100.516068211000061, 13.617894082000078 ], [ 100.516066270000124, 13.617872625000132 ], [ 100.5160656380001, 13.617851416000065 ], [ 100.516067213000156, 13.617818135000107 ], [ 100.516071879000151, 13.617784129000086 ], [ 100.516079308000144, 13.617750354000066 ], [ 100.516085258000146, 13.617729378000092 ], [ 100.516092138000147, 13.617708557000071 ], [ 100.516106089000175, 13.617672781000124 ], [ 100.516122156000165, 13.617637514000137 ], [ 100.516139976000034, 13.617602767000051 ], [ 100.516159344000016, 13.617568573000028 ], [ 100.516178897000145, 13.617536843000096 ], [ 100.516220759000078, 13.617474698000024 ], [ 100.516265039000189, 13.617413906000138 ], [ 100.51631367900012, 13.617350404000035 ], [ 100.516433347000032, 13.617207498000084 ], [ 100.516459376000171, 13.61717186900006 ], [ 100.51646901700019, 13.61715534800004 ], [ 100.516484819000027, 13.617118096000183 ], [ 100.516496343000142, 13.617072617000019 ], [ 100.516504381000061, 13.617008170000133 ], [ 100.516520356000058, 13.6168525490001 ], [ 100.516527875000065, 13.616722367000023 ], [ 100.516534383000078, 13.616682691000108 ], [ 100.516542658000105, 13.616657050000015 ], [ 100.516641280000101, 13.61643480500004 ], [ 100.516669119000198, 13.61636057200019 ], [ 100.516681106000021, 13.616325329 ], [ 100.516692162000083, 13.616289846000029 ], [ 100.516705643000194, 13.616239870000129 ], [ 100.516714155000045, 13.616201763000106 ], [ 100.516721166000139, 13.61616337300012 ], [ 100.516728999000179, 13.616103686000088 ], [ 100.516732332000174, 13.616064471000129 ], [ 100.516736053000045, 13.615985654000099 ], [ 100.516737606999982, 13.615906548999988 ], [ 100.516739441000141, 13.61569441100005 ], [ 100.516738237000084, 13.615605868999978 ], [ 100.516736602000037, 13.615566039999976 ], [ 100.516733955000063, 13.615521813000157 ], [ 100.516726623000181, 13.615433458000041 ], [ 100.516717126000174, 13.615345258000048 ], [ 100.516706116000137, 13.615261930000031 ], [ 100.516687173000093, 13.615144418000114 ], [ 100.516651402000093, 13.614955603 ], [ 100.516645531000052, 13.614918130000035 ], [ 100.516640890000076, 13.61488088800013 ], [ 100.516637547000073, 13.614843620999977 ], [ 100.516635632000032, 13.614806372000032 ], [ 100.516635587999986, 13.614799592000168 ], [ 100.516635368000152, 13.614769182000146 ], [ 100.516637071000048, 13.61473210500003 ], [ 100.516640525000128, 13.614699077000125 ], [ 100.516645677000042, 13.614666207000084 ], [ 100.516649966000102, 13.614645234000022 ], [ 100.516652364000151, 13.614633522000133 ], [ 100.516663743000095, 13.614589306000028 ], [ 100.516676051000047, 13.614549242000066 ], [ 100.516689714000051, 13.614509408000117 ], [ 100.516704318000166, 13.614469745000122 ], [ 100.516766488000201, 13.614311750000127 ], [ 100.5167963990001, 13.614232578000156 ], [ 100.516810072000055, 13.614192797000157 ], [ 100.516822333999983, 13.614152813000032 ], [ 100.516832602000136, 13.614112559000091 ], [ 100.516840856000101, 13.614068097000143 ], [ 100.516844546000073, 13.614036710000107 ], [ 100.516846466000061, 13.614005218000159 ], [ 100.516846572000077, 13.613973704000045 ], [ 100.516844637000133, 13.613940436000121 ], [ 100.516840742999989, 13.613907250000068 ], [ 100.516835054000182, 13.613874225000075 ], [ 100.51682632800015, 13.613836214000059 ], [ 100.516815763000068, 13.61379845200014 ], [ 100.516803763000155, 13.613760911000099 ], [ 100.516790629000127, 13.613723589000074 ], [ 100.516761592000137, 13.613649587000168 ], [ 100.516748710000115, 13.613619502000063 ], [ 100.516721400000165, 13.613559915 ], [ 100.516705141000159, 13.613526778 ], [ 100.516671022000082, 13.613461202999986 ], [ 100.516635178000172, 13.61339650300016 ], [ 100.516434553000181, 13.613070416000085 ], [ 100.516414044000157, 13.613031727000191 ], [ 100.51639859300019, 13.612992194000185 ], [ 100.51639243600016, 13.612971954000102 ], [ 100.516384803000108, 13.61294687700007 ], [ 100.51638175100004, 13.612928165000142 ], [ 100.51637224600006, 13.612869960000012 ], [ 100.516369122000185, 13.612842737000165 ], [ 100.516375409000034, 13.612767073000157 ], [ 100.516375953000079, 13.612764668000011 ], [ 100.516377858000169, 13.612756280000042 ], [ 100.516387085000133, 13.612715625000135 ], [ 100.516406382000071, 13.612681751000025 ], [ 100.516414115000089, 13.61267293800006 ], [ 100.516436175000138, 13.612647812000148 ], [ 100.516469722000124, 13.612615299000026 ], [ 100.516503579000187, 13.6125860410001 ], [ 100.516527108999981, 13.612570732000165 ], [ 100.516682855999989, 13.612502472000187 ], [ 100.516704881000123, 13.612491524000177 ], [ 100.516725457000064, 13.612478634000183 ], [ 100.516749121000089, 13.612455910000051 ], [ 100.516766457000074, 13.612434441000119 ], [ 100.516815917000088, 13.612355194000088 ], [ 100.516823082000087, 13.612343710000175 ], [ 100.516843702000187, 13.612310684000136 ], [ 100.516879434000089, 13.61227548200003 ], [ 100.516975002000038, 13.612201834000189 ], [ 100.517067157000099, 13.612149084000066 ], [ 100.517173517000174, 13.612110520000101 ], [ 100.517198249000103, 13.612105170000177 ], [ 100.517223051000201, 13.612102592000156 ], [ 100.517255359000046, 13.612099226000055 ], [ 100.5173175380001, 13.612109898000028 ], [ 100.517354134000129, 13.612122511000109 ], [ 100.517396330000054, 13.612137049000069 ], [ 100.517565947000151, 13.612220061000187 ], [ 100.517600897000193, 13.612230582000052 ], [ 100.51762534400018, 13.612231713000085 ], [ 100.51763964700001, 13.612229888000172 ], [ 100.517651810000075, 13.612225214000148 ], [ 100.517667770000116, 13.612211531000185 ], [ 100.517930466000053, 13.611888427999986 ], [ 100.518218414000046, 13.61155133799997 ], [ 100.518225043000143, 13.611543574000052 ], [ 100.518237340000042, 13.611525897000092 ], [ 100.518242152000084, 13.611504910000065 ], [ 100.518242091000161, 13.611495369000068 ], [ 100.518242027000156, 13.611485341000105 ], [ 100.518235904000051, 13.611467766000032 ], [ 100.518234333, 13.611464713000032 ], [ 100.518156760000124, 13.611359891000063 ], [ 100.518125874000191, 13.611321424000153 ], [ 100.518093185000055, 13.611279047000096 ], [ 100.518060690000141, 13.61123446300013 ], [ 100.518030430000124, 13.611189398000079 ], [ 100.517936261000045, 13.61103362700004 ], [ 100.517933655000036, 13.611021258 ], [ 100.517933545000176, 13.611003921000076 ], [ 100.517935153000167, 13.610991527000124 ], [ 100.517940110000097, 13.610974980000094 ], [ 100.517949281000085, 13.610956765000083 ], [ 100.517962702000034, 13.610942638999973 ], [ 100.51797613500014, 13.610931832000063 ], [ 100.518136859000151, 13.610848807000025 ], [ 100.518238616000133, 13.610784796000189 ], [ 100.518274503000157, 13.61076115700007 ], [ 100.518309852000129, 13.61073672800012 ], [ 100.518344356000171, 13.610711279000043 ], [ 100.518371222000098, 13.610689920000141 ], [ 100.518397226000104, 13.610667658000068 ], [ 100.518422240000064, 13.610644412000113 ], [ 100.518451983000091, 13.610613872000044 ], [ 100.518480208000199, 13.610581947000185 ], [ 100.518507108000108, 13.610548873000084 ], [ 100.518532785000048, 13.610514828000021 ], [ 100.518557227000088, 13.610479871000052 ], [ 100.518587387000139, 13.610432769000056 ], [ 100.518665948000148, 13.610297731000117 ], [ 100.518686160000186, 13.610264698000094 ], [ 100.518708124000057, 13.610231470000031 ], [ 100.518726644000196, 13.610206137000148 ], [ 100.518731449000143, 13.610199557000158 ], [ 100.518752899000106, 13.610173703000157 ], [ 100.518756490000158, 13.610169373000133 ], [ 100.518783713000175, 13.610141435000116 ], [ 100.51881114400004, 13.610118051000143 ], [ 100.518840512000168, 13.610096800000065 ], [ 100.518871462000106, 13.610077438000076 ], [ 100.518902931000127, 13.610060226000087 ], [ 100.518935439000131, 13.610044465000101 ], [ 100.518968794000159, 13.610030031000178 ], [ 100.51900289800011, 13.610016900000062 ], [ 100.519038623000142, 13.61000475600008 ], [ 100.51907489700011, 13.609993862000067 ], [ 100.519111613000121, 13.60998413100009 ], [ 100.519153014000096, 13.609974565000186 ], [ 100.519194711000068, 13.609966215000043 ], [ 100.519236541000168, 13.609958925000115 ], [ 100.519278396000175, 13.609952640000074 ], [ 100.519490893000068, 13.609944228000074 ], [ 100.519524639000053, 13.609941549000098 ], [ 100.519545655000172, 13.609937996000099 ], [ 100.519549937000193, 13.609937264000052 ], [ 100.519570145000046, 13.609928886000034 ], [ 100.519584431000169, 13.609918895000021 ], [ 100.519589211000039, 13.609912695000048 ], [ 100.519595316000107, 13.609904793000112 ], [ 100.519722563000073, 13.609670235000067 ], [ 100.519723991000035, 13.6096677540001 ], [ 100.519827294000095, 13.609479979000128 ], [ 100.51986891700011, 13.609409043000085 ], [ 100.519890762000045, 13.609374437000099 ], [ 100.519913669000061, 13.60934073500016 ], [ 100.519944980999981, 13.60929172699997 ], [ 100.519969661000061, 13.609253097000021 ], [ 100.519971066000096, 13.609251111 ], [ 100.519985753000185, 13.609230373000059 ], [ 100.520010362000164, 13.609204614000134 ], [ 100.520038909000107, 13.609182142000066 ], [ 100.520061603000045, 13.609167147000164 ], [ 100.52010033200014, 13.609150693000061 ], [ 100.520118739000168, 13.609142866000013 ], [ 100.520259949000149, 13.609092507000014 ], [ 100.520286237000164, 13.609079388000112 ], [ 100.520293478000156, 13.609072810999976 ], [ 100.52031495000017, 13.609053312000071 ], [ 100.520337844000096, 13.609023044000082 ], [ 100.520347250000157, 13.609010611000031 ], [ 100.520363855000198, 13.608969408000064 ], [ 100.520368812000186, 13.608957108000084 ], [ 100.5203737880002, 13.608940569000083 ], [ 100.520379229000071, 13.608912076000138 ], [ 100.520380724000063, 13.608840996000083 ], [ 100.520379139000056, 13.60847860400014 ], [ 100.520386144000156, 13.608321997000075 ], [ 100.520404847, 13.608118355000101 ], [ 100.520492819000197, 13.607481790000065 ], [ 100.520502295000085, 13.607399538000038 ], [ 100.520521753000139, 13.607313308000187 ], [ 100.520799284000077, 13.606282222000118 ], [ 100.520992807000198, 13.605568688000062 ], [ 100.521008248000157, 13.605480529000147 ], [ 100.521019790000196, 13.605408049000175 ], [ 100.5210273940001, 13.605345378000038 ], [ 100.521037701000182, 13.605146511000044 ], [ 100.521037943000181, 13.605141864000075 ], [ 100.520984233000036, 13.605134319000115 ], [ 100.520958578000091, 13.605130715000143 ], [ 100.520729468000184, 13.605094950000137 ], [ 100.520561453000198, 13.605070049000119 ], [ 100.52043072500004, 13.605052759999978 ], [ 100.520289276000142, 13.605035492000184 ], [ 100.520215385000142, 13.605026473000066 ], [ 100.520092156000032, 13.605007935000117 ], [ 100.520010424000191, 13.604993279000155 ], [ 100.519926232000159, 13.604975546 ], [ 100.519882875000178, 13.604965305000121 ], [ 100.519796582000083, 13.604943100000185 ], [ 100.51972433100002, 13.604922498000064 ], [ 100.519710914000086, 13.604918678000104 ], [ 100.519623330000115, 13.604890893 ], [ 100.519494537000014, 13.604846137000038 ], [ 100.519369454000071, 13.604799850000063 ], [ 100.519161666000116, 13.604720892999978 ], [ 100.518956730000014, 13.604640745000097 ], [ 100.518565621999983, 13.604480500000079 ], [ 100.518398468000044, 13.604413246000036 ], [ 100.518230337000034, 13.604347552000092 ], [ 100.518030861000057, 13.604272816000105 ], [ 100.517908062000117, 13.604229154000052 ], [ 100.517779793999978, 13.604185790000031 ], [ 100.517222157000106, 13.604002801999968 ], [ 100.517093696000074, 13.603960003999987 ], [ 100.517008447000194, 13.603930535000131 ], [ 100.516923885000153, 13.603899377000062 ], [ 100.516857433000155, 13.603872629000136 ], [ 100.516818547000128, 13.603855942000109 ], [ 100.516703027000176, 13.603803186000164 ], [ 100.516512294000108, 13.603711199000088 ], [ 100.516204933000154, 13.603558129000078 ], [ 100.516089151000187, 13.603501349000169 ], [ 100.516011386000059, 13.603464773000155 ], [ 100.515972187000102, 13.603447198000026 ], [ 100.515901847000123, 13.603417576000083 ], [ 100.515830692000179, 13.603389886000059 ], [ 100.515752474000124, 13.603362140000115 ], [ 100.51562432999998, 13.60332109400008 ], [ 100.515366517000075, 13.603242959000113 ], [ 100.515280843000085, 13.603216211000188 ], [ 100.515238175000093, 13.603202365000129 ], [ 100.515162065000197, 13.603176312000187 ], [ 100.51508162600004, 13.603146345000084 ], [ 100.514954742000043, 13.603094839999983 ], [ 100.514618450000057, 13.602951874000098 ], [ 100.514450450000197, 13.60288235600018 ], [ 100.513907808000056, 13.602677492000112 ], [ 100.513798076000057, 13.602632608000135 ], [ 100.513744270000075, 13.602594209000074 ], [ 100.513697391000164, 13.602546658000108 ], [ 100.513657461000037, 13.602492239000128 ], [ 100.513594729000033, 13.602391473000182 ], [ 100.513457815000038, 13.60217154500009 ], [ 100.513370634000069, 13.602025095000045 ], [ 100.513271910000071, 13.601857220000113 ], [ 100.513247403000037, 13.601816728000131 ], [ 100.513066067000182, 13.601517134 ], [ 100.512999038000032, 13.601403074000189 ], [ 100.512956842999984, 13.601325833000089 ], [ 100.512930251000114, 13.601272402 ], [ 100.51289800100011, 13.601200865000067 ], [ 100.512868363000166, 13.601128207999977 ], [ 100.512837410000145, 13.601044622000188 ], [ 100.512808211000163, 13.600960346000136 ], [ 100.512766053, 13.600833335 ], [ 100.512725372000148, 13.600705855000115 ], [ 100.512691147000055, 13.600591516000179 ], [ 100.512687228000175, 13.600578423000059 ], [ 100.512603058000138, 13.600280674000032 ], [ 100.512566340000092, 13.600153269000089 ], [ 100.512540677, 13.600068696000108 ], [ 100.512513265000052, 13.599984004000191 ], [ 100.512441190000061, 13.599773348000156 ], [ 100.512088641000105, 13.598764197999969 ], [ 100.512001645, 13.598511549000136 ], [ 100.51192769000005, 13.598263006000082 ], [ 100.511918497000067, 13.598232112000176 ], [ 100.511896388000082, 13.598166869000011 ], [ 100.511554650000051, 13.597158279000041 ], [ 100.511521628000196, 13.597032950000084 ], [ 100.511509367000144, 13.596943786000168 ], [ 100.511509381000167, 13.596943072000101 ], [ 100.511511381000105, 13.596854386000075 ], [ 100.511457441000118, 13.596858862999966 ], [ 100.511290778999978, 13.596872674000167 ], [ 100.511214537000058, 13.596883862000027 ], [ 100.51109171500002, 13.596905714000059 ], [ 100.510920050000152, 13.59694035300015 ], [ 100.510705811000093, 13.596985676000088 ], [ 100.510533921000103, 13.59702323800019 ], [ 100.509447882000188, 13.597271557 ], [ 100.509310597000137, 13.597301335000168 ], [ 100.50912373, 13.597341043000085 ], [ 100.508792885999981, 13.597411347000047 ], [ 100.508246032000045, 13.597536621000131 ], [ 100.507943583000156, 13.597604430000104 ], [ 100.507807385000092, 13.597634967999966 ], [ 100.507782354000028, 13.597639834 ], [ 100.507757566000123, 13.597644652999975 ], [ 100.507733589, 13.597644799000022 ], [ 100.507730924000043, 13.597644488000071 ], [ 100.507702882000046, 13.597641233000047 ], [ 100.507648139000025, 13.597624217999964 ], [ 100.507628878000162, 13.597618225000133 ], [ 100.507509999000149, 13.597571770000059 ], [ 100.507340438000085, 13.597505512000112 ], [ 100.507173195000178, 13.597450240000171 ], [ 100.507087765000051, 13.597438556999975 ], [ 100.506970689000127, 13.59742894599998 ], [ 100.506785591000096, 13.597430064999969 ], [ 100.506727091000073, 13.597432820000108 ], [ 100.506671489000041, 13.597435443000109 ], [ 100.506634118000079, 13.59744130100006 ], [ 100.506583382000144, 13.597455679000177 ], [ 100.506458556000098, 13.597510539000098 ], [ 100.506343854000022, 13.597560958000088 ], [ 100.506204619000187, 13.597622155000067 ], [ 100.506016147000196, 13.597696466000116 ], [ 100.50594621800019, 13.59771002400015 ], [ 100.505945822000172, 13.597710054000174 ], [ 100.505890616000045, 13.597714113000052 ], [ 100.505826345000116, 13.597711686000139 ], [ 100.505788896000126, 13.597705344000133 ], [ 100.505668081000181, 13.597666544000106 ], [ 100.505616870000097, 13.597650097999974 ], [ 100.50561232299998, 13.597648803000141 ], [ 100.505562099000088, 13.597634478000145 ], [ 100.505539689000045, 13.597631285000148 ], [ 100.505517937000036, 13.597628177000047 ], [ 100.505458458000135, 13.597625721000043 ], [ 100.505297360000156, 13.597630455000058 ], [ 100.505214924000086, 13.597638457000187 ], [ 100.505076957000142, 13.597661801000186 ], [ 100.505074839000144, 13.597662228000104 ], [ 100.505009294000104, 13.597675354000103 ], [ 100.504961055000138, 13.597685020000029 ], [ 100.504879602000017, 13.597695832000056 ], [ 100.50481534000005, 13.597696220000103 ], [ 100.504738561000181, 13.597688245000029 ], [ 100.504561870000032, 13.597654593000073 ], [ 100.504463491000138, 13.597631706000072 ], [ 100.504432201000043, 13.59762441800018 ], [ 100.504423801000087, 13.597621908000121 ], [ 100.504370699000106, 13.597606022000093 ], [ 100.504326460000129, 13.597587531000045 ], [ 100.504292315000043, 13.597571088000052 ], [ 100.504241804, 13.597546763000082 ], [ 100.504207163999979, 13.597529256000144 ], [ 100.504162910000048, 13.597506898000063 ], [ 100.504092608000121, 13.597461347000092 ], [ 100.504061211000078, 13.597436828000127 ], [ 100.5040604940001, 13.597436277000156 ], [ 100.503992609000079, 13.597383271000012 ], [ 100.503841041000157, 13.597264916000086 ], [ 100.50329350800007, 13.596828225000138 ], [ 100.503081369000199, 13.596664304000114 ], [ 100.502932085000111, 13.596548953000081 ], [ 100.502914990000193, 13.596539973000063 ], [ 100.502907166000114, 13.596534229000099 ], [ 100.502779821000104, 13.596477433000018 ], [ 100.502731948000132, 13.596466502000112 ], [ 100.502702277000083, 13.596459724000113 ], [ 100.502617949000069, 13.596450963000166 ], [ 100.502496884000095, 13.596438373000183 ], [ 100.502468032000195, 13.596435378000024 ], [ 100.502454323, 13.596433951000165 ], [ 100.502378331000102, 13.596416233000127 ], [ 100.502300683000101, 13.596381859000132 ], [ 100.502284689000192, 13.596370082000135 ], [ 100.502247851000163, 13.59634293 ], [ 100.502034464000189, 13.596185725000055 ], [ 100.501998840000056, 13.596159483 ], [ 100.50193377700009, 13.59611449200014 ], [ 100.50181649600006, 13.59603337600015 ], [ 100.501719058, 13.595979294000131 ], [ 100.501563261000172, 13.595912692000127 ], [ 100.501402736000159, 13.595856431000186 ], [ 100.501193317000116, 13.595803278000119 ], [ 100.501079808000043, 13.595778036000183 ], [ 100.500955120000071, 13.595750300000191 ], [ 100.500851424000189, 13.59573122200004 ], [ 100.500804324000171, 13.595715563000056 ], [ 100.500763930000062, 13.595697039000129 ], [ 100.500726353000061, 13.59567005800011 ], [ 100.500635050000199, 13.595585395000114 ], [ 100.500558489000184, 13.595514396000056 ], [ 100.500471793000088, 13.595454873000165 ], [ 100.500424668000051, 13.595433582000112 ], [ 100.500395830000116, 13.595424372000025 ], [ 100.500371844000085, 13.595421699999974 ], [ 100.500349779000146, 13.595421833000103 ], [ 100.500328692000096, 13.595423840000024 ], [ 100.500296129000162, 13.595430604 ], [ 100.500188828000034, 13.595458263000069 ], [ 100.500158239000086, 13.595466145000046 ], [ 100.499970675000043, 13.59553294300008 ], [ 100.499700725000082, 13.595622775000038 ], [ 100.499646213000176, 13.595640908 ], [ 100.499637586000119, 13.595640960000026 ], [ 100.49963180400016, 13.595637242000066 ], [ 100.499625049000201, 13.595630716000073 ], [ 100.4995835900001, 13.595505992000028 ], [ 100.499570934000076, 13.595468145000041 ], [ 100.499561302000188, 13.595441904999973 ], [ 100.499543433000042, 13.595393222000155 ], [ 100.499528153000199, 13.595355681000115 ], [ 100.499495000000195, 13.595281623000062 ], [ 100.499476458000117, 13.59524356300011 ], [ 100.499437612000065, 13.595168206000153 ], [ 100.499434589000089, 13.595162548000076 ], [ 100.499357842000052, 13.59501892600008 ], [ 100.499338665000153, 13.594981663999988 ], [ 100.499336617000154, 13.594977378000181 ], [ 100.499306575000162, 13.594914415000062 ], [ 100.499291722000066, 13.59488034900005 ], [ 100.499277815000085, 13.594845970000165 ], [ 100.499265079000111, 13.594811212000138 ], [ 100.499254404, 13.594778297000119 ], [ 100.499245008000116, 13.594745020000119 ], [ 100.49923650900007, 13.594709558000034 ], [ 100.499229182000079, 13.594673779 ], [ 100.499222746000044, 13.594637775000081 ], [ 100.499211295000066, 13.594561978000115 ], [ 100.499201653000171, 13.594482411000172 ], [ 100.49919782000012, 13.594442497000045 ], [ 100.499192776000086, 13.594368014000054 ], [ 100.499191322000115, 13.594330690000163 ], [ 100.499190575000171, 13.594253444000174 ], [ 100.499191153000197, 13.594214793000049 ], [ 100.499193934000175, 13.594137525000065 ], [ 100.499198948000071, 13.594056536000039 ], [ 100.499208820000149, 13.593922915000064 ], [ 100.499209727000164, 13.593910701000141 ], [ 100.499213563000126, 13.593827618000091 ], [ 100.49921407000005, 13.593786187000148 ], [ 100.499213197000074, 13.593744887000071 ], [ 100.49921117100007, 13.593711223000128 ], [ 100.499207828000067, 13.593677706000108 ], [ 100.499203034, 13.593644402000052 ], [ 100.499195698000108, 13.593607122000151 ], [ 100.499185968000063, 13.593568260000097 ], [ 100.499174644000163, 13.593529663000027 ], [ 100.499162209000133, 13.593491266000171 ], [ 100.499108182000157, 13.5933380620001 ], [ 100.499081733000196, 13.593259416000137 ], [ 100.499056787000086, 13.593178899000122 ], [ 100.499033546000021, 13.593096570000171 ], [ 100.499012666000112, 13.593013822000103 ], [ 100.499003425000126, 13.592972282 ], [ 100.498999221000133, 13.592949496000074 ], [ 100.498991035000188, 13.592919081000161 ], [ 100.498976879000054, 13.592842260000111 ], [ 100.49896837700004, 13.592743115000133 ], [ 100.498967042000061, 13.592727506000188 ], [ 100.498966887000108, 13.59270272800012 ], [ 100.498966874000189, 13.592700760000128 ], [ 100.499000014000103, 13.592534468000053 ], [ 100.499041597000087, 13.592429381000102 ], [ 100.499060582000141, 13.592381394000142 ], [ 100.499097545000097, 13.592241985999976 ], [ 100.499105299, 13.592186457000082 ], [ 100.49910511700017, 13.592157398000097 ], [ 100.499088411000059, 13.592078234000098 ], [ 100.499041699000088, 13.591951688000108 ], [ 100.499022827000147, 13.591915626000173 ], [ 100.498912265000058, 13.591704304000075 ], [ 100.498901697000065, 13.591684108000038 ], [ 100.498855936000098, 13.591608403000066 ], [ 100.49873041799998, 13.59140812600009 ], [ 100.498686179000174, 13.59133754100003 ], [ 100.498638732000074, 13.591263489000141 ], [ 100.498591475000126, 13.591193831000055 ], [ 100.498544049000145, 13.591128880999975 ], [ 100.498494215999983, 13.591065789000083 ], [ 100.498467040000037, 13.591033855000148 ], [ 100.498439022000071, 13.591002623 ], [ 100.498410141000079, 13.590972156000078 ], [ 100.498380218000136, 13.590942322000103 ], [ 100.498349586000131, 13.590913128000182 ], [ 100.498286913000186, 13.590856027000143 ], [ 100.49809509, 13.590688210000053 ], [ 100.497998150000171, 13.590600843000175 ], [ 100.497932426000034, 13.590537837000113 ], [ 100.497928321000188, 13.590533678000043 ], [ 100.497928148000085, 13.590533493000123 ], [ 100.49790056500018, 13.590505517000111 ], [ 100.497869638, 13.590472431000023 ], [ 100.497839968000051, 13.590438341000038 ], [ 100.497829279000143, 13.590424950999989 ], [ 100.497811879000096, 13.590403154000057 ], [ 100.497784975, 13.590367008000101 ], [ 100.497758871000201, 13.590330213000186 ], [ 100.497657047000075, 13.590180710000141 ], [ 100.49741079000006, 13.589826311000024 ], [ 100.497357462000082, 13.589751076000141 ], [ 100.497282117000168, 13.589644775000124 ], [ 100.497057330000132, 13.589330448000112 ], [ 100.497012729000062, 13.589269902000126 ], [ 100.496958425, 13.589198742000065 ], [ 100.496875235000061, 13.589093265000145 ], [ 100.496818568000094, 13.589023885000074 ], [ 100.496762201000138, 13.588957759000095 ], [ 100.496706269000128, 13.588894774000153 ], [ 100.496621070000117, 13.588801342000068 ], [ 100.496534954000083, 13.588708656000051 ], [ 100.496476994000091, 13.588647334000086 ], [ 100.496255843000142, 13.588417500999981 ], [ 100.49619833200012, 13.588358745000107 ], [ 100.496169101000078, 13.588329983000051 ], [ 100.496139352, 13.588301896000132 ], [ 100.496108869000068, 13.588274747000071 ], [ 100.49607740100015, 13.588248877000069 ], [ 100.496048740000163, 13.58822749300009 ], [ 100.4960191670001, 13.588207339 ], [ 100.495988717999978, 13.588188437000042 ], [ 100.495959917, 13.588172076000035 ], [ 100.495930581000096, 13.588156512000182 ], [ 100.495860976000074, 13.588121972000181 ], [ 100.495845679000126, 13.588114790000077 ], [ 100.495617022000147, 13.588017433000118 ], [ 100.495546244000138, 13.587987297000097 ], [ 100.495022542000186, 13.587779104000049 ], [ 100.494807807000086, 13.587704173000134 ], [ 100.494696068000167, 13.587677133000057 ], [ 100.494605699000033, 13.587667276 ], [ 100.494529554000053, 13.58766773300016 ], [ 100.494480010000018, 13.587674959000026 ], [ 100.494381039000132, 13.587705002000121 ], [ 100.494293885, 13.587737366000113 ], [ 100.494096592000119, 13.587810636000142 ], [ 100.494052394, 13.587821300000144 ], [ 100.494009880000021, 13.587819815000103 ], [ 100.493981456000199, 13.587804405000099 ], [ 100.493951199000094, 13.587780328000122 ], [ 100.493899388000159, 13.587707889000114 ], [ 100.49384982000015, 13.587600409000061 ], [ 100.493771929000161, 13.587431499000161 ], [ 100.493755464000117, 13.587402016000112 ], [ 100.493729338000094, 13.587368945000094 ], [ 100.493695083000034, 13.587334405000092 ], [ 100.493653162000044, 13.587296634999973 ], [ 100.493604439000137, 13.587266207000141 ], [ 100.49353337000008, 13.587228524000125 ], [ 100.493329545000165, 13.587165073000108 ], [ 100.493320458000198, 13.587162241000044 ], [ 100.493238708000035, 13.587146603000178 ], [ 100.493102303000171, 13.587120513000173 ], [ 100.492951686000083, 13.587091692000172 ], [ 100.492838850000169, 13.587076619000072 ], [ 100.492600371000037, 13.587044749000086 ], [ 100.492517466000038, 13.58703366400016 ], [ 100.492379578000168, 13.587006894000069 ], [ 100.492319592000172, 13.586995237999986 ], [ 100.492301160000068, 13.586991659000148 ], [ 100.492266705000134, 13.586978650000049 ], [ 100.492251462000013, 13.58697289700001 ], [ 100.492219459000125, 13.586952309000083 ], [ 100.492198130000077, 13.586934269000039 ], [ 100.492190981000078, 13.586928230000126 ], [ 100.492178404000015, 13.586911311999984 ], [ 100.492132189000188, 13.586849132000168 ], [ 100.492112922000103, 13.58682320600019 ], [ 100.492032032000168, 13.58671438600004 ], [ 100.491953501000182, 13.586616108999976 ], [ 100.491917896000132, 13.586585152 ], [ 100.491718754000033, 13.586456426000041 ], [ 100.491687561, 13.586436998000181 ], [ 100.491633593000188, 13.586403396000094 ], [ 100.491553424000188, 13.586353479000138 ], [ 100.491485004000197, 13.586313501000177 ], [ 100.491370345000064, 13.586246496000058 ], [ 100.491235369000094, 13.586170194000147 ], [ 100.491233214000147, 13.58616897100012 ], [ 100.491218267000079, 13.586161283000024 ], [ 100.49119646000014, 13.586157733000107 ], [ 100.491192726000179, 13.586158161000128 ], [ 100.491178602000105, 13.58616517500019 ], [ 100.491177957000104, 13.586165885000071 ], [ 100.491014275000055, 13.58634379700004 ], [ 100.490916439000159, 13.586450156000012 ], [ 100.49082886900004, 13.586543061000157 ], [ 100.490814932000035, 13.586562805000028 ], [ 100.490785181000149, 13.58660491400002 ], [ 100.49077231300015, 13.586629727000059 ], [ 100.490732303000186, 13.586706855000045 ], [ 100.490725046000023, 13.5867223730001 ], [ 100.49060803600014, 13.586972438000089 ], [ 100.490581802000065, 13.58702286800019 ], [ 100.490511605000052, 13.587157787000024 ], [ 100.490449256000147, 13.587241511000059 ], [ 100.490424075000078, 13.587272866999967 ], [ 100.490397380000104, 13.58730312900019 ], [ 100.490369507000196, 13.587332515000128 ], [ 100.490311025000153, 13.587389601000041 ], [ 100.490189322000106, 13.587500842000111 ], [ 100.490129263000199, 13.587557089000029 ], [ 100.490128429000151, 13.587557907000132 ], [ 100.490100104000192, 13.587585901000125 ], [ 100.490071854000178, 13.587615448000179 ], [ 100.490044863000151, 13.587645985000108 ], [ 100.4900194760001, 13.587677590000169 ], [ 100.489995313000122, 13.587710177000076 ], [ 100.489972049000187, 13.587743481000189 ], [ 100.48995735200009, 13.587765736000165 ], [ 100.489927144000092, 13.587811468000041 ], [ 100.489884561000054, 13.587878326000066 ], [ 100.489801162000163, 13.588013448000083 ], [ 100.489700604000177, 13.588182772000039 ], [ 100.489655200000186, 13.588254733000042 ], [ 100.489631560000134, 13.588290062000056 ], [ 100.489607131000184, 13.588324830999966 ], [ 100.489570235000144, 13.588373355999977 ], [ 100.489562842000169, 13.5883830840001 ], [ 100.489539664000176, 13.58841138300005 ], [ 100.489515741000105, 13.588439068000127 ], [ 100.489491011000155, 13.588466044000029 ], [ 100.489462451000122, 13.588495169000055 ], [ 100.489403033000144, 13.588551395000081 ], [ 100.489280932000099, 13.58866120800019 ], [ 100.489218698000116, 13.588718880000158 ], [ 100.48912679200015, 13.588806948000183 ], [ 100.489006313, 13.588926479 ], [ 100.488918148000096, 13.58901822200005 ], [ 100.488745125000094, 13.589209616000062 ], [ 100.488688250999985, 13.589269984000111 ], [ 100.488659196000185, 13.589299528000083 ], [ 100.488629551000145, 13.589328448000174 ], [ 100.488596136000126, 13.589359298000034 ], [ 100.488561793000201, 13.58938903100011 ], [ 100.488529711000012, 13.589414991000126 ], [ 100.48852566100004, 13.589418070000079 ], [ 100.488496873000145, 13.589439887000026 ], [ 100.488465831000099, 13.589461815000107 ], [ 100.488463269000022, 13.589463622000153 ], [ 100.488431840000032, 13.58948421000008 ], [ 100.488431030000129, 13.589484701 ], [ 100.488412914000037, 13.589498421000087 ], [ 100.488352514000042, 13.589536133000024 ], [ 100.488306969000064, 13.589561077000099 ], [ 100.488250023000148, 13.589583938000146 ], [ 100.488181394000094, 13.589601738 ], [ 100.488045157999977, 13.589621601000147 ], [ 100.487974338000186, 13.589623763000134 ], [ 100.487896403000036, 13.589619461000154 ], [ 100.48780427500003, 13.589614379000068 ], [ 100.487760012000194, 13.589614644000051 ], [ 100.487741598000127, 13.589621207000107 ], [ 100.487735268000108, 13.589623451000136 ], [ 100.487557677000098, 13.589735264000069 ], [ 100.487461520000181, 13.589795813000023 ], [ 100.487237656000161, 13.589943186000028 ], [ 100.487016015, 13.590092293 ], [ 100.4869417660002, 13.59014082900012 ], [ 100.486904190000075, 13.590164385000151 ], [ 100.486869063000142, 13.590185605000102 ], [ 100.486797926000179, 13.590226618000031 ], [ 100.486689593, 13.590285414000107 ], [ 100.486581771000147, 13.590339737000079 ], [ 100.486473778000175, 13.59039094700006 ], [ 100.486396072000161, 13.590426404000027 ], [ 100.486146325000163, 13.590537568000173 ], [ 100.486022397000056, 13.590594955000029 ], [ 100.485752773000115, 13.590728670000033 ], [ 100.485593767000125, 13.590809331 ], [ 100.485334317000138, 13.590933451000183 ], [ 100.485079750000125, 13.591059031999976 ], [ 100.484903626000118, 13.59114592300017 ], [ 100.484677700000077, 13.591252593000092 ], [ 100.484532873000092, 13.591321974999971 ], [ 100.484460711000168, 13.591355138000154 ], [ 100.48442425900015, 13.591370752000046 ], [ 100.484272276000127, 13.59143024600013 ], [ 100.484238442000162, 13.591444669 ], [ 100.484234825000101, 13.591446209000139 ], [ 100.484227896000164, 13.591449473000068 ], [ 100.484195133000014, 13.591464895000058 ], [ 100.484156056000074, 13.59148492900016 ], [ 100.484079235000195, 13.591527847000123 ], [ 100.484003783, 13.591573450000112 ], [ 100.483929601000114, 13.591621227000076 ], [ 100.483893107000085, 13.591646003000164 ], [ 100.483835560000045, 13.591687112000102 ], [ 100.483779033000076, 13.591729592000036 ], [ 100.483714635000069, 13.591779252000094 ], [ 100.483664599000178, 13.591817844000047 ], [ 100.483612358000016, 13.591855867000106 ], [ 100.4835585900002, 13.59189224 ], [ 100.483531209000148, 13.591909678000036 ], [ 100.48349944600011, 13.591928980000034 ], [ 100.483434723000187, 13.591965594000044 ], [ 100.483368459000189, 13.591999481000073 ], [ 100.483328217000064, 13.592018206000148 ], [ 100.48324646400016, 13.592053209000085 ], [ 100.483122122000168, 13.592102298000157 ], [ 100.482996864000086, 13.59214938100007 ], [ 100.482886969000162, 13.592189698000084 ], [ 100.482857679000062, 13.592200447000039 ], [ 100.482788197000161, 13.592227688000037 ], [ 100.482620656000051, 13.592296190000013 ], [ 100.482380274000036, 13.592394470000158 ], [ 100.482296283000153, 13.592430881000098 ], [ 100.482254935000071, 13.592450203000055 ], [ 100.482214289000069, 13.592470713000182 ], [ 100.482176767000169, 13.592491479000103 ], [ 100.482140138000091, 13.592513633000181 ], [ 100.482102894000036, 13.592538237000099 ], [ 100.48206668500012, 13.592564193999976 ], [ 100.482031586000176, 13.592591478000145 ], [ 100.481997769000145, 13.592620166000188 ], [ 100.481965550000041, 13.5926504950001 ], [ 100.481938688000128, 13.592678789000161 ], [ 100.48191308000014, 13.592708303000109 ], [ 100.481888505000143, 13.59273876300017 ], [ 100.481864793000113, 13.592770004000158 ], [ 100.481841870000096, 13.592801875000021 ], [ 100.481819699000141, 13.592834335000077 ], [ 100.48181364800007, 13.592843693000134 ], [ 100.481795636000186, 13.592871555000102 ], [ 100.481750002000126, 13.592947504999984 ], [ 100.481728419000035, 13.592986079000184 ], [ 100.481707787000119, 13.593025035000039 ], [ 100.481677644000172, 13.593087256000103 ], [ 100.481663779000201, 13.59311868500015 ], [ 100.481650863000198, 13.593150303000073 ], [ 100.481640221000191, 13.593179039000177 ], [ 100.481630934000066, 13.593208102000176 ], [ 100.48162247900018, 13.593241592000084 ], [ 100.481616030000055, 13.593275617000131 ], [ 100.481611289000114, 13.593310047000159 ], [ 100.481609105000132, 13.593334627000047 ], [ 100.481607392000058, 13.59335382900008 ], [ 100.481605239000146, 13.593397963000143 ], [ 100.481604239000092, 13.593486899000027 ], [ 100.481604516000175, 13.593505233000144 ], [ 100.481605598000101, 13.593576306999978 ], [ 100.481609725000169, 13.593755397000052 ], [ 100.481610489000047, 13.593844782000076 ], [ 100.481609980000087, 13.593889365000109 ], [ 100.481606757000122, 13.593968904000064 ], [ 100.481603708000137, 13.594008461000044 ], [ 100.481599423000034, 13.594047815000124 ], [ 100.481593547000045, 13.594086895000146 ], [ 100.481586777000018, 13.594121548999965 ], [ 100.481570292000185, 13.594190424000089 ], [ 100.481486734000043, 13.594514288000084 ], [ 100.481463935000193, 13.594596743000068 ], [ 100.481426587000101, 13.594721091000054 ], [ 100.481402564000177, 13.594801072000166 ], [ 100.481380745000024, 13.59488137500017 ], [ 100.481320708000169, 13.595123179000097 ], [ 100.481300484000087, 13.595204664000164 ], [ 100.481241350000175, 13.595449483000095 ], [ 100.481209737000086, 13.595573002000094 ], [ 100.481176072000096, 13.595696102000147 ], [ 100.481129403000011, 13.595859790000191 ], [ 100.481092899000032, 13.595982077000087 ], [ 100.481059411000103, 13.596088606000137 ], [ 100.481038614000056, 13.596157426000104 ], [ 100.48101914300014, 13.596229479000158 ], [ 100.481010407000156, 13.596265734000042 ], [ 100.480997992000084, 13.596324450000111 ], [ 100.480990269000074, 13.596366842000066 ], [ 100.480976910000095, 13.596452039000098 ], [ 100.480965203000153, 13.596537570000123 ], [ 100.480933726000103, 13.596794873000022 ], [ 100.480914117000168, 13.596966636000104 ], [ 100.480892854999979, 13.597164300000145 ], [ 100.480883005000067, 13.59723758400014 ], [ 100.480870980000077, 13.597309636999967 ], [ 100.480853986000056, 13.59739674399998 ], [ 100.480825285000094, 13.597527027000012 ], [ 100.480819397000118, 13.597551091000071 ], [ 100.480804144000047, 13.597613479000074 ], [ 100.480792652000162, 13.597656458000188 ], [ 100.480780246, 13.59769914400016 ], [ 100.480767089000096, 13.597740103999968 ], [ 100.480752757000118, 13.597780611000019 ], [ 100.480737139000098, 13.59782053400005 ], [ 100.480720010000198, 13.59785971600013 ], [ 100.480700989000127, 13.59789787700015 ], [ 100.480679149000082, 13.597935719000077 ], [ 100.480655206000165, 13.59797224 ], [ 100.480629425000075, 13.598007394999968 ], [ 100.480601855000089, 13.598041034000175 ], [ 100.480572424000059, 13.598072795000064 ], [ 100.480540803000167, 13.598102149000169 ], [ 100.480537336000168, 13.59810486300006 ], [ 100.480511901999989, 13.598124823000092 ], [ 100.480481336000139, 13.598145335000027 ], [ 100.480449311000086, 13.598163631000091 ], [ 100.480418404000091, 13.598178566 ], [ 100.480386537000015, 13.598191679000138 ], [ 100.480353875000162, 13.598203058000081 ], [ 100.480320525000081, 13.598212719000117 ], [ 100.480278691000194, 13.598222211000177 ], [ 100.480236201000196, 13.598229339000056 ], [ 100.480193237000037, 13.598234318000038 ], [ 100.480160239000156, 13.598236703000111 ], [ 100.480127098000139, 13.598237942000139 ], [ 100.480093879000151, 13.598238051000067 ], [ 100.480051200000105, 13.598236627000119 ], [ 100.479965732000096, 13.598230241000124 ], [ 100.479794405000064, 13.598213109000142 ], [ 100.479708270000117, 13.598205446000122 ], [ 100.479579079000189, 13.598195320000173 ], [ 100.479492973000163, 13.598189440000056 ], [ 100.479406863000179, 13.598184487000083 ], [ 100.479378472, 13.598183350000056 ], [ 100.479320726000026, 13.598181035000152 ], [ 100.479276074000097, 13.59818011800013 ], [ 100.479186753000079, 13.598179704000131 ], [ 100.479052735000153, 13.59818148800008 ], [ 100.478963480000175, 13.598184331000027 ], [ 100.478895754000064, 13.598188247 ], [ 100.478874490000067, 13.598189476000016 ], [ 100.478836724000132, 13.598192782000126 ], [ 100.478761620000171, 13.598201719000087 ], [ 100.478745707000144, 13.598204188000182 ], [ 100.478724347000195, 13.598207511 ], [ 100.478687352000065, 13.598214387000041 ], [ 100.478652726000178, 13.598222069000144 ], [ 100.478618478000044, 13.598231030000079 ], [ 100.478586995000171, 13.598240609000072 ], [ 100.478555907999976, 13.598251351999977 ], [ 100.478525262000119, 13.598263256999985 ], [ 100.478521175000083, 13.598265047000154 ], [ 100.478489206000177, 13.598279026000171 ], [ 100.4784537540001, 13.59829621200015 ], [ 100.478418879000117, 13.598314639000023 ], [ 100.47838261000004, 13.598335317000135 ], [ 100.478346889000193, 13.598357015000147 ], [ 100.478311670000039, 13.598379586000135 ], [ 100.478276951999987, 13.598402965000048 ], [ 100.478097388000094, 13.598531758000092 ], [ 100.477988500000151, 13.598606884000105 ], [ 100.477915419000055, 13.5986552 ], [ 100.477841992000094, 13.598701875000074 ], [ 100.477767665000044, 13.598747160000187 ], [ 100.477730068000085, 13.598769135000111 ], [ 100.477656291000073, 13.598810198000081 ], [ 100.477581549000092, 13.598849767000047 ], [ 100.477362449000111, 13.598960035000118 ], [ 100.477290547, 13.598997671 ], [ 100.477254274000131, 13.599017828000171 ], [ 100.477218539000091, 13.599038785000062 ], [ 100.47719878800018, 13.599051154999984 ], [ 100.47718353200014, 13.599060717999976 ], [ 100.477147628000182, 13.599085083000148 ], [ 100.477112807000083, 13.599110722000034 ], [ 100.477079239000147, 13.599137634000158 ], [ 100.477047196000058, 13.599165932000176 ], [ 100.477017112000055, 13.599195869000084 ], [ 100.476991741000177, 13.599224876000108 ], [ 100.47696848400011, 13.599255338000091 ], [ 100.476960866000184, 13.599266832000183 ], [ 100.47694743600016, 13.599287119000167 ], [ 100.476928897000107, 13.599320183000088 ], [ 100.476912718000108, 13.599355802000105 ], [ 100.476909100000171, 13.599366099000122 ], [ 100.476899779000178, 13.599392628000089 ], [ 100.476893860000132, 13.599414494000143 ], [ 100.476887284000156, 13.599447161000114 ], [ 100.476883013000077, 13.599480334000077 ], [ 100.47688158, 13.599502438000115 ], [ 100.476880880000124, 13.599513256000137 ], [ 100.476880580000113, 13.599546424000039 ], [ 100.476881929000115, 13.599579176000077 ], [ 100.476884723000182, 13.599611998000114 ], [ 100.476888807000194, 13.599644813000111 ], [ 100.476894997000159, 13.599682533000191 ], [ 100.476901812999984, 13.599716241000124 ], [ 100.47690259500007, 13.599720130000037 ], [ 100.476911454000174, 13.599757542000077 ], [ 100.476919224000142, 13.599785012000041 ], [ 100.476925535000191, 13.599807326000132 ], [ 100.476930923000111, 13.599826371 ], [ 100.476953636000133, 13.599894377000169 ], [ 100.476968276000093, 13.599933768000142 ], [ 100.476983644000143, 13.599972908000154 ], [ 100.477015758000107, 13.600050675000091 ], [ 100.477166681000085, 13.600402748000022 ], [ 100.477296852999984, 13.600690449000126 ], [ 100.477333274999978, 13.600772850999988 ], [ 100.477416829000163, 13.600973955000143 ], [ 100.47743348500012, 13.601012477000097 ], [ 100.477468404000092, 13.601088471000025 ], [ 100.47748680300009, 13.601125773999968 ], [ 100.477549740000086, 13.601247461000185 ], [ 100.477588633000153, 13.601320995000037 ], [ 100.477660228000161, 13.601456350000149 ], [ 100.477698262000104, 13.601533921999987 ], [ 100.477715726000099, 13.601573137000116 ], [ 100.477731548000179, 13.601612769000042 ], [ 100.477741738000134, 13.60164206900015 ], [ 100.477750550000167, 13.601671669000098 ], [ 100.477758798000139, 13.601706473000149 ], [ 100.477764693000154, 13.601741598000103 ], [ 100.477765282000121, 13.601747880000119 ], [ 100.477767900000174, 13.601775600999986 ], [ 100.477768654000045, 13.601804101000084 ], [ 100.477767180000114, 13.601841380000053 ], [ 100.477763287000073, 13.601878630000101 ], [ 100.477757298000199, 13.601915743000063 ], [ 100.477749350000067, 13.601952619000087 ], [ 100.477739451000048, 13.601989145000118 ], [ 100.477732439000192, 13.602011123000125 ], [ 100.477724704000138, 13.602032912000084 ], [ 100.477711979000048, 13.602064865000159 ], [ 100.477697915000135, 13.602096375000087 ], [ 100.477682629000128, 13.602127416000087 ], [ 100.477668123000171, 13.602154523000081 ], [ 100.477652775000138, 13.602181239000174 ], [ 100.477632429000039, 13.602214216000164 ], [ 100.477611070000137, 13.602246653000066 ], [ 100.477588868000112, 13.602278599000044 ], [ 100.477542235000044, 13.602341050000177 ], [ 100.477514266000128, 13.602375865000113 ], [ 100.477485526000066, 13.60241011 ], [ 100.477426250000121, 13.602477147000172 ], [ 100.477336293000064, 13.602572446000124 ], [ 100.477122816000076, 13.602791086000082 ], [ 100.477063283000064, 13.602854294000167 ], [ 100.477051999000196, 13.602867028000162 ], [ 100.476996092000093, 13.602911225000184 ], [ 100.476930166000159, 13.602955251000083 ], [ 100.476911433000112, 13.602941166999983 ], [ 100.476827148000154, 13.602849426000148 ], [ 100.476746579000121, 13.602761724000175 ], [ 100.476613992000068, 13.602568114000121 ], [ 100.476579266000044, 13.602517411000122 ], [ 100.476504122000051, 13.602432713000042 ], [ 100.476466634000133, 13.602402524000127 ], [ 100.476422932999981, 13.602374402000066 ], [ 100.476350216000128, 13.602346452000063 ], [ 100.476339991000089, 13.602343555000118 ], [ 100.476074650000044, 13.602268503000118 ], [ 100.476055393000138, 13.602263047 ], [ 100.475710507000201, 13.602175013000021 ], [ 100.475698349000083, 13.602171916000032 ], [ 100.475484439000127, 13.602102226000113 ], [ 100.47541166100018, 13.602064142000188 ], [ 100.47537413900011, 13.602029901000094 ], [ 100.475315696000109, 13.601963341000101 ], [ 100.475274671000193, 13.601903996999965 ], [ 100.475107036999987, 13.601661494999973 ], [ 100.474945082000033, 13.601390189000085 ], [ 100.474874461000127, 13.601274946000046 ], [ 100.474825242000065, 13.601199645000122 ], [ 100.474799438000048, 13.601162854000052 ], [ 100.474772464000125, 13.601126732000068 ], [ 100.474744547000057, 13.601091304000136 ], [ 100.474715830000036, 13.601056463000191 ], [ 100.474656332000109, 13.600988427000061 ], [ 100.474625515000128, 13.600955302000102 ], [ 100.474566800000161, 13.600895851000075 ], [ 100.474506577000056, 13.600837724000144 ], [ 100.474354751000135, 13.600693459000183 ], [ 100.474263550000103, 13.600602394000191 ], [ 100.474173734000146, 13.600507797000091 ], [ 100.474115315, 13.600443506000033 ], [ 100.474058711000112, 13.600377748000085 ], [ 100.474030945000152, 13.600343555 ], [ 100.474003764000145, 13.600308908000045 ], [ 100.473950516000173, 13.600238716000149 ], [ 100.473767668000107, 13.599990185000081 ], [ 100.473687929, 13.59988467900007 ], [ 100.473660704000167, 13.599849997000035 ], [ 100.473604822000141, 13.599781480000104 ], [ 100.47346199500015, 13.599612471000114 ], [ 100.473405529000104, 13.599544328000036 ], [ 100.473345000000165, 13.599467311000183 ], [ 100.473294923000196, 13.599398945000189 ], [ 100.473246922000044, 13.599329286 ], [ 100.473218594000173, 13.599285669000039 ], [ 100.473196163000182, 13.599248725 ], [ 100.473175038000136, 13.599211085000093 ], [ 100.473157710000123, 13.599177421000149 ], [ 100.473141435000116, 13.599143239000171 ], [ 100.473126067000067, 13.599108645000172 ], [ 100.4731115740002, 13.599073667000084 ], [ 100.473097963000043, 13.599038358000087 ], [ 100.473085315000048, 13.599002715000097 ], [ 100.47307290100008, 13.598963973000082 ], [ 100.47306125900019, 13.598923213000091 ], [ 100.473050762000128, 13.598882121000031 ], [ 100.473041265000177, 13.598840783000185 ], [ 100.473032732000092, 13.598799220000046 ], [ 100.47302520900007, 13.598757465000062 ], [ 100.473016401000052, 13.598697647000051 ], [ 100.473008450000179, 13.598623082000017 ], [ 100.473004961000186, 13.598578434000046 ], [ 100.472997435000082, 13.598444183000083 ], [ 100.472983566000096, 13.598130614000127 ], [ 100.472976066000172, 13.598000582000054 ], [ 100.472970079000106, 13.597915359000183 ], [ 100.472963242000162, 13.597831315000178 ], [ 100.47293692900007, 13.597541311000157 ], [ 100.472931102000189, 13.597458453000058 ], [ 100.472929095000097, 13.597417018000044 ], [ 100.472927981, 13.59737557 ], [ 100.472927998000102, 13.597331493000183 ], [ 100.472930873000053, 13.597243312999979 ], [ 100.472936248000053, 13.597155154000063 ], [ 100.472943466000117, 13.597067063000168 ], [ 100.472947796000142, 13.59702308400017 ], [ 100.472956559000068, 13.596948553000118 ], [ 100.472965633000115, 13.596882150000056 ], [ 100.472976211000116, 13.596810592000168 ], [ 100.472987772000067, 13.596739177000018 ], [ 100.473003346000098, 13.596653941000056 ], [ 100.473011855000038, 13.596611456 ], [ 100.473051709000117, 13.596430367000039 ], [ 100.473125039000138, 13.59612417400001 ], [ 100.473215731000039, 13.59573026400011 ], [ 100.473339571000167, 13.595210699000063 ], [ 100.473380254000062, 13.595044249000125 ], [ 100.473392349000051, 13.594990408 ], [ 100.473443638000163, 13.594784842000081 ], [ 100.473502414000052, 13.594549297000015 ], [ 100.473552846000132, 13.594337935000112 ], [ 100.473622578, 13.594045695000091 ], [ 100.473637630000042, 13.594001644000116 ], [ 100.473653310000088, 13.593955753000103 ], [ 100.473661227000093, 13.593932578000079 ], [ 100.473663727000144, 13.593913742000097 ], [ 100.473663669000132, 13.593904341000155 ], [ 100.473660092000102, 13.593890670000178 ], [ 100.4736538840001, 13.593876167000133 ], [ 100.47364508600009, 13.593867666000051 ], [ 100.473631051000098, 13.593860060000111 ], [ 100.473477747, 13.593813066000109 ], [ 100.472877665000112, 13.593645030000062 ], [ 100.472843629000124, 13.593635503000087 ], [ 100.472354890000133, 13.593497271000047 ], [ 100.472289807000152, 13.593478737000112 ], [ 100.472159342000111, 13.593441567000013 ], [ 100.471960747000082, 13.593384998000033 ], [ 100.471589406000192, 13.593285416000185 ], [ 100.471564328000056, 13.59327829900019 ], [ 100.471102419000147, 13.593147171 ], [ 100.470983747999981, 13.593111140000133 ], [ 100.470566324000117, 13.592984418000128 ], [ 100.470469026000046, 13.59295485399997 ], [ 100.47011343700018, 13.592846826000141 ], [ 100.469865512000183, 13.592767894000133 ], [ 100.469836351000197, 13.59275581300011 ], [ 100.46982051700013, 13.592749259000129 ], [ 100.469781383000054, 13.592725337000104 ], [ 100.469730845000186, 13.592685857000049 ], [ 100.469719818000044, 13.5926772360001 ], [ 100.469707564000089, 13.592670140000052 ], [ 100.469694496999978, 13.592667428000027 ], [ 100.46968090200005, 13.592669715000113 ], [ 100.469667482000148, 13.59267850700013 ], [ 100.469635181000058, 13.592704536000042 ], [ 100.469603483000128, 13.592739160000065 ], [ 100.469586488, 13.592763908 ], [ 100.469576410000059, 13.592792057000111 ], [ 100.469575266000163, 13.592796716000066 ], [ 100.469538829000101, 13.592961392000177 ], [ 100.469485331000101, 13.593181157000174 ], [ 100.469462939000039, 13.593273160000024 ], [ 100.469447030000197, 13.59332472900013 ], [ 100.469386556000188, 13.593520929000022 ], [ 100.469326638000041, 13.593715281000129 ], [ 100.469225479999977, 13.593899752000027 ], [ 100.469191487000103, 13.593944197000042 ], [ 100.469114109000088, 13.594045369000071 ], [ 100.469095372000083, 13.594069862000083 ], [ 100.469079792, 13.594095616000061 ], [ 100.469060157000115, 13.594141654000111 ], [ 100.468981960000121, 13.594324991000121 ], [ 100.468968606000089, 13.594356267000023 ], [ 100.468852130000187, 13.594609260000084 ], [ 100.468820099000141, 13.594661621000057 ], [ 100.46874918200001, 13.594764115000032 ], [ 100.46871610300002, 13.594811899999968 ], [ 100.468531940000162, 13.59505740000003 ], [ 100.468527920000042, 13.595062747000043 ], [ 100.468520716000114, 13.595071070000131 ], [ 100.468330842000057, 13.595290552000165 ], [ 100.468296475000159, 13.595327125999972 ], [ 100.46823790000019, 13.595389459999978 ], [ 100.468175611999982, 13.595445273999985 ], [ 100.468087914000193, 13.595523845 ], [ 100.46803506200007, 13.595568728000103 ], [ 100.467921022000098, 13.595650316000103 ], [ 100.467735281000046, 13.595782105000069 ], [ 100.467670201000033, 13.595847761000186 ], [ 100.467595256000095, 13.595958568000185 ], [ 100.46748530300016, 13.596135409000169 ], [ 100.467465358000197, 13.596172038000077 ], [ 100.467386739000176, 13.596316447000049 ], [ 100.467328624000061, 13.596392053999978 ], [ 100.46724638, 13.596478337000121 ], [ 100.467222967000112, 13.596502891 ], [ 100.467205634000038, 13.596521082000038 ], [ 100.46713924200003, 13.596590735000177 ], [ 100.467109988000118, 13.596625125000173 ], [ 100.466980713000169, 13.596777141000132 ], [ 100.466944792000106, 13.596819381000103 ], [ 100.466883260000031, 13.596908684000084 ], [ 100.466878115000043, 13.596918715000129 ], [ 100.46686381100011, 13.596954049000033 ], [ 100.4668576790001, 13.596993033000047 ], [ 100.46685134400019, 13.597056083000155 ], [ 100.466839194999977, 13.597189287000162 ], [ 100.466810820000035, 13.597356413000114 ], [ 100.466760399000066, 13.597651310000117 ], [ 100.466756811000096, 13.59767232400003 ], [ 100.466743828000176, 13.597835759000191 ], [ 100.46674398600004, 13.597861411000167 ], [ 100.466753843000049, 13.597899842000061 ], [ 100.466777954000179, 13.597937404000163 ], [ 100.466824256999985, 13.597995456000149 ], [ 100.466916366000078, 13.598064442000179 ], [ 100.466965851000168, 13.598101509000116 ], [ 100.466997048000167, 13.598139294000134 ], [ 100.467019880000123, 13.598166958000149 ], [ 100.467060754000101, 13.598216938000178 ], [ 100.467085639000118, 13.598271524000097 ], [ 100.467088459000195, 13.598281032000159 ], [ 100.467116901000054, 13.598377061000178 ], [ 100.467133901000068, 13.598473272000092 ], [ 100.467132137000078, 13.598562152000113 ], [ 100.46712707800009, 13.598592116000134 ], [ 100.467117376000033, 13.59862580700019 ], [ 100.467112047, 13.598644305999983 ], [ 100.467099686000154, 13.598687211000083 ], [ 100.467097023000179, 13.598694378000062 ], [ 100.467014883000161, 13.598915131000126 ], [ 100.46701452800005, 13.598916070000087 ], [ 100.467014108000171, 13.598916858000166 ], [ 100.466977014000122, 13.598986895 ], [ 100.466882289000182, 13.599165730000152 ], [ 100.466881744000034, 13.599166669000169 ], [ 100.466881198000181, 13.599167599000054 ], [ 100.466714546000105, 13.599452376000102 ], [ 100.466635936000159, 13.599586711000086 ], [ 100.466625923000095, 13.599603817000059 ], [ 100.466579446000082, 13.599683232000189 ], [ 100.466521176000072, 13.59976304300011 ], [ 100.466441131000124, 13.599872669000149 ], [ 100.46641737900012, 13.599905198000044 ], [ 100.466291585000192, 13.600077498000132 ], [ 100.466132097000127, 13.600305081000045 ], [ 100.46612261100006, 13.600325662000046 ], [ 100.466120924000165, 13.600335938000171 ], [ 100.466084732000184, 13.600496984000188 ], [ 100.466082624000194, 13.600506362999965 ], [ 100.466006794000123, 13.600971212000161 ], [ 100.4660017060001, 13.600997752000069 ], [ 100.465997427000161, 13.601012315999981 ], [ 100.465852779000102, 13.601378364000084 ], [ 100.465814967000142, 13.601482993000161 ], [ 100.465784005999978, 13.601568636000025 ], [ 100.465756544000044, 13.60165261800006 ], [ 100.465750657000171, 13.601690286000121 ], [ 100.465749132000155, 13.601727071000084 ], [ 100.465749322000136, 13.601757861000124 ], [ 100.465751336000153, 13.601800611000101 ], [ 100.465758339000104, 13.601853298000151 ], [ 100.465764168000135, 13.60189718100014 ], [ 100.465774521000185, 13.602017708000062 ], [ 100.465775537000127, 13.602039083000136 ], [ 100.465766574000156, 13.602572819000045 ], [ 100.465759859000059, 13.60282643700009 ], [ 100.465758065000102, 13.60289444700004 ], [ 100.465760993000117, 13.60294489000006 ], [ 100.465799691000143, 13.603164632000073 ], [ 100.465803756000014, 13.603180004000137 ], [ 100.465827411000134, 13.603222459000165 ], [ 100.465883759000178, 13.603286279000145 ], [ 100.465917418, 13.603338244000099 ], [ 100.465940427000078, 13.603400546999978 ], [ 100.465960480000035, 13.603525130000094 ], [ 100.465953843000136, 13.60362563800004 ], [ 100.465934409999988, 13.603694317000134 ], [ 100.465868297000156, 13.603900447000115 ], [ 100.465848142000141, 13.603933829000084 ], [ 100.465809148000119, 13.603977128000167 ], [ 100.46576887100008, 13.60395386600004 ], [ 100.465683895000154, 13.603904781000153 ], [ 100.465670436000039, 13.603897012000118 ], [ 100.465626318000091, 13.603871636000179 ], [ 100.465609463000021, 13.603861946000052 ], [ 100.465529463000166, 13.603829489000134 ], [ 100.465437476000091, 13.603804058000094 ], [ 100.465354397000056, 13.603802076000079 ], [ 100.465353538999977, 13.603802055000187 ], [ 100.465346742000065, 13.603803330000176 ], [ 100.465306264999981, 13.603812184000049 ], [ 100.465269986000123, 13.603827228000057 ], [ 100.465219666000053, 13.603860135 ], [ 100.465181529000176, 13.60390186799998 ], [ 100.465154421000022, 13.603950712000142 ], [ 100.465136855000196, 13.60399127300019 ], [ 100.465104704000112, 13.604091904000086 ], [ 100.465092006000134, 13.604131687000063 ], [ 100.465019534000191, 13.604341631000068 ], [ 100.464959724000039, 13.604473438000014 ], [ 100.464893665000147, 13.604575620000162 ], [ 100.464864598000133, 13.604614332000153 ], [ 100.464834224000128, 13.604638453000121 ], [ 100.464791922000188, 13.604672035000021 ], [ 100.464752988000157, 13.604702949000114 ], [ 100.464508594000165, 13.604883370000039 ], [ 100.464429100000189, 13.604942048000055 ], [ 100.464271449000194, 13.605102096000167 ], [ 100.464243408000073, 13.605141791000165 ], [ 100.464231412000174, 13.60516360500003 ], [ 100.464213556000118, 13.605217083000184 ], [ 100.464176333000125, 13.605379654000046 ], [ 100.46414172100009, 13.605530803000022 ], [ 100.464100971000107, 13.605640746000176 ], [ 100.464050966000116, 13.605725044000053 ], [ 100.46400287300014, 13.605791544 ], [ 100.463947659000041, 13.605849187999979 ], [ 100.463869167000098, 13.60590203400011 ], [ 100.463808922000169, 13.605929630000105 ], [ 100.463808382000138, 13.605929881000179 ], [ 100.463807835000182, 13.605930123 ], [ 100.463740199000085, 13.6059611 ], [ 100.463707626000144, 13.605972634000068 ], [ 100.463541580000083, 13.606031451000092 ], [ 100.463379919000147, 13.606072196000127 ], [ 100.463340819000109, 13.606082049000179 ], [ 100.463266482000051, 13.606095992000178 ], [ 100.463242918000049, 13.606100411999989 ], [ 100.46319244200015, 13.606106641000054 ], [ 100.463141921000158, 13.606106937999982 ], [ 100.463089359000094, 13.606104281000057 ], [ 100.463034746000062, 13.606096692000051 ], [ 100.46298712600003, 13.606081355000128 ], [ 100.462902129000042, 13.606053985000131 ], [ 100.462774241000091, 13.605990753000071 ], [ 100.462631525, 13.605920175000108 ], [ 100.462499176000165, 13.605878368000106 ], [ 100.462355143000082, 13.605832858000042 ], [ 100.462202171, 13.605767532000186 ], [ 100.462134223000078, 13.605728399000043 ], [ 100.462092593000193, 13.605695045000118 ], [ 100.462008261000165, 13.605618448000087 ], [ 100.461992483000074, 13.605601980000131 ], [ 100.461915719000103, 13.605521859000191 ], [ 100.461881148000032, 13.605485771000019 ], [ 100.461728383000093, 13.605290983000089 ], [ 100.461640965000129, 13.605174951000095 ], [ 100.46163287700017, 13.605164203000072 ], [ 100.461562339000182, 13.605070575000127 ], [ 100.461516632000041, 13.605033289000062 ], [ 100.461489256000107, 13.605016651000142 ], [ 100.461465956000154, 13.605006900000092 ], [ 100.461422504000097, 13.604997356000013 ], [ 100.461373883000078, 13.604986686000018 ], [ 100.461294124000119, 13.604983050000101 ], [ 100.461277865000113, 13.604982306000011 ], [ 100.461168788000066, 13.604989868000132 ], [ 100.460971960000109, 13.605022643999973 ], [ 100.460805486000197, 13.605063152000128 ], [ 100.460695598000143, 13.605103336000127 ], [ 100.460504194000123, 13.605196373000069 ], [ 100.460419948000094, 13.605244185000117 ], [ 100.460329991000037, 13.605295233999982 ], [ 100.460258391000139, 13.605318385000032 ], [ 100.46021398400012, 13.605326555000033 ], [ 100.460186717000056, 13.605327704 ], [ 100.460148285000059, 13.605322986000147 ], [ 100.460063252000054, 13.60529679900003 ], [ 100.459965965000094, 13.605248948000053 ], [ 100.459920288000149, 13.605218072000184 ], [ 100.459861381000167, 13.605178250999984 ], [ 100.459860683000102, 13.605177779000144 ], [ 100.459859985000037, 13.605177307000076 ], [ 100.459834057000194, 13.605159775000061 ], [ 100.459819298000127, 13.605147565000095 ], [ 100.459657350000043, 13.605013555000028 ], [ 100.459464704000084, 13.60490399300005 ], [ 100.459381652000161, 13.604872850000049 ], [ 100.45934422900018, 13.604866157000117 ], [ 100.459305831, 13.604865393000068 ], [ 100.459261378000178, 13.604867631000047 ], [ 100.459228071000155, 13.604872770000043 ], [ 100.459085892000189, 13.604908755000054 ], [ 100.459046729000079, 13.604918669000028 ], [ 100.459016208000094, 13.604926387000091 ], [ 100.458941519000064, 13.604938689000051 ], [ 100.458924351000064, 13.604939910999974 ], [ 100.458820318000051, 13.604947300000163 ], [ 100.458768786000064, 13.604947601999982 ], [ 100.458733408000171, 13.604944852000131 ], [ 100.45868726000009, 13.6049356420001 ], [ 100.458637914000064, 13.60492580500005 ], [ 100.45859380800016, 13.604917006000164 ], [ 100.458448031000103, 13.604872397000065 ], [ 100.458408498000097, 13.604852864000179 ], [ 100.458356768999977, 13.604819568000096 ], [ 100.45832323500008, 13.604789123000103 ], [ 100.458317705000127, 13.604782093000097 ], [ 100.45830388800016, 13.604764527000043 ], [ 100.45825269900007, 13.604699917 ], [ 100.458240756000066, 13.604684847000044 ], [ 100.458232537000185, 13.604675069000109 ], [ 100.458174598000141, 13.604606164000188 ], [ 100.458079929000178, 13.604492072000141 ], [ 100.458051491000163, 13.604468517000043 ], [ 100.458025131999989, 13.604452861000027 ], [ 100.457997802000079, 13.604445111000075 ], [ 100.457982628000025, 13.604443231000118 ], [ 100.457905755000183, 13.604434986000058 ], [ 100.457697236000058, 13.604412628000148 ], [ 100.457589323000093, 13.6044010600001 ], [ 100.457547899000019, 13.604401302000099 ], [ 100.45752469100006, 13.604406373000074 ], [ 100.457502517000194, 13.604415402000029 ], [ 100.457482395000113, 13.604429353 ], [ 100.45738912000013, 13.604528152000114 ], [ 100.457382583000026, 13.604535076000161 ], [ 100.457382296000105, 13.60453538600018 ], [ 100.457382000000109, 13.604535688000055 ], [ 100.457356854000125, 13.604554621000091 ], [ 100.457325631000117, 13.604571603000068 ], [ 100.457269382000163, 13.604601796000168 ], [ 100.457117167000092, 13.604683516000023 ], [ 100.457060689000059, 13.604701633000161 ], [ 100.457012257000144, 13.604712793000033 ], [ 100.456809933999978, 13.604753313000174 ], [ 100.456737758000088, 13.60476776400003 ], [ 100.456582438000169, 13.604814135000083 ], [ 100.456394906000128, 13.60487947200005 ], [ 100.456386288000147, 13.604884140000081 ], [ 100.456239815000174, 13.604963405000149 ], [ 100.456197477000046, 13.604979463000063 ], [ 100.456165165000016, 13.604983607000065 ], [ 100.456159958000057, 13.604983637000032 ], [ 100.456126774000154, 13.604983831000084 ], [ 100.456090382000127, 13.604982067000094 ], [ 100.456054535000135, 13.604974897000034 ], [ 100.456051942000158, 13.60497438200008 ], [ 100.456042149000154, 13.604971191000118 ], [ 100.456026268000187, 13.604966023000031 ], [ 100.455941588000087, 13.604938462000121 ], [ 100.455923391000113, 13.604936583000097 ], [ 100.455905205000192, 13.604936689000056 ], [ 100.455887024000049, 13.604938781000101 ], [ 100.45587392300007, 13.604943793000132 ], [ 100.455860858000165, 13.604954746000089 ], [ 100.455854877000093, 13.60496861300004 ], [ 100.455853915000034, 13.604976528000066 ], [ 100.45585372100004, 13.604980184000055 ], [ 100.455848548000063, 13.605075900000145 ], [ 100.45584755800013, 13.605094179000162 ], [ 100.455841651000071, 13.605119903000116 ], [ 100.455829694000101, 13.605146658000137 ], [ 100.455802647000041, 13.60518536800015 ], [ 100.455772844000194, 13.605217684000138 ], [ 100.455769428000053, 13.605221386000096 ], [ 100.455760489000113, 13.605231069000126 ], [ 100.455725266000115, 13.605254995000109 ], [ 100.455693005000057, 13.605266059000144 ], [ 100.455654637000066, 13.60527023800006 ], [ 100.455615220000084, 13.605269471999975 ], [ 100.455349038000122, 13.605196910000018 ], [ 100.455304479000063, 13.605180371000188 ], [ 100.455259871000067, 13.605155923000098 ], [ 100.455245403000163, 13.605148407 ], [ 100.455167630000176, 13.605108033000022 ], [ 100.455154645999983, 13.605101125000033 ], [ 100.455079437000109, 13.605061107000097 ], [ 100.455020718000128, 13.60504168500006 ], [ 100.454954972000166, 13.605030204000116 ], [ 100.454839745000129, 13.605023965000044 ], [ 100.45479178700009, 13.605025798999975 ], [ 100.454717509000147, 13.605028634000121 ], [ 100.454656961000126, 13.60504084500019 ], [ 100.454619679000075, 13.605058850000148 ], [ 100.454614360000051, 13.605062650000093 ], [ 100.454594537000105, 13.605076794000013 ], [ 100.454573482000058, 13.60510359500006 ], [ 100.454564542000185, 13.605129344000147 ], [ 100.45456361000015, 13.605142203000014 ], [ 100.454563682000128, 13.605153953000126 ], [ 100.454563731000064, 13.605161968000175 ], [ 100.454572202000122, 13.60522214100007 ], [ 100.454584854000132, 13.605312067000057 ], [ 100.454584933000035, 13.605324921000033 ], [ 100.454581963000123, 13.605333827000095 ], [ 100.454569409000158, 13.605366131000096 ], [ 100.454567746000123, 13.605370405000087 ], [ 100.454488443000059, 13.605574534000027 ], [ 100.454456472000118, 13.605633037000132 ], [ 100.454428354000129, 13.605661856000154 ], [ 100.454420542000037, 13.605666785000096 ], [ 100.454419454000117, 13.605667479000147 ], [ 100.45441835600019, 13.605668165000054 ], [ 100.454395142000067, 13.605682805000185 ], [ 100.454375712000058, 13.605688718000067 ], [ 100.454371946000094, 13.605689862000133 ], [ 100.45435174500011, 13.605690968000033 ], [ 100.454326479000144, 13.605690127000059 ], [ 100.45430826300003, 13.60568529000011 ], [ 100.454272265999975, 13.60566391600014 ], [ 100.454229159000079, 13.605638311000064 ], [ 100.454214987000171, 13.605633458999989 ], [ 100.45419780300017, 13.605633559000182 ], [ 100.454178632000094, 13.605637626000089 ], [ 100.454158473000064, 13.605645646000028 ], [ 100.45413632900005, 13.605659607 ], [ 100.454119287000026, 13.605681459000039 ], [ 100.454114336000089, 13.605698287000052 ], [ 100.454114479000168, 13.605717116000108 ], [ 100.454114512000103, 13.605718149000097 ], [ 100.454116688999989, 13.605786649000038 ], [ 100.454119447000039, 13.605873189000135 ], [ 100.454119537000054, 13.605888011000104 ], [ 100.454117327000063, 13.605901442000061 ], [ 100.454115639000122, 13.605911754000033 ], [ 100.454115549999983, 13.60591199300012 ], [ 100.454115462000175, 13.605912232000037 ], [ 100.454098736000049, 13.605956327000058 ], [ 100.454075636000084, 13.605979194000099 ], [ 100.454056965000063, 13.60598845700008 ], [ 100.454043405000164, 13.605995192000023 ], [ 100.453968202000055, 13.606013685 ], [ 100.453865619, 13.605810776 ], [ 100.453815596000027, 13.605707994000056 ], [ 100.453737715999978, 13.605581930000085 ], [ 100.453712494000058, 13.605541106000089 ], [ 100.453682266000044, 13.605444654000109 ], [ 100.453671948000078, 13.605368918000067 ], [ 100.453669002000197, 13.605329872000027 ], [ 100.453668636000145, 13.60528615100003 ], [ 100.453671176000171, 13.605242438000062 ], [ 100.453674586000091, 13.605212430000051 ], [ 100.453679304000161, 13.60518254699997 ], [ 100.453690829000095, 13.605129380000108 ], [ 100.453700618000141, 13.605093076000117 ], [ 100.453700864000155, 13.605092165000144 ], [ 100.4537011110001, 13.605091245999972 ], [ 100.453723363000165, 13.605015117000164 ], [ 100.453742061000071, 13.604943856000034 ], [ 100.453751658000101, 13.604899944000124 ], [ 100.453758395000193, 13.604863701000056 ], [ 100.453769466000153, 13.604790754000021 ], [ 100.45378196300004, 13.604682310999976 ], [ 100.453787779000152, 13.6046119720001 ], [ 100.45378963100012, 13.604576774000066 ], [ 100.453790607000201, 13.604538490000095 ], [ 100.453790481, 13.604500214000097 ], [ 100.453789264000193, 13.604461961000084 ], [ 100.453786902000161, 13.604423847000078 ], [ 100.453783484000041, 13.604385811000157 ], [ 100.45377908200004, 13.604347868000104 ], [ 100.453773680000154, 13.604310055000099 ], [ 100.453767120000123, 13.604271790000041 ], [ 100.453759478000052, 13.604233724000096 ], [ 100.453749828000127, 13.604192034 ], [ 100.453739061000192, 13.604150589000028 ], [ 100.453727339000125, 13.604109369000184 ], [ 100.45371471500016, 13.60406839400008 ], [ 100.453702589000045, 13.604032006000125 ], [ 100.453701145000082, 13.604027689000191 ], [ 100.453675588000181, 13.603958486000067 ], [ 100.453647635000095, 13.603890118999971 ], [ 100.453613521000136, 13.603813340000102 ], [ 100.453543257000149, 13.603660596000111 ], [ 100.453507771000091, 13.603579314000115 ], [ 100.453490852000186, 13.603538381000021 ], [ 100.453474635000191, 13.603497196000092 ], [ 100.453459301000123, 13.603455707000137 ], [ 100.453445573000067, 13.603415700000085 ], [ 100.453393851000044, 13.60325459500018 ], [ 100.453379901000176, 13.603215118000037 ], [ 100.453364665000151, 13.603172021000091 ], [ 100.453348956000184, 13.603131213999973 ], [ 100.453332375000116, 13.603090817000123 ], [ 100.453314713000111, 13.603050975000031 ], [ 100.453295675000106, 13.603011854000044 ], [ 100.453272219000098, 13.602969124000083 ], [ 100.453256066000108, 13.602942770000027 ], [ 100.453238924000118, 13.602917005000108 ], [ 100.453217535000022, 13.602887459000158 ], [ 100.453194950000011, 13.602858723999987 ], [ 100.453171269000109, 13.60283078100008 ], [ 100.453141023000114, 13.602797809000037 ], [ 100.453109628000107, 13.602765718000114 ], [ 100.453044725000154, 13.602703145000191 ], [ 100.452913222000177, 13.602579131000084 ], [ 100.452891485000066, 13.602557577000027 ], [ 100.4528812060002, 13.6025473790001 ], [ 100.45285001600007, 13.602514916000189 ], [ 100.452819830000067, 13.602481467000132 ], [ 100.452790651000043, 13.602447182000049 ], [ 100.452762405000044, 13.602412195000113 ], [ 100.452735076000181, 13.602376531000175 ], [ 100.452708781000069, 13.602340172000083 ], [ 100.452683708, 13.602303029000154 ], [ 100.452658050000196, 13.602261529999964 ], [ 100.452636162000147, 13.602222842000174 ], [ 100.452615426000023, 13.602183494000087 ], [ 100.452576501000124, 13.60210340500015 ], [ 100.452540372000044, 13.602021932000071 ], [ 100.452510061000112, 13.601947108000104 ], [ 100.452481668000189, 13.60187154800002 ], [ 100.452454089000128, 13.601791887000104 ], [ 100.452427830000147, 13.601708080000037 ], [ 100.452404788000194, 13.60162504699997 ], [ 100.452394299000161, 13.601583317000063 ], [ 100.452384567000024, 13.601541441000165 ], [ 100.452375746000087, 13.601499402000172 ], [ 100.452368868000065, 13.601462233 ], [ 100.452357601000131, 13.601387562000127 ], [ 100.452353266000046, 13.60135009600009 ], [ 100.45234081600006, 13.601211669000065 ], [ 100.452331772000036, 13.60112857200005 ], [ 100.452324076000082, 13.601075757 ], [ 100.452320224000118, 13.60104934800006 ], [ 100.452306291000127, 13.600974066000049 ], [ 100.452290285000061, 13.600899211000126 ], [ 100.452271932000031, 13.600824406000072 ], [ 100.452252491000138, 13.600756121000018 ], [ 100.452247315000079, 13.600739219000047 ], [ 100.452205105000132, 13.60060138900019 ], [ 100.452189335000071, 13.600543156000072 ], [ 100.452182030000074, 13.600510077000081 ], [ 100.452175988000079, 13.600476752000077 ], [ 100.452169814000115, 13.600429109000174 ], [ 100.452167080000095, 13.600390662000109 ], [ 100.452165727000079, 13.600371637000023 ], [ 100.452163373000019, 13.600282984000046 ], [ 100.452160253000159, 13.600202024000112 ], [ 100.452156608000109, 13.600142811000069 ], [ 100.452155069000071, 13.60009619200008 ], [ 100.452144023000017, 13.59976312900011 ], [ 100.452142386000162, 13.599713703000134 ], [ 100.452145874000109, 13.599666957000181 ], [ 100.452151522, 13.599591252000039 ], [ 100.452167337, 13.599439118000021 ], [ 100.452173296000069, 13.59938174600012 ], [ 100.452182628000116, 13.599291506999975 ], [ 100.452182255000196, 13.599230315000113 ], [ 100.452163053, 13.599062036000134 ], [ 100.45212052100004, 13.598689158000184 ], [ 100.452118815000063, 13.598674276000168 ], [ 100.452118109000196, 13.598668083000121 ], [ 100.452122939000049, 13.598619493000172 ], [ 100.452132164000034, 13.598576721000029 ], [ 100.452173915, 13.598402216000068 ], [ 100.452173721000179, 13.598370314000078 ], [ 100.452173407000146, 13.598318796000058 ], [ 100.452150024000105, 13.598264174000178 ], [ 100.452130084000032, 13.598235300000113 ], [ 100.452004211000201, 13.598113643999966 ], [ 100.451651904000073, 13.597729797999989 ], [ 100.451639566000154, 13.597716355000045 ], [ 100.451630550000118, 13.59770463100017 ], [ 100.451456553000185, 13.597478425000077 ], [ 100.451404564000029, 13.597410824000065 ], [ 100.451314426000067, 13.597282437000047 ], [ 100.451191878000031, 13.597107874000073 ], [ 100.45114304000009, 13.597035983000069 ], [ 100.451119282000093, 13.596999654000172 ], [ 100.451096225000185, 13.596962939999969 ], [ 100.451074186000085, 13.596925691000024 ], [ 100.451059412000063, 13.596899021000127 ], [ 100.451047492000157, 13.596875652000051 ], [ 100.451031745000193, 13.596844785000087 ], [ 100.451018394000073, 13.596816163000028 ], [ 100.451014681, 13.596808186000146 ], [ 100.450998600000048, 13.596771230000115 ], [ 100.45098350100011, 13.596733994000033 ], [ 100.450969491000194, 13.596696522000116 ], [ 100.450956772000097, 13.596658839000156 ], [ 100.450945666000109, 13.596620962000088 ], [ 100.450936652000053, 13.596582861000059 ], [ 100.450931134000143, 13.59655091000019 ], [ 100.450927752000041, 13.596518839999987 ], [ 100.450926809000066, 13.596486801000083 ], [ 100.450928628000099, 13.596452114000158 ], [ 100.450933129000191, 13.596417563000045 ], [ 100.450939248999987, 13.59638663800007 ], [ 100.450947112000051, 13.596355969000115 ], [ 100.450956539000174, 13.596325616000172 ], [ 100.450965510000117, 13.59630044000005 ], [ 100.45099711600011, 13.596220488000029 ], [ 100.451012894000144, 13.596176460000095 ], [ 100.451013054000157, 13.596175921000167 ], [ 100.451023398000132, 13.596142156000099 ], [ 100.451032794000184, 13.59610690400001 ], [ 100.451034965000133, 13.596097349000047 ], [ 100.451046023000117, 13.596048819000089 ], [ 100.451055991000089, 13.595991672000082 ], [ 100.451059967000049, 13.595956982000075 ], [ 100.451062364000165, 13.595916333000162 ], [ 100.451062576000197, 13.595875574000047 ], [ 100.451060893000147, 13.595834808000063 ], [ 100.451057423000179, 13.595794132000094 ], [ 100.451052114, 13.595753652000099 ], [ 100.451044821000039, 13.595713466000177 ], [ 100.451030751000133, 13.595655611000097 ], [ 100.451013125000088, 13.595596250000028 ], [ 100.450998800000036, 13.59555418900004 ], [ 100.450953091000088, 13.595428615000117 ], [ 100.450938972000074, 13.59538644700018 ], [ 100.450921609000147, 13.595325768000066 ], [ 100.450909671000034, 13.595272588000114 ], [ 100.450905598000134, 13.595249951000085 ], [ 100.450899412000183, 13.595206210000129 ], [ 100.450895173000106, 13.595162192000032 ], [ 100.450891051000099, 13.595079553 ], [ 100.450887496000064, 13.59495378600019 ], [ 100.450883999000041, 13.594874347000086 ], [ 100.450878445000114, 13.594795194000028 ], [ 100.450874550000094, 13.594755853000038 ], [ 100.450873412000135, 13.59474681100005 ], [ 100.450869638000199, 13.594716756000139 ], [ 100.45086262500007, 13.594673647000036 ], [ 100.450853747000053, 13.594631095000068 ], [ 100.450844276000055, 13.594594842000163 ], [ 100.450832923000064, 13.594559305000132 ], [ 100.450819355000192, 13.594524664 ], [ 100.4508063090002, 13.594497012000033 ], [ 100.450791597000034, 13.594470128000125 ], [ 100.450775392000196, 13.594444075000013 ], [ 100.450758000000178, 13.594418584000152 ], [ 100.450731736000137, 13.594382702000189 ], [ 100.450704392000034, 13.594347268000092 ], [ 100.45070072700014, 13.59434270700018 ], [ 100.450652503000072, 13.594282728999985 ], [ 100.450545500000032, 13.594155799000134 ], [ 100.450517674000196, 13.594121355000141 ], [ 100.450490334000051, 13.594086478000179 ], [ 100.450437062000105, 13.594015547000083 ], [ 100.450386794000053, 13.593944387000079 ], [ 100.450338144999989, 13.593870834000086 ], [ 100.450313833000109, 13.593832477000035 ], [ 100.450266433000138, 13.593755024000131 ], [ 100.450254358000109, 13.593734244000188 ], [ 100.450246532000165, 13.593722124000067 ], [ 100.450238535000096, 13.593707013000142 ], [ 100.450157782000076, 13.593554382000036 ], [ 100.450151893000054, 13.593543249000106 ], [ 100.450147400000105, 13.593531614000085 ], [ 100.450092853000115, 13.59339043000017 ], [ 100.450084812000114, 13.593369599000141 ], [ 100.450077909000129, 13.593346078000025 ], [ 100.450027130000137, 13.593172976000119 ], [ 100.449998643000185, 13.593075843000122 ], [ 100.449947556000097, 13.592819567000106 ], [ 100.449921033000123, 13.592712763000122 ], [ 100.449889273000167, 13.592584866000095 ], [ 100.449873245000106, 13.592547767000156 ], [ 100.449872934000155, 13.592547053000089 ], [ 100.449872624000136, 13.592546331000051 ], [ 100.449871186000166, 13.592543003000117 ], [ 100.449841605000131, 13.592504896999969 ], [ 100.449802312000145, 13.592479605 ], [ 100.449568874000022, 13.592391467000027 ], [ 100.449436257000173, 13.592341390000058 ], [ 100.449380616000099, 13.592306622000024 ], [ 100.449351085000046, 13.592278086000135 ], [ 100.449216156000148, 13.592074728000171 ], [ 100.449179664000155, 13.591972871 ], [ 100.449179393000065, 13.591928213000074 ], [ 100.449179141000059, 13.591886751000175 ], [ 100.449191841000186, 13.591829260000111 ], [ 100.449196641000071, 13.59181122300015 ], [ 100.449253868000085, 13.591596101000107 ], [ 100.449293467000075, 13.591447262000145 ], [ 100.449299433000022, 13.591413338000166 ], [ 100.449305119000144, 13.591370349000101 ], [ 100.4493089, 13.591327185000068 ], [ 100.449310866000189, 13.591283908000094 ], [ 100.449311152, 13.591253813000037 ], [ 100.449309153000115, 13.5911936440001 ], [ 100.449305471000173, 13.591149174000179 ], [ 100.449300094000193, 13.591104863000112 ], [ 100.449293103000059, 13.591060773000038 ], [ 100.449285780000082, 13.591023077000102 ], [ 100.449277205000158, 13.590985653000018 ], [ 100.449267305000035, 13.590948562999984 ], [ 100.449255339000104, 13.590910044999987 ], [ 100.449241806000146, 13.590872023000031 ], [ 100.449226374000148, 13.590833641000074 ], [ 100.449209602000167, 13.590795735000142 ], [ 100.449191740000117, 13.59075825900004 ], [ 100.449172906000115, 13.590721202999987 ], [ 100.449153126999988, 13.590684595000027 ], [ 100.449131728000111, 13.590647315000126 ], [ 100.449109475000114, 13.590610509000101 ], [ 100.449062785000194, 13.590538277000178 ], [ 100.449038339000083, 13.590502949000097 ], [ 100.449013013000126, 13.590468297000029 ], [ 100.448986600000183, 13.590434534 ], [ 100.44895963100015, 13.590402699000151 ], [ 100.448931449000156, 13.590371930000174 ], [ 100.448902074000102, 13.590342280000186 ], [ 100.448869709000178, 13.590312197000117 ], [ 100.448836224000161, 13.590283313000043 ], [ 100.448801824000157, 13.590255512000113 ], [ 100.448766628000101, 13.590228773000149 ], [ 100.448727189000124, 13.590200489000097 ], [ 100.448653416000127, 13.590157776000012 ], [ 100.448591212000167, 13.590116673000068 ], [ 100.44854200900005, 13.590069113000084 ], [ 100.448477974000184, 13.589977816000044 ], [ 100.448472940000158, 13.589970633000064 ], [ 100.448441806000062, 13.5899082950001 ], [ 100.448362334000024, 13.589749149000056 ], [ 100.448304586000063, 13.589633497000079 ], [ 100.448280355000122, 13.589590284000167 ], [ 100.448210832000143, 13.589516400999969 ], [ 100.448134840000023, 13.589474195000037 ], [ 100.448006693000195, 13.589401872 ], [ 100.447816796000041, 13.589294693000113 ], [ 100.447759655000198, 13.58926244100013 ], [ 100.447692158, 13.589196862999984 ], [ 100.447655602000168, 13.589139209000052 ], [ 100.447629759999984, 13.589098459000013 ], [ 100.447610257000065, 13.58906699500011 ], [ 100.447610011000052, 13.58906654600014 ], [ 100.447609764000106, 13.589066098000103 ], [ 100.447592444000122, 13.589034595000101 ], [ 100.447576458000015, 13.589001327000176 ], [ 100.447560947000056, 13.588963086000092 ], [ 100.447560644000134, 13.588962161000154 ], [ 100.447560341000042, 13.588961237000035 ], [ 100.447558032000131, 13.588954232000106 ], [ 100.447548057000063, 13.588923921000173 ], [ 100.44753816500014, 13.588884978000067 ], [ 100.447531311000091, 13.588848603000145 ], [ 100.447526476000178, 13.588811819000114 ], [ 100.447523570000101, 13.588774732000161 ], [ 100.44752265, 13.588746409000066 ], [ 100.44752274800004, 13.588717982999981 ], [ 100.447524295000051, 13.588678655000137 ], [ 100.447527098000194, 13.588639248000163 ], [ 100.447547123000163, 13.588441495000041 ], [ 100.44755058200019, 13.588394298000139 ], [ 100.447552341000062, 13.588370417000021 ], [ 100.44755339500017, 13.588343248000172 ], [ 100.447555143000159, 13.588298207000093 ], [ 100.447555306000083, 13.588293879999981 ], [ 100.447555400000056, 13.58828250900001 ], [ 100.44755564400009, 13.588252943000043 ], [ 100.447554972000034, 13.588212101000067 ], [ 100.447553110000058, 13.588171398000156 ], [ 100.447549760000129, 13.588130906000174 ], [ 100.447544973000163, 13.588093080000078 ], [ 100.447538626000096, 13.588055563000069 ], [ 100.44753076600017, 13.588018444000113 ], [ 100.447521267000184, 13.587981811000191 ], [ 100.447510969, 13.587949120000076 ], [ 100.447509930000194, 13.587945823000041 ], [ 100.447494499000072, 13.587905825000121 ], [ 100.447476413000174, 13.587867026000026 ], [ 100.447455628000171, 13.58782963800013 ], [ 100.447437727000192, 13.587802066000165 ], [ 100.447418218000109, 13.587775529000169 ], [ 100.447397144000092, 13.587750068000105 ], [ 100.447367088000135, 13.587718135000046 ], [ 100.447362677, 13.587713959000041 ], [ 100.447335020000139, 13.587687751000033 ], [ 100.447301487000118, 13.587658504 ], [ 100.447266895000098, 13.587630120000142 ], [ 100.44723151300019, 13.587602404000165 ], [ 100.44715901800015, 13.587548613000081 ], [ 100.447084630000177, 13.587496898000154 ], [ 100.446884725000075, 13.587367169000117 ], [ 100.44684899400005, 13.587342869999986 ], [ 100.446813380000151, 13.5873186500001 ], [ 100.446778781000035, 13.587293612 ], [ 100.446745341999986, 13.58726774600018 ], [ 100.446713539000143, 13.587240768000072 ], [ 100.446684027000174, 13.587212240000042 ], [ 100.446657633000143, 13.587181654000176 ], [ 100.446637867000106, 13.587152981000031 ], [ 100.446621032000053, 13.587122614000066 ], [ 100.446607014000108, 13.587090871000044 ], [ 100.446595895000144, 13.587057955000148 ], [ 100.446586515000092, 13.587017189000164 ], [ 100.446581172000094, 13.586975438000138 ], [ 100.446579697000061, 13.58693309 ], [ 100.446581449000064, 13.586897627000042 ], [ 100.446585638000101, 13.586862124 ], [ 100.446592029000044, 13.586826713 ], [ 100.446600551000188, 13.586791521000123 ], [ 100.446611319, 13.586755979000031 ], [ 100.446623685000134, 13.586720720000017 ], [ 100.446637109000051, 13.586685657000089 ], [ 100.446657315000095, 13.586635247000174 ], [ 100.44667722100013, 13.586585599000159 ], [ 100.446688588000086, 13.58655522600003 ], [ 100.446700864000036, 13.586518555000112 ], [ 100.446711324000034, 13.586481524000135 ], [ 100.446718927000063, 13.586447801000077 ], [ 100.446724668000059, 13.586413851000145 ], [ 100.446728203000077, 13.586382333000188 ], [ 100.446730043000059, 13.586350736000156 ], [ 100.446730167000112, 13.586319114000048 ], [ 100.446728464000046, 13.586286867000126 ], [ 100.44672506500018, 13.586254709000116 ], [ 100.44672012400008, 13.586222693000138 ], [ 100.446713695000142, 13.586190809000129 ], [ 100.446705968000117, 13.586159135 ], [ 100.446694479000143, 13.586118955000074 ], [ 100.446669015000168, 13.58603907000014 ], [ 100.446668720000048, 13.586038082000016 ], [ 100.446668416000023, 13.586037087000022 ], [ 100.446648967000101, 13.585972844000139 ], [ 100.446625777000179, 13.585881116 ], [ 100.446615772000143, 13.585841529000049 ], [ 100.446607511000082, 13.585812568000051 ], [ 100.446598330000086, 13.585783852000134 ], [ 100.446591867, 13.58576580100015 ], [ 100.446587489000194, 13.585753582000109 ], [ 100.446575576000157, 13.585723637000058 ], [ 100.44656266200019, 13.585694032000163 ], [ 100.446543404000181, 13.585653863000118 ], [ 100.446539195000071, 13.585645942000099 ], [ 100.446501411000156, 13.585574771000154 ], [ 100.44643576600015, 13.585456911 ], [ 100.446414587999982, 13.585417255000095 ], [ 100.446384694000187, 13.5853569410001 ], [ 100.446370855, 13.585326326000143 ], [ 100.446367815000144, 13.585318982000047 ], [ 100.446354131000078, 13.585285869000074 ], [ 100.446338848000153, 13.585244899000031 ], [ 100.44632497900011, 13.58520349700018 ], [ 100.446312622999983, 13.585161689000074 ], [ 100.44630185200009, 13.585119104000057 ], [ 100.446292748000019, 13.58507621800004 ], [ 100.446285384000134, 13.585033102000011 ], [ 100.446279978000064, 13.584989806000181 ], [ 100.446276944000147, 13.584946373000037 ], [ 100.446276527, 13.58491033100006 ], [ 100.446277806000069, 13.584874254 ], [ 100.446280511000168, 13.584838167000157 ], [ 100.446284481000134, 13.584802118000084 ], [ 100.446288896000056, 13.584771265000143 ], [ 100.446289622000165, 13.584766123000065 ], [ 100.446296968000013, 13.584724387000165 ], [ 100.446305352000195, 13.584682741000051 ], [ 100.446326167000052, 13.584588268000175 ], [ 100.446332868000184, 13.584557879000045 ], [ 100.446350878000032, 13.584472443999971 ], [ 100.446393221999983, 13.584258335000129 ], [ 100.44641084400007, 13.584172956000089 ], [ 100.446428962000141, 13.584093488000065 ], [ 100.446449438000059, 13.584014740000157 ], [ 100.44646094400008, 13.58397578600011 ], [ 100.446473632000107, 13.583937206000144 ], [ 100.446488860000102, 13.583896086000095 ], [ 100.446505380000076, 13.583855382000081 ], [ 100.446540827000035, 13.583774754 ], [ 100.446571740000195, 13.583706884000094 ], [ 100.44661398900007, 13.583614122000029 ], [ 100.446631377000074, 13.583573625000156 ], [ 100.446643059000166, 13.583544655000082 ], [ 100.446647843000051, 13.583532789000117 ], [ 100.446669467000049, 13.583473481000055 ], [ 100.446693205000031, 13.583401185000071 ], [ 100.446706077000044, 13.583358560000022 ], [ 100.44671803600005, 13.583315710000022 ], [ 100.446723040000109, 13.583295792000172 ], [ 100.446728866000058, 13.583272603000125 ], [ 100.446737147000135, 13.583234842000081 ], [ 100.446744452000132, 13.583196894000139 ], [ 100.446756317000109, 13.583120587000167 ], [ 100.446760813000139, 13.583082284000056 ], [ 100.446764180000173, 13.583043880000105 ], [ 100.446765526000092, 13.583012746000179 ], [ 100.446766824000179, 13.582982706 ], [ 100.446766276000119, 13.582929477000164 ], [ 100.446764113000029, 13.582886878000068 ], [ 100.446760796000035, 13.582844285000022 ], [ 100.446751940000183, 13.582759121000095 ], [ 100.446725228000105, 13.582549191000112 ], [ 100.446708607000062, 13.58241855600005 ], [ 100.446698757000149, 13.582331482000143 ], [ 100.446685531000128, 13.582198020000078 ], [ 100.446661576000167, 13.581930895000141 ], [ 100.446482716000105, 13.57988283800006 ], [ 100.446467486000131, 13.579704718000016 ], [ 100.446456894000107, 13.579571073000068 ], [ 100.446448484000143, 13.579438597000149 ], [ 100.446435163, 13.579228518999969 ], [ 100.446405171000038, 13.578843569000128 ], [ 100.446394165000186, 13.578649172000098 ], [ 100.446383971000046, 13.578518447000022 ], [ 100.44637232000008, 13.578387483000029 ], [ 100.446338294999975, 13.578036799000131 ], [ 100.44626533200011, 13.577324541 ], [ 100.446175776000132, 13.576450219000151 ], [ 100.446159770000065, 13.576277806000178 ], [ 100.446129919000157, 13.575935485 ], [ 100.446108169000127, 13.575678782000182 ], [ 100.4460908920002, 13.575463474000117 ], [ 100.446063988000105, 13.575203738000141 ], [ 100.446042615000067, 13.574985680000054 ], [ 100.446026299000096, 13.574811089000036 ], [ 100.446011205000104, 13.574634470000092 ], [ 100.445975629000031, 13.574185452000052 ], [ 100.445839119000084, 13.572462207000058 ], [ 100.445816670000113, 13.57214670500008 ], [ 100.445735069000193, 13.570971077000138 ], [ 100.445660240000109, 13.569892877000086 ], [ 100.445643617000087, 13.569667589000119 ], [ 100.445631358000014, 13.569532648000063 ], [ 100.445621257000198, 13.56944407400016 ], [ 100.445588562000069, 13.569178588000057 ], [ 100.445579506000172, 13.569089805999965 ], [ 100.445571424000036, 13.569000921 ], [ 100.44555294200012, 13.568778531000078 ], [ 100.445545859000163, 13.568690602000174 ], [ 100.445545342, 13.568684258000189 ], [ 100.445452603000092, 13.56753280200013 ], [ 100.445431353000117, 13.567249639000067 ], [ 100.445408906000125, 13.566950556999984 ], [ 100.445367607000151, 13.56649629400016 ], [ 100.445353373000046, 13.566322502000162 ], [ 100.445325783000044, 13.565004811000108 ], [ 100.445252971000059, 13.564376724000113 ], [ 100.445202075000111, 13.563937717000101 ], [ 100.445101950000094, 13.563074003000054 ], [ 100.445074017000195, 13.562833111000032 ], [ 100.444963839000138, 13.561616871000126 ], [ 100.444959764000089, 13.561529375000134 ], [ 100.444954161000055, 13.561440008000147 ], [ 100.444937399000082, 13.561216724000133 ], [ 100.444855708000148, 13.560189809000178 ], [ 100.444835787000045, 13.559921442000075 ], [ 100.444797915000095, 13.559413881000069 ], [ 100.444610942000168, 13.556774404000123 ], [ 100.444597806000161, 13.556503085000145 ], [ 100.44445445100007, 13.553542575000108 ], [ 100.444454616000201, 13.553368056000181 ], [ 100.444456733000095, 13.553280974000074 ], [ 100.444458844000167, 13.553237511000134 ], [ 100.444462010999985, 13.553194148000159 ], [ 100.444466485000191, 13.553150627000036 ], [ 100.444478305000132, 13.553063833000124 ], [ 100.444492390000107, 13.552977230000181 ], [ 100.444515392000085, 13.552847477000171 ], [ 100.444619969000087, 13.552277898000057 ], [ 100.444666182000105, 13.552026195000053 ], [ 100.444707687000061, 13.551809381000055 ], [ 100.444867585000168, 13.550985909000133 ], [ 100.444908106000071, 13.550768943000151 ], [ 100.444930592000162, 13.55063748900011 ], [ 100.444959244000188, 13.550461983000162 ], [ 100.445185072000072, 13.549057345000108 ], [ 100.445207125000195, 13.548925832000123 ], [ 100.445222937000096, 13.548838371000102 ], [ 100.445231462000152, 13.548794765000025 ], [ 100.445250110000131, 13.548707729000114 ], [ 100.44528040900002, 13.548577643000044 ], [ 100.445565806000104, 13.547409255000161 ], [ 100.445595653000169, 13.547279101000072 ], [ 100.445613479000087, 13.54719195500013 ], [ 100.445621448999987, 13.547147618999986 ], [ 100.44563569100012, 13.547058640000046 ], [ 100.445660879000059, 13.54688010000018 ], [ 100.446008347000031, 13.544288000000108 ], [ 100.446033064000062, 13.544109348000063 ], [ 100.446046393000188, 13.544020180000132 ], [ 100.446068526000147, 13.543890229000169 ], [ 100.446109457000091, 13.543677143000082 ], [ 100.446202766000056, 13.543208893999974 ], [ 100.446352982000064, 13.542464382000048 ], [ 100.446377369, 13.542332679000083 ], [ 100.446391551000147, 13.542244194000091 ], [ 100.446403897000096, 13.542155093000133 ], [ 100.446426061000125, 13.541976492000174 ], [ 100.446598491000032, 13.540908238000043 ], [ 100.446898784000098, 13.539060698000128 ], [ 100.447239610000054, 13.536963808 ], [ 100.447634297000093, 13.534535498000025 ], [ 100.447637020000059, 13.534518763000108 ], [ 100.448143813000172, 13.531707804000177 ], [ 100.44852462700004, 13.529595621000112 ], [ 100.450282227000173, 13.52001121800015 ], [ 100.450401817000113, 13.519334699000012 ], [ 100.451483313000097, 13.513216283000077 ], [ 100.451587148000044, 13.512905345000092 ], [ 100.451614697000139, 13.512822830000118 ], [ 100.451821397000174, 13.512241939999967 ], [ 100.452856321000183, 13.506420354000056 ], [ 100.453668229000186, 13.50209126600015 ], [ 100.453670850000151, 13.502077311000164 ], [ 100.453693435000162, 13.501979764000168 ], [ 100.453614431000176, 13.501974555000174 ], [ 100.453228083, 13.501949075000027 ], [ 100.452102701000172, 13.501985010000055 ], [ 100.451913242000046, 13.502172605000055 ], [ 100.450240810000196, 13.50192122600015 ], [ 100.450153860000114, 13.501855176000163 ], [ 100.450034732000063, 13.501690730000064 ], [ 100.449991254000167, 13.501476296000078 ], [ 100.44986318500014, 13.501229334000072 ], [ 100.449236473000155, 13.500844883000127 ], [ 100.447990939000135, 13.500285487000042 ], [ 100.446250974000122, 13.499989658000175 ], [ 100.444106891000104, 13.499681236000072 ], [ 100.443848373000037, 13.499794627000142 ], [ 100.443651197000065, 13.499967342000105 ], [ 100.443446576000099, 13.500169945999971 ], [ 100.443257030000041, 13.500342624999973 ], [ 100.443058911000094, 13.500358685000094 ], [ 100.4428755080001, 13.500285135000013 ], [ 100.442752809000183, 13.500166479000143 ], [ 100.44273577000007, 13.499868166000056 ], [ 100.442734157000018, 13.499599604000082 ], [ 100.44255715900016, 13.499324600000023 ], [ 100.442327707000175, 13.499199098000133 ], [ 100.44201322300006, 13.498880117000112 ], [ 100.441668831000186, 13.49865829200013 ], [ 100.441287178000152, 13.498578430000123 ], [ 100.44049322800015, 13.49839647500005 ], [ 100.440180904000101, 13.49843557600019 ], [ 100.440021705000163, 13.498585699000103 ], [ 100.439877669000111, 13.498720807999973 ], [ 100.439656870000078, 13.498766834000094 ], [ 100.439388708000081, 13.498544567000067 ], [ 100.43925759300015, 13.498291676 ], [ 100.43879804200003, 13.497936224999989 ], [ 100.438408902, 13.497878771000046 ], [ 100.438027696000063, 13.497873497000171 ], [ 100.437684605000015, 13.497868005000043 ], [ 100.437345528000151, 13.497781166000038 ], [ 100.437124680000181, 13.497585374000039 ], [ 100.437083660000155, 13.497460209000053 ], [ 100.437153432000059, 13.496882955999979 ], [ 100.437156678000122, 13.496814865000147 ], [ 100.437134561000164, 13.496789911 ], [ 100.437083176000101, 13.496768709000037 ], [ 100.436273856000128, 13.49674109700004 ], [ 100.436194926000155, 13.497622940000099 ], [ 100.435425972000132, 13.497522845999981 ], [ 100.435404032000065, 13.497679641000104 ], [ 100.435361015000183, 13.498134959000083 ], [ 100.43519312900014, 13.498106082000106 ], [ 100.43493385000005, 13.498092646000089 ], [ 100.434811611000157, 13.49804857800018 ], [ 100.434963272, 13.49663772800011 ], [ 100.4349095930001, 13.496585818000085 ], [ 100.434741574000157, 13.496534562000136 ], [ 100.432453533000114, 13.496368591000135 ], [ 100.430943510000134, 13.496272766000118 ], [ 100.430890647000126, 13.496200317000103 ], [ 100.430868073, 13.49600136600003 ], [ 100.430833602000121, 13.495889068000167 ], [ 100.430758891000039, 13.495836544000099 ], [ 100.430737291000014, 13.495834451000178 ], [ 100.430690598000183, 13.495840580000049 ], [ 100.430559376000133, 13.495861888000036 ], [ 100.430397096000036, 13.495960504000038 ], [ 100.430330077000121, 13.496031589000154 ], [ 100.430250919000116, 13.496115571000189 ], [ 100.429983655000058, 13.496230199000081 ], [ 100.429876654000168, 13.496252800000093 ], [ 100.428428457000166, 13.496253088000117 ], [ 100.427476260000162, 13.496228609000127 ], [ 100.427343769000117, 13.496209438000051 ], [ 100.4272013100001, 13.49622519400009 ], [ 100.427095105000149, 13.4963453740001 ], [ 100.426884064000149, 13.496814899000128 ], [ 100.426662306000139, 13.497194810000053 ], [ 100.426490425, 13.497400058000153 ], [ 100.426287310000191, 13.497490888000186 ], [ 100.426073606000102, 13.497512028000187 ], [ 100.425812912000197, 13.497562762000086 ], [ 100.425530403000153, 13.497489771 ], [ 100.425353876000202, 13.497289346000059 ], [ 100.425284334000139, 13.497133080000083 ], [ 100.425301065000042, 13.496878703000107 ], [ 100.425290505000191, 13.496813993000046 ], [ 100.425224023000055, 13.496764554000151 ], [ 100.424687570000174, 13.496448744000134 ], [ 100.423691207000047, 13.495846568000047 ], [ 100.423614845000145, 13.495847001000186 ], [ 100.423560721000058, 13.495884129000046 ], [ 100.423555004000036, 13.49600319000001 ], [ 100.423551872000132, 13.496162870000092 ], [ 100.423573727000075, 13.496410213000047 ], [ 100.423559001000115, 13.496677723000175 ], [ 100.423551438000118, 13.496777540000153 ], [ 100.42349066100013, 13.49684574500003 ], [ 100.423348102000148, 13.496878485000082 ], [ 100.423205346000088, 13.496879295000156 ], [ 100.423099164000178, 13.496855947000142 ], [ 100.42304592500011, 13.496820329000059 ], [ 100.422868578000077, 13.49649004600019 ], [ 100.422707574000128, 13.496163662000185 ], [ 100.422248958000182, 13.495643337 ], [ 100.421949005000158, 13.495343517000094 ], [ 100.421923154000012, 13.495325937000018 ], [ 100.421852228000034, 13.495258531000161 ], [ 100.421787896000012, 13.495093574000066 ], [ 100.421701966000057, 13.494846065000104 ], [ 100.421627446000059, 13.494743155000151 ], [ 100.417392489000065, 13.494612127000153 ], [ 100.414455283000052, 13.494308381000053 ], [ 100.410977646000163, 13.493676995000044 ], [ 100.409990097000104, 13.493544318000147 ], [ 100.408838252000066, 13.493389571000023 ], [ 100.408837657000106, 13.493392753000137 ], [ 100.408713123000098, 13.494094876000077 ], [ 100.406824944000107, 13.50222 ], [ 100.406751191000126, 13.504425748000074 ], [ 100.406685577000019, 13.507458212000131 ], [ 100.406648352000047, 13.509178653000106 ], [ 100.406614956000169, 13.511839868000095 ], [ 100.406593961999988, 13.513512369000011 ], [ 100.406628390000037, 13.515981439000029 ], [ 100.406603928000152, 13.517849800000022 ], [ 100.40653562000017, 13.523067498000046 ], [ 100.406518842000196, 13.524348840000016 ], [ 100.406496778000133, 13.525095162000127 ], [ 100.406494100000089, 13.529562397 ], [ 100.40632586800001, 13.535797271000035 ], [ 100.407233212000165, 13.535829148000118 ], [ 100.408250329, 13.535842811000066 ], [ 100.410905041000092, 13.535827852000182 ], [ 100.41091090600014, 13.53582797700011 ], [ 100.411591695000084, 13.535824136000031 ], [ 100.412571764000063, 13.535825923000118 ], [ 100.412796152000169, 13.53582465500017 ], [ 100.413693939000098, 13.535819583000091 ], [ 100.413978390000125, 13.535847258 ], [ 100.413995960000136, 13.535852155000157 ], [ 100.414066977000061, 13.535871970000073 ], [ 100.414117867000186, 13.535939623000104 ], [ 100.414354395000032, 13.536441649000039 ], [ 100.414581733000034, 13.536990047000131 ], [ 100.414767482000059, 13.537446030000126 ], [ 100.414876538000158, 13.537741867000022 ], [ 100.414908874, 13.537871384000141 ], [ 100.414906282000175, 13.537967130000084 ], [ 100.414865822000195, 13.538063089000104 ], [ 100.414737471000137, 13.538242927000056 ], [ 100.414684498000099, 13.538357479000126 ], [ 100.414662877000183, 13.538437900000133 ], [ 100.414666169999975, 13.538529586000095 ], [ 100.414666655000133, 13.538542870000128 ], [ 100.414698708, 13.538626069000145 ], [ 100.414765590000059, 13.5387275920001 ], [ 100.414848270000164, 13.53883212500017 ], [ 100.415094651000175, 13.539043353000011 ], [ 100.415294367, 13.539190453000117 ], [ 100.415699995000182, 13.539466081 ], [ 100.415880516000129, 13.539570057999981 ], [ 100.416007126000125, 13.539631102000101 ], [ 100.416171593000115, 13.539688842000089 ], [ 100.416519248000043, 13.539767163000079 ], [ 100.416818165000166, 13.53983093800008 ], [ 100.417075725000132, 13.539901489000158 ], [ 100.417552126000032, 13.540063227000019 ], [ 100.417804054000101, 13.540153160000102 ], [ 100.417963219000058, 13.540229608000061 ], [ 100.418154795000078, 13.540371544000038 ], [ 100.418160459000035, 13.540375741000162 ], [ 100.418217880000043, 13.540418275000093 ], [ 100.41824527, 13.540449698000145 ], [ 100.418323043000157, 13.540538860000026 ], [ 100.418323235000173, 13.540539176999971 ], [ 100.418323417000181, 13.540539494000086 ], [ 100.418508607000035, 13.540852348000044 ], [ 100.418670228000167, 13.541192271 ], [ 100.418902194, 13.541680122000173 ], [ 100.419141665000041, 13.542120188000126 ], [ 100.419351019000089, 13.542527259000167 ], [ 100.419506354000077, 13.542835257999968 ], [ 100.419582713000125, 13.543067584000028 ], [ 100.419649199000105, 13.543507960000056 ], [ 100.419691136000097, 13.543691723000052 ], [ 100.419775338000136, 13.543890933 ], [ 100.419979531000081, 13.544362671000158 ], [ 100.420035158000132, 13.544621094000149 ], [ 100.4200774050002, 13.544879752000043 ], [ 100.420092059000126, 13.545062222000013 ], [ 100.420089729000154, 13.545241469000018 ], [ 100.420039885000108, 13.545417677000046 ], [ 100.419919475000086, 13.545707123 ], [ 100.419719309000016, 13.546279165000101 ], [ 100.419488587000103, 13.546844733000171 ], [ 100.419361106000167, 13.547087749000013 ], [ 100.419250144000046, 13.547254346000045 ], [ 100.419112013000074, 13.547417767000184 ], [ 100.418889429000103, 13.547641417000023 ], [ 100.418656598000098, 13.547851846000128 ], [ 100.418437358000119, 13.548068837000017 ], [ 100.418309256000157, 13.54820565600005 ], [ 100.418094589000077, 13.548545869000066 ], [ 100.417944347000059, 13.548783965000041 ], [ 100.417784346000076, 13.548943413000075 ], [ 100.417349172000115, 13.549377102 ], [ 100.416884469000138, 13.549939704 ], [ 100.416817852000065, 13.550017644999969 ], [ 100.416717774000119, 13.550134723999975 ], [ 100.416587971000126, 13.550286586000141 ], [ 100.416486809999981, 13.550390050000146 ], [ 100.416317836000076, 13.550500545000148 ], [ 100.416070880000063, 13.550621431000025 ], [ 100.415671687000156, 13.550812886000131 ], [ 100.415140521000069, 13.551061515000185 ], [ 100.414907184000072, 13.551188961000094 ], [ 100.414782087999981, 13.551262695000162 ], [ 100.414691025000195, 13.551352832000077 ], [ 100.414671224000074, 13.551396404000116 ], [ 100.414644136000106, 13.551455988000043 ], [ 100.414628047000122, 13.551548896000099 ], [ 100.414611329000195, 13.551645375000021 ], [ 100.414602083000091, 13.551801427000157 ], [ 100.41461972400009, 13.551917494000065 ], [ 100.414695403, 13.552092981000101 ], [ 100.414808844000106, 13.552344598000047 ], [ 100.414850518000151, 13.552507000000162 ], [ 100.414865581000072, 13.552759175000176 ], [ 100.414896788000078, 13.553446070000064 ], [ 100.414968372000146, 13.554076310000141 ], [ 100.415059284, 13.554533835000086 ], [ 100.415055333000112, 13.555586047000077 ], [ 100.415073160000077, 13.555731987000115 ], [ 100.415124935000051, 13.55588105400011 ], [ 100.415245695000067, 13.556222251000179 ], [ 100.415277035000202, 13.556358157000034 ], [ 100.415281312000104, 13.556507494000073 ], [ 100.415256925000108, 13.556665272000146 ], [ 100.415245376000144, 13.556740041000182 ], [ 100.415202409000074, 13.556932796000069 ], [ 100.415199941000196, 13.557088818000182 ], [ 100.415212365000173, 13.557144946000051 ], [ 100.415213885000128, 13.557151797000131 ], [ 100.41517671500003, 13.55714529800008 ], [ 100.415049423000198, 13.557116923000137 ], [ 100.414843867000059, 13.557069736000017 ], [ 100.414524452000194, 13.556929352000111 ], [ 100.414430327000105, 13.556887970000105 ], [ 100.414350401000092, 13.556873548000112 ], [ 100.414240224000082, 13.556881252000039 ], [ 100.414234506000184, 13.556881647000182 ], [ 100.414169754000113, 13.55689561600019 ], [ 100.414110441000105, 13.556930496000064 ], [ 100.414076304000048, 13.556966973000158 ], [ 100.414030440000147, 13.557029831000023 ], [ 100.413811758000179, 13.557393564000165 ], [ 100.413786138000034, 13.557425278000153 ], [ 100.413755158000129, 13.557464552 ], [ 100.413709666000102, 13.55748526400015 ], [ 100.413648433000105, 13.557497635000175 ], [ 100.413598640000146, 13.557500362000155 ], [ 100.413574791000201, 13.557499040000039 ], [ 100.413510057000167, 13.557477813000105 ], [ 100.413042401000041, 13.557115802000112 ], [ 100.412987387000101, 13.557096427000033 ], [ 100.412967942000193, 13.557093367000107 ], [ 100.412896454000133, 13.557120282000142 ], [ 100.412825777000023, 13.557159260000162 ], [ 100.412817915000119, 13.557163471000081 ], [ 100.412685563000196, 13.557234437999966 ], [ 100.41265592100001, 13.557242240999983 ], [ 100.412632505000033, 13.557248403000131 ], [ 100.412602382000102, 13.557248070000014 ], [ 100.412555998000187, 13.557241341000122 ], [ 100.412504867000166, 13.557213141999966 ], [ 100.412355637000076, 13.557048480000049 ], [ 100.41223225900012, 13.556856197000059 ], [ 100.412216440000179, 13.556817752000143 ], [ 100.412196216000098, 13.556768588000182 ], [ 100.412175004000119, 13.556663612000023 ], [ 100.412178371000152, 13.556558327000062 ], [ 100.412192926000159, 13.556498789000102 ], [ 100.412242623000111, 13.556372895000038 ], [ 100.412283030000197, 13.556264249000094 ], [ 100.412284451, 13.556260427000097 ], [ 100.412301273000196, 13.556211982000093 ], [ 100.412306711999975, 13.556167317000074 ], [ 100.412298689000124, 13.556096703000094 ], [ 100.412296230000038, 13.556083722000153 ], [ 100.412270917000171, 13.556008447000067 ], [ 100.412238866000052, 13.55594455500011 ], [ 100.412125869000022, 13.555800141000077 ], [ 100.4120568310002, 13.555696396000087 ], [ 100.412002365000149, 13.555590866000045 ], [ 100.41193822200006, 13.555510549000076 ], [ 100.411897763000184, 13.555476004000127 ], [ 100.411836752, 13.555444736000027 ], [ 100.411754974000189, 13.555435902 ], [ 100.411675203000073, 13.555447512000114 ], [ 100.411660649000112, 13.555450869000083 ], [ 100.411418950000098, 13.555506606 ], [ 100.411365721000038, 13.555505044000085 ], [ 100.411318534000145, 13.555496933000029 ], [ 100.411289971000144, 13.555485680000061 ], [ 100.411188441000093, 13.555418649000103 ], [ 100.41080074600012, 13.555106571000067 ], [ 100.410756832000175, 13.555073343000117 ], [ 100.410678710000127, 13.555040317000078 ], [ 100.410598783000182, 13.555024030000027 ], [ 100.410522743000115, 13.555022597 ], [ 100.41037065200004, 13.555017877000182 ], [ 100.409806396000079, 13.555063833000077 ], [ 100.409771799000112, 13.555060603000129 ], [ 100.409675176000064, 13.555051561000084 ], [ 100.409633322000161, 13.555046218000086 ], [ 100.409559064, 13.555024320000086 ], [ 100.408579301000032, 13.554551934000074 ], [ 100.408517730000199, 13.554532946999984 ], [ 100.408442299000114, 13.554529127000023 ], [ 100.408057194000094, 13.554636059000188 ], [ 100.407771320000109, 13.55471542700019 ], [ 100.407478199000082, 13.554779430000053 ], [ 100.407425742999976, 13.554783673000145 ], [ 100.407420098000159, 13.554784128000108 ], [ 100.407386086000201, 13.554786888000137 ], [ 100.407356114000038, 13.554779880000126 ], [ 100.407328214000188, 13.554770830000052 ], [ 100.407240314000035, 13.554730558000131 ], [ 100.406889438000121, 13.554490072000078 ], [ 100.406753347000119, 13.554434957000069 ], [ 100.406723091000117, 13.55442722600003 ], [ 100.406692157000066, 13.554419314000086 ], [ 100.406616112000052, 13.554414022 ], [ 100.406545300000062, 13.554416354000068 ], [ 100.406356856000116, 13.554473332000157 ], [ 100.406303043000037, 13.554487530000074 ], [ 100.406153728000163, 13.55452694000013 ], [ 100.406057838000038, 13.554538144000162 ], [ 100.405672243000026, 13.554565004999972 ], [ 100.405438884000034, 13.554604402000166 ], [ 100.405412932000161, 13.554608786000131 ], [ 100.405360554000083, 13.554637066 ], [ 100.405292306000149, 13.554711746000123 ], [ 100.405144666000183, 13.554970054000023 ], [ 100.405105216000095, 13.555005544000096 ], [ 100.405058442000154, 13.555019923000145 ], [ 100.404921547000129, 13.555038321999973 ], [ 100.404608125000095, 13.55507535300012 ], [ 100.404429965000134, 13.555070643000079 ], [ 100.404369170000166, 13.555059349000032 ], [ 100.404335280000168, 13.555041177000135 ], [ 100.40427913200017, 13.5550066670001 ], [ 100.404267065000113, 13.554995522000183 ], [ 100.404260714000031, 13.55498966100015 ], [ 100.404197055, 13.55491773500006 ], [ 100.404137875000117, 13.554806411000072 ], [ 100.404038234000097, 13.554415475000042 ], [ 100.403993330000105, 13.55432885099998 ], [ 100.403948983000078, 13.55424331800009 ], [ 100.403486522000094, 13.553625369000031 ], [ 100.40340993500007, 13.553549260000068 ], [ 100.403389932000096, 13.553529386000037 ], [ 100.403264897000156, 13.553462429999968 ], [ 100.402668274000121, 13.553185173000031 ], [ 100.402444441000114, 13.553130000000181 ], [ 100.402267774000165, 13.553127460000155 ], [ 100.402231908000033, 13.553132244000039 ], [ 100.402148406000094, 13.55314337700014 ], [ 100.402002591000155, 13.553196183000068 ], [ 100.401962288000107, 13.553210772000114 ], [ 100.401839162000044, 13.553219911999975 ], [ 100.401738797000178, 13.553197231000183 ], [ 100.401696152000113, 13.553178851000041 ], [ 100.401528290000101, 13.553054020000104 ], [ 100.401441894000072, 13.553002367000033 ], [ 100.401343710000106, 13.552931604000094 ], [ 100.40122115700018, 13.552870424000048 ], [ 100.401195956000151, 13.552856803000054 ], [ 100.401107660000093, 13.552833480000174 ], [ 100.401019897000026, 13.552822426000148 ], [ 100.400952852999978, 13.55282394000011 ], [ 100.400934274000178, 13.552828706000128 ], [ 100.400860082000065, 13.552839088000098 ], [ 100.400608248000196, 13.552928674000043 ], [ 100.400348412000199, 13.553035458000181 ], [ 100.400328233000039, 13.553039579000085 ], [ 100.400233977000198, 13.553040107000129 ], [ 100.400147351000157, 13.553022963000103 ], [ 100.399738580000189, 13.552785414000084 ], [ 100.39973531600009, 13.55278434600018 ], [ 100.399634448000086, 13.552751329000046 ], [ 100.399569002000192, 13.552732989000106 ], [ 100.399279764000198, 13.552721888000178 ], [ 100.399227593000091, 13.552736041 ], [ 100.399209191000125, 13.552744874000098 ], [ 100.39915028900009, 13.552773171000069 ], [ 100.399147275000189, 13.552774619 ], [ 100.399086424000188, 13.552849026000047 ], [ 100.399061215000188, 13.552922228000057 ], [ 100.39900489200005, 13.553085791000171 ], [ 100.398944019000055, 13.553156677000175 ], [ 100.398874485000192, 13.553204579000067 ], [ 100.398861436000061, 13.553213577000065 ], [ 100.398832394000124, 13.55322977100019 ], [ 100.398769814000104, 13.553244909 ], [ 100.398698785000192, 13.553243832000021 ], [ 100.398565725000196, 13.553197594000096 ], [ 100.398316794000095, 13.55304142500006 ], [ 100.398215631000198, 13.553010413000152 ], [ 100.398037843000054, 13.552979591999986 ], [ 100.398030878999975, 13.552978377000159 ], [ 100.397511780000116, 13.552984812000091 ], [ 100.397122729000159, 13.55303636300016 ], [ 100.397052509000048, 13.553059700000063 ], [ 100.396999770000036, 13.553094186000067 ], [ 100.396896543000139, 13.553196347000096 ], [ 100.39670371700015, 13.553384138000069 ], [ 100.396630665000146, 13.553415525000105 ], [ 100.396521441000175, 13.553439353000101 ], [ 100.396339290000128, 13.553460464000182 ], [ 100.395952909000187, 13.553453344000104 ], [ 100.395859797000128, 13.553459621 ], [ 100.395822016000125, 13.553472173000159 ], [ 100.395758518000036, 13.553496893000101 ], [ 100.395730325000102, 13.553513250000094 ], [ 100.395576098, 13.553648140000064 ], [ 100.395436425000071, 13.553807630000108 ], [ 100.395431070000086, 13.553819269000087 ], [ 100.395379468999977, 13.553931400000067 ], [ 100.3952905270001, 13.554324620999978 ], [ 100.395274236000091, 13.554396669000084 ], [ 100.395221004000121, 13.554510707000134 ], [ 100.395169742000121, 13.554578802000151 ], [ 100.395138340000017, 13.55462052200005 ], [ 100.395042783, 13.554704436000065 ], [ 100.394714135000186, 13.554928368000105 ], [ 100.39467028200005, 13.554985738000084 ], [ 100.394654000000116, 13.555025317000059 ], [ 100.394650852000041, 13.555102925000085 ], [ 100.394743732000052, 13.555355339000187 ], [ 100.394773082000199, 13.555422709000084 ], [ 100.394784648000098, 13.555529031 ], [ 100.39476957300019, 13.555591530000129 ], [ 100.394751312000153, 13.555638474000091 ], [ 100.394698315000142, 13.555699974000049 ], [ 100.394577819000119, 13.555791956000178 ], [ 100.394349195000189, 13.555922889000101 ], [ 100.39426655900013, 13.55597272600005 ], [ 100.394232869000177, 13.556013779000125 ], [ 100.394212842, 13.556065650000107 ], [ 100.394170993000046, 13.556276591000028 ], [ 100.394122761000119, 13.556633751000106 ], [ 100.394016938000163, 13.557060455000055 ], [ 100.393995559000075, 13.557202361000066 ], [ 100.394010103000198, 13.557382991000111 ], [ 100.394033137000179, 13.557668865000153 ], [ 100.394081124000138, 13.558264508000093 ], [ 100.393872121000186, 13.558394952000071 ], [ 100.393652361000079, 13.558520635999969 ], [ 100.393452373000059, 13.558643429000142 ], [ 100.393365214000028, 13.558724118000157 ], [ 100.393316755000058, 13.55879188800003 ], [ 100.393183062000105, 13.559043085000155 ], [ 100.393043280000086, 13.559340991000113 ], [ 100.393015350000042, 13.559407419000081 ], [ 100.392963302, 13.559531223000022 ], [ 100.39294621300013, 13.559601315000123 ], [ 100.392914411000163, 13.559748039000056 ], [ 100.392874982000194, 13.55992994900015 ], [ 100.392836032000162, 13.56006706200003 ], [ 100.392713953000055, 13.560402194000062 ], [ 100.392578904000175, 13.560770953000088 ], [ 100.392574658000171, 13.560782550999988 ], [ 100.392554511000014, 13.560872885000038 ], [ 100.392551598000068, 13.560919566000052 ], [ 100.392558177000183, 13.560956864000104 ], [ 100.392572679000125, 13.560989456000186 ], [ 100.392612918000168, 13.561020720999977 ], [ 100.392616072000067, 13.561023175 ], [ 100.392977220000091, 13.561174787000141 ], [ 100.393030509000141, 13.561197169000025 ], [ 100.39309014100013, 13.56124246800016 ], [ 100.393128628, 13.561298250000107 ], [ 100.393139605000101, 13.561362492000114 ], [ 100.393137799000158, 13.561416424000129 ], [ 100.3931211740001, 13.561474597000085 ], [ 100.393062433000125, 13.561580711000147 ], [ 100.392767010000114, 13.562015224000106 ], [ 100.392724721000093, 13.562076639000168 ], [ 100.392645419000075, 13.562180307 ], [ 100.392579731000183, 13.562269440000023 ], [ 100.392563096000117, 13.562292009000032 ], [ 100.392496993000066, 13.562396637000177 ], [ 100.392484931000126, 13.562415720000047 ], [ 100.392398792000051, 13.562575555000024 ], [ 100.392366394000192, 13.5626418760001 ], [ 100.392341276000082, 13.562726200000156 ], [ 100.392310235000082, 13.562848641000073 ], [ 100.392288277000034, 13.562948989 ], [ 100.39226519000016, 13.563030300000094 ], [ 100.392241887000125, 13.563074535000112 ], [ 100.392217467000194, 13.563103725000019 ], [ 100.392186870000103, 13.563125939000088 ], [ 100.39214903900006, 13.563139180000064 ], [ 100.392084566000165, 13.563150566000104 ], [ 100.392058425000187, 13.563150711 ], [ 100.39199544100012, 13.563151063000021 ], [ 100.391884776000154, 13.563145668000061 ], [ 100.391760773999977, 13.563138334000143 ], [ 100.391654244000051, 13.563140941000086 ], [ 100.391438196000138, 13.563158177000105 ], [ 100.391369648000136, 13.563174590000131 ], [ 100.391347404000101, 13.563191797000059 ], [ 100.391337020000094, 13.563199826000073 ], [ 100.391317731000186, 13.563230002000068 ], [ 100.391306642000075, 13.563261139000076 ], [ 100.391302749000033, 13.563296234000063 ], [ 100.391299000000174, 13.563357389000089 ], [ 100.391298581000058, 13.563460617999965 ], [ 100.391301213000077, 13.563560828000107 ], [ 100.391314182000144, 13.563676006000037 ], [ 100.391349182000056, 13.563881267000056 ], [ 100.391389264000168, 13.56407947200006 ], [ 100.391413496000041, 13.564194596000164 ], [ 100.391413723000142, 13.564233676000185 ], [ 100.3914027040002, 13.564276836000033 ], [ 100.391355179000072, 13.564384335000113 ], [ 100.39129366800006, 13.564551043000051 ], [ 100.391254452, 13.56467854400006 ], [ 100.391244485000186, 13.564725706000047 ], [ 100.391242740000109, 13.564777828000103 ], [ 100.391243517000078, 13.564911118999987 ], [ 100.391246259000127, 13.565030362000186 ], [ 100.39124144900012, 13.565084513000158 ], [ 100.39123244200016, 13.565121641000189 ], [ 100.391213259000097, 13.565169852 ], [ 100.391178713000045, 13.565219155000079 ], [ 100.391137936000177, 13.565253459000076 ], [ 100.39107973900002, 13.565285855000127 ], [ 100.391005153000094, 13.565319340000144 ], [ 100.390932647000113, 13.565359833 ], [ 100.390888798000162, 13.565395151000075 ], [ 100.390859313000078, 13.565433400000131 ], [ 100.390835002000131, 13.565479652000079 ], [ 100.390824972000189, 13.565517775000103 ], [ 100.390823180000041, 13.565561881 ], [ 100.390823414000067, 13.565601968000067 ], [ 100.390833021000049, 13.565668064000022 ], [ 100.39084525800007, 13.565726984000094 ], [ 100.390876053000056, 13.565855093000152 ], [ 100.390913586000067, 13.565967133000186 ], [ 100.390974626000116, 13.566128487000185 ], [ 100.39098825800005, 13.566186941000069 ], [ 100.390991433000181, 13.566200554000034 ], [ 100.390994447000082, 13.566248641000186 ], [ 100.390989423, 13.566323496000052 ], [ 100.39097878400014, 13.566373000999988 ], [ 100.390935827000021, 13.566502863000096 ], [ 100.390890169000158, 13.56663673900016 ], [ 100.390774395000165, 13.566928692000033 ], [ 100.390721099000018, 13.567083638999975 ], [ 100.390709918000084, 13.567116126000087 ], [ 100.390657639000096, 13.567286129000081 ], [ 100.390628422000077, 13.567429270000105 ], [ 100.390615375000152, 13.567534909000017 ], [ 100.390612906000058, 13.56757901800006 ], [ 100.390621364000026, 13.567624409000132 ], [ 100.390633841000124, 13.567656413000122 ], [ 100.390653134, 13.567685702000176 ], [ 100.390687443000104, 13.56771356600018 ], [ 100.390738179000039, 13.56774668900016 ], [ 100.390810786000088, 13.567782365000085 ], [ 100.391004612000131, 13.56784264800018 ], [ 100.391059831000177, 13.567859820000024 ], [ 100.391095226000175, 13.567871056000058 ], [ 100.391105523000022, 13.567874326000151 ], [ 100.391241839000145, 13.56791760100009 ], [ 100.391306206000024, 13.567946640000059 ], [ 100.39134458000018, 13.567969140000173 ], [ 100.391392653000196, 13.568014310000024 ], [ 100.391429844000129, 13.568067548000158 ], [ 100.391458850000049, 13.56812217300012 ], [ 100.391481156000111, 13.568199559000163 ], [ 100.391493828000137, 13.568264966000129 ], [ 100.39150526200018, 13.56835176200002 ], [ 100.391509281000083, 13.568572219000089 ], [ 100.391504832000123, 13.568747296000083 ], [ 100.39149979300015, 13.568819484000187 ], [ 100.391485228000136, 13.568898409000042 ], [ 100.391466348000165, 13.568939935000117 ], [ 100.391448514000103, 13.568956747000072 ], [ 100.391430727000113, 13.568968949 ], [ 100.391425863000109, 13.568970398000033 ], [ 100.391410548000124, 13.568974994000087 ], [ 100.391362633000199, 13.568978527000127 ], [ 100.391351836000069, 13.568979320999972 ], [ 100.39126846400012, 13.568971778000162 ], [ 100.391114444000152, 13.56895518400006 ], [ 100.391070342000091, 13.568950433000111 ], [ 100.39107031500015, 13.568950433000111 ], [ 100.390903922000177, 13.568938286000048 ], [ 100.39074520600019, 13.568962892000172 ], [ 100.390684594000106, 13.568977345000178 ], [ 100.390662481000163, 13.568989050000027 ], [ 100.390643068000088, 13.569007327000179 ], [ 100.390624204000119, 13.569051528000045 ], [ 100.390590665000104, 13.569155948000116 ], [ 100.390580047000071, 13.569195468000032 ], [ 100.390557242000057, 13.569280407000065 ], [ 100.390533336000033, 13.56934684700002 ], [ 100.390521819000071, 13.569368054999984 ], [ 100.390500608000195, 13.5694076690001 ], [ 100.390468987000133, 13.569449417000158 ], [ 100.390438196000161, 13.569478845000106 ], [ 100.390406846000076, 13.569491043000085 ], [ 100.39036452900018, 13.569495287000052 ], [ 100.390117311000154, 13.569499331000031 ], [ 100.390108332000068, 13.569499381000014 ], [ 100.3899725240002, 13.569500137000091 ], [ 100.389909732000149, 13.569505836000133 ], [ 100.389840500000105, 13.569520038000064 ], [ 100.389836057000196, 13.569520945000022 ], [ 100.389765185000158, 13.569548062000081 ], [ 100.389672599000164, 13.569599357000129 ], [ 100.389610008000034, 13.569641136000143 ], [ 100.38955566400017, 13.569692217000181 ], [ 100.389517708000199, 13.569741865000026 ], [ 100.389487908000035, 13.569784795000032 ], [ 100.389462298000069, 13.569843732000038 ], [ 100.389439375000052, 13.56989463900004 ], [ 100.389406227000109, 13.570019854 ], [ 100.389393856000083, 13.570066606000182 ], [ 100.389336031000198, 13.570274838000159 ], [ 100.389334397000027, 13.57028073500004 ], [ 100.389291832000197, 13.570478147000188 ], [ 100.389293066999983, 13.570569528000021 ], [ 100.389303061000135, 13.570618265000064 ], [ 100.38931595400004, 13.570648915000106 ], [ 100.389322180000192, 13.570658140999967 ], [ 100.389378498000042, 13.570741535000138 ], [ 100.389446002000113, 13.570841499000039 ], [ 100.389457654000012, 13.570868254000061 ], [ 100.389464469000131, 13.570883894000133 ], [ 100.389474315000086, 13.570957007 ], [ 100.389472730000023, 13.571053735000021 ], [ 100.389472524000041, 13.57106629000009 ], [ 100.389468105000105, 13.571100965000028 ], [ 100.38946121000015, 13.571127320000187 ], [ 100.389419807000195, 13.571187740000028 ], [ 100.389298384000199, 13.571303454000031 ], [ 100.38908071100019, 13.57148486400007 ], [ 100.388891806000117, 13.571666105000077 ], [ 100.388891391000186, 13.572354926000116 ], [ 100.388891256000079, 13.572561450000023 ], [ 100.3887822800001, 13.572561386000189 ], [ 100.388517879000176, 13.572524040000076 ], [ 100.388491091000105, 13.572520252000118 ], [ 100.388269558000161, 13.572478720999982 ], [ 100.388072523000119, 13.572419689000071 ], [ 100.388028819000056, 13.572421266000106 ], [ 100.387996090000058, 13.572430806 ], [ 100.387971639999989, 13.57245365700004 ], [ 100.387952688000041, 13.572484492 ], [ 100.38792168800012, 13.572555492000049 ], [ 100.387838070000157, 13.572740358000033 ], [ 100.387781420000067, 13.572863613000038 ], [ 100.387734224000098, 13.572969441000112 ], [ 100.387693915000057, 13.573084580000113 ], [ 100.387650893, 13.573203751000108 ], [ 100.387606316000131, 13.573289525000121 ], [ 100.387565348000123, 13.573367590000089 ], [ 100.387554977000093, 13.573387352000111 ], [ 100.387521281000147, 13.573465041000077 ], [ 100.387502516000097, 13.573526624000124 ], [ 100.387500946000159, 13.573539150000045 ], [ 100.387495988000069, 13.573578772000133 ], [ 100.387494920000165, 13.573629557000174 ], [ 100.38751164100006, 13.573686917000146 ], [ 100.387537912000198, 13.573741558000108 ], [ 100.38759157200019, 13.573805404000097 ], [ 100.387668508000161, 13.573883820000162 ], [ 100.387842785000089, 13.574020480000115 ], [ 100.387925128000063, 13.574082004000047 ], [ 100.387963512000056, 13.574110685 ], [ 100.387993896000069, 13.57416796800004 ], [ 100.387997913000163, 13.574194430000091 ], [ 100.387999573000116, 13.574205350000113 ], [ 100.387997128000166, 13.574253477000127 ], [ 100.387979659000052, 13.574289486000168 ], [ 100.387979622000159, 13.574289566000175 ], [ 100.387979578000113, 13.574289646000182 ], [ 100.387952380000172, 13.574309846000062 ], [ 100.387916923000034, 13.574320734000082 ], [ 100.387862321000114, 13.574327720000099 ], [ 100.387806334000175, 13.57433069800004 ], [ 100.387730459000011, 13.574326237000093 ], [ 100.38757814000013, 13.574317268000129 ], [ 100.387362183000107, 13.574294421000104 ], [ 100.387278818000084, 13.574286869000048 ], [ 100.387233665000167, 13.574275088000036 ], [ 100.387196676000201, 13.574255253999979 ], [ 100.387148688000138, 13.574224781000055 ], [ 100.387086922000151, 13.574174354000036 ], [ 100.387029386000052, 13.574145276000138 ], [ 100.386997934000078, 13.574138769000058 ], [ 100.386967946000084, 13.574146545000133 ], [ 100.386961107000161, 13.574148322000042 ], [ 100.386931165000135, 13.574168537 ], [ 100.386898576000021, 13.57420079100018 ], [ 100.386890903000051, 13.574211269000159 ], [ 100.386870113999976, 13.574239695000017 ], [ 100.386848514000178, 13.574283920000028 ], [ 100.386825606000059, 13.574337493000144 ], [ 100.386798662000103, 13.574401787000113 ], [ 100.386760930000037, 13.574491522000187 ], [ 100.386724423000089, 13.574554528000078 ], [ 100.386674329000073, 13.574632308000105 ], [ 100.386647362000019, 13.574693936000074 ], [ 100.386639409000168, 13.574735402000101 ], [ 100.386639665000189, 13.574779497000122 ], [ 100.386659160000136, 13.574824994000039 ], [ 100.386659269000063, 13.574825170000054 ], [ 100.386697668000124, 13.574887415000148 ], [ 100.386906765999981, 13.57514148100006 ], [ 100.387016800000026, 13.575270483000054 ], [ 100.387044388000049, 13.57531710000012 ], [ 100.387056959000063, 13.575363802000027 ], [ 100.387059932000057, 13.575406548000046 ], [ 100.387054713000055, 13.575447999000176 ], [ 100.387033036000162, 13.575478858000167 ], [ 100.386996318000115, 13.575507119000122 ], [ 100.386951383000053, 13.575531425000179 ], [ 100.386895504000165, 13.57555311699997 ], [ 100.386840964000044, 13.575570785000025 ], [ 100.386763174, 13.575583250000079 ], [ 100.386685363000083, 13.575590365000039 ], [ 100.386606163000067, 13.575596147000169 ], [ 100.386516021000091, 13.575597980000055 ], [ 100.386465531000169, 13.575607619000039 ], [ 100.386452926000118, 13.575615784000092 ], [ 100.386430153999981, 13.575630530000069 ], [ 100.386407112000029, 13.57566273000009 ], [ 100.38637460800004, 13.575709683000184 ], [ 100.386336736000089, 13.575775369999974 ], [ 100.386265089000119, 13.575904049000087 ], [ 100.386185413000078, 13.576060837000057 ], [ 100.386170597000103, 13.576097000000118 ], [ 100.386165338000126, 13.576133109000011 ], [ 100.386165364000135, 13.576137594000102 ], [ 100.386165547000076, 13.576169188000051 ], [ 100.386176685000066, 13.576205198000025 ], [ 100.386197425000034, 13.576249179000058 ], [ 100.386222217000125, 13.576283788000126 ], [ 100.386297731000127, 13.576350188000106 ], [ 100.386388225000189, 13.576407139000139 ], [ 100.38645815000018, 13.576443695000137 ], [ 100.386486871000159, 13.576458711000157 ], [ 100.386619696000082, 13.576515435000033 ], [ 100.386711129000048, 13.576560126000118 ], [ 100.386819703000185, 13.576613206000047 ], [ 100.386859643000093, 13.576631532000135 ], [ 100.386925561000055, 13.576661771999966 ], [ 100.386956208000186, 13.576675841000167 ], [ 100.386840271000096, 13.576939729000173 ], [ 100.386747210000124, 13.57714603800008 ], [ 100.386722695000117, 13.577224549999983 ], [ 100.386715032000154, 13.577249108000103 ], [ 100.386707339000111, 13.577284048000138 ], [ 100.386679089000097, 13.577412336000066 ], [ 100.386657870000192, 13.577520686000184 ], [ 100.386651481000115, 13.577596889000176 ], [ 100.386649197000111, 13.577674404000106 ], [ 100.386645488000056, 13.577741244000094 ], [ 100.386637843000074, 13.577810817000113 ], [ 100.386637774000121, 13.577811461000181 ], [ 100.386637706000101, 13.577812106000124 ], [ 100.386623162000149, 13.577895038000065 ], [ 100.386609645000192, 13.577932544000134 ], [ 100.386604343000101, 13.577947255000026 ], [ 100.386574557000131, 13.57799285800013 ], [ 100.386539301000084, 13.578038484000047 ], [ 100.386494459000062, 13.578078821000076 ], [ 100.38644822200007, 13.578113825000116 ], [ 100.386395076000099, 13.578136835000066 ], [ 100.386372180000194, 13.578141447000121 ], [ 100.386340497000162, 13.578147830000034 ], [ 100.38627362, 13.578156218000174 ], [ 100.386193056000081, 13.578162015000032 ], [ 100.386135727000067, 13.578170349000175 ], [ 100.386096253000176, 13.578193283000132 ], [ 100.386078105000081, 13.578210379000097 ], [ 100.386077269000054, 13.578211177000185 ], [ 100.386076426000045, 13.578211968000176 ], [ 100.386067720000199, 13.578220164000129 ], [ 100.386063872000079, 13.578225713000165 ], [ 100.386037917000124, 13.578263093000032 ], [ 100.386014976000126, 13.578290852000123 ], [ 100.38600129200006, 13.578307393000159 ], [ 100.385971421000136, 13.578338298000119 ], [ 100.385938775000113, 13.578362527000081 ], [ 100.385910182000146, 13.578377385000067 ], [ 100.385873339000057, 13.578384272000051 ], [ 100.385765498000069, 13.578396903999987 ], [ 100.385711351000111, 13.578401363000125 ], [ 100.38569586300008, 13.57840263200012 ], [ 100.385641299000042, 13.578416301000118 ], [ 100.385607260000143, 13.578435196000157 ], [ 100.385582778000071, 13.578454040000111 ], [ 100.385558374000198, 13.578484905000096 ], [ 100.385540894000144, 13.57851133700018 ], [ 100.385532646000172, 13.57852380300011 ], [ 100.385502860000202, 13.578569406999975 ], [ 100.385471608000103, 13.578598978000059 ], [ 100.385438979000128, 13.578624549000097 ], [ 100.385400851000043, 13.578646134000053 ], [ 100.385357880000129, 13.578663931000165 ], [ 100.385351794000144, 13.578666454000086 ], [ 100.385293212000079, 13.578692169000021 ], [ 100.385249685000133, 13.57872448300003 ], [ 100.385211680000111, 13.578767449000054 ], [ 100.385196868000094, 13.57878735800017 ], [ 100.385173730000133, 13.578818438999974 ], [ 100.385124921999989, 13.578881521000028 ], [ 100.385107209000068, 13.578905120000115 ], [ 100.385089683000047, 13.578928480000116 ], [ 100.38505178600019, 13.578990160000046 ], [ 100.385025663000079, 13.579049780000048 ], [ 100.385015385000088, 13.579073213000129 ], [ 100.384995226000115, 13.579129454000054 ], [ 100.38499003000004, 13.579174912000099 ], [ 100.384992628000077, 13.57920905300017 ], [ 100.384992980000106, 13.579213650999975 ], [ 100.385009610000054, 13.579253638000012 ], [ 100.385034401000098, 13.579289581000069 ], [ 100.385100382000132, 13.579360042000133 ], [ 100.385131517000104, 13.579395940000097 ], [ 100.385136132000071, 13.579401264000182 ], [ 100.385137827000108, 13.579404027000123 ], [ 100.38518491200017, 13.579480913999987 ], [ 100.385200876000056, 13.579549349000047 ], [ 100.385222484999986, 13.579634067000143 ], [ 100.38523951600007, 13.579694877 ], [ 100.385255290000146, 13.579730684000083 ], [ 100.385363965000181, 13.579872565000187 ], [ 100.385472462000166, 13.57998507700006 ], [ 100.385503848000099, 13.5800284070001 ], [ 100.385507115000109, 13.580040898000163 ], [ 100.385514083000146, 13.58006750200002 ], [ 100.385518752999985, 13.580105552000191 ], [ 100.385517864000178, 13.580143624000129 ], [ 100.385509141999989, 13.580174120000152 ], [ 100.38548489600015, 13.580210150000141 ], [ 100.385449421000146, 13.580228833000149 ], [ 100.385403921000091, 13.580243228000029 ], [ 100.38527847600011, 13.580276553000033 ], [ 100.385224097000162, 13.580294255000069 ], [ 100.385189741000147, 13.580312940999988 ], [ 100.385186961000102, 13.580315993000056 ], [ 100.385159906000069, 13.58034573600014 ], [ 100.385148940000022, 13.580371901000092 ], [ 100.385138985000196, 13.58040905200005 ], [ 100.385136972000112, 13.580416558000138 ], [ 100.385128503000033, 13.580490566000037 ], [ 100.385126933000095, 13.580602603000159 ], [ 100.38511960000011, 13.580680949000055 ], [ 100.385100032000082, 13.580758286000162 ], [ 100.385081096000135, 13.580824549000056 ], [ 100.385080759000175, 13.580825733000154 ], [ 100.385069589000125, 13.580875921000029 ], [ 100.385067553000169, 13.580907475000174 ], [ 100.385069924000106, 13.580933566000112 ], [ 100.385090053000056, 13.580953026000145 ], [ 100.385107916000038, 13.580965984000102 ], [ 100.385144671000148, 13.580976656000132 ], [ 100.385183621000181, 13.5809829640001 ], [ 100.385233709000033, 13.580992476000176 ], [ 100.385262664000038, 13.581001020000031 ], [ 100.385289431000047, 13.581015004000108 ], [ 100.385316210000042, 13.581031169000084 ], [ 100.385346427000115, 13.581065811000144 ], [ 100.385371075000023, 13.581097217000035 ], [ 100.385407789000055, 13.581178372000124 ], [ 100.385411939000051, 13.58118754700007 ], [ 100.385439776000112, 13.581249101000026 ], [ 100.385496092000153, 13.581373873000018 ], [ 100.385509584000033, 13.581398808000074 ], [ 100.385529685, 13.581415011000047 ], [ 100.385563115000139, 13.581427873000052 ], [ 100.385584832000063, 13.581439326 ], [ 100.385646767000139, 13.581472008000048 ], [ 100.385683627000162, 13.581502259 ], [ 100.3857005280002, 13.581539138000096 ], [ 100.385705139000152, 13.581568483000126 ], [ 100.385700913000164, 13.581605487 ], [ 100.385682292000126, 13.581654534000052 ], [ 100.385631713000123, 13.581751614000098 ], [ 100.385604283000134, 13.581791361000114 ], [ 100.385586501000091, 13.581817122000018 ], [ 100.385564457000044, 13.581848788000173 ], [ 100.385559029000149, 13.58187274200003 ], [ 100.385564767000062, 13.581902081000067 ], [ 100.385610814000074, 13.581983405000187 ], [ 100.385646883000106, 13.58206694800009 ], [ 100.385656008000069, 13.58210604900006 ], [ 100.385656204000099, 13.582139772000062 ], [ 100.385649762000071, 13.582178960000135 ], [ 100.385622382000122, 13.58225198800011 ], [ 100.385600727000053, 13.582299435000039 ], [ 100.385542242999975, 13.582427538000104 ], [ 100.385522391000109, 13.582455933000062 ], [ 100.385503576000076, 13.582470171000125 ], [ 100.385474747000103, 13.582483388000071 ], [ 100.385428103000152, 13.582493428000021 ], [ 100.385348131000114, 13.58250801600019 ], [ 100.385280414000079, 13.582525801000145 ], [ 100.385228306000045, 13.5825521860001 ], [ 100.385196214000075, 13.582578469000055 ], [ 100.385171909000064, 13.582604709000066 ], [ 100.385159876000046, 13.582638500000144 ], [ 100.385159868000073, 13.582638526000153 ], [ 100.385157831000186, 13.582670043000178 ], [ 100.385165756, 13.582695018000038 ], [ 100.385203820000129, 13.58273831200006 ], [ 100.385354714000187, 13.582875606000016 ], [ 100.385386063000055, 13.582912413000145 ], [ 100.385404071000096, 13.582950379000067 ], [ 100.385410993000164, 13.582969083000023 ], [ 100.385422142000095, 13.582999221000023 ], [ 100.385430222000025, 13.58302933300007 ], [ 100.38543350600014, 13.583041577000188 ], [ 100.385435912000162, 13.583072020000145 ], [ 100.385436107000089, 13.583105734000071 ], [ 100.385425233000092, 13.583149299000013 ], [ 100.385368541, 13.58334212699998 ], [ 100.385284752000075, 13.583656925000128 ], [ 100.385277226000198, 13.583700472000089 ], [ 100.385277402000042, 13.583730927000033 ], [ 100.385286455000141, 13.58375915400012 ], [ 100.385301077000122, 13.583787348000158 ], [ 100.385356509000076, 13.583876293000117 ], [ 100.385488133000138, 13.584076656000093 ], [ 100.385587299000179, 13.584273146000044 ], [ 100.385737559000177, 13.584492016000183 ], [ 100.38587568500003, 13.584727266000129 ], [ 100.385969127000124, 13.584924698000123 ], [ 100.385974913000098, 13.584963827000081 ], [ 100.385972527000092, 13.584977091000098 ], [ 100.385968444000184, 13.58499974900019 ], [ 100.385955264000131, 13.585027013000115 ], [ 100.385936500000184, 13.585049964000177 ], [ 100.385914324000112, 13.58506205000009 ], [ 100.385872132000031, 13.58507098900003 ], [ 100.385817683000028, 13.585076728999979 ], [ 100.385746544000085, 13.585080382 ], [ 100.385695438000141, 13.585088276000135 ], [ 100.3856863110002, 13.585094038000079 ], [ 100.385671071000161, 13.585103639000067 ], [ 100.385652285000049, 13.585124411000038 ], [ 100.385641292000116, 13.585146224000141 ], [ 100.385641463000013, 13.58517559500018 ], [ 100.385657233000074, 13.585210307000011 ], [ 100.38577704100004, 13.585354297000038 ], [ 100.38582072600019, 13.585409530000106 ], [ 100.385823003000155, 13.585428604000072 ], [ 100.38582423500003, 13.585438873000101 ], [ 100.385821055000122, 13.58546608100005 ], [ 100.385815881000099, 13.585478089000162 ], [ 100.385814474000028, 13.585481346000165 ], [ 100.38581371000015, 13.585482020000029 ], [ 100.385812938000072, 13.585482687000024 ], [ 100.38579839200014, 13.585495382999966 ], [ 100.385795662000078, 13.585497764000081 ], [ 100.385795329000132, 13.585497863 ], [ 100.385794996000016, 13.585497954000118 ], [ 100.385764579000067, 13.585506641000052 ], [ 100.38571124900011, 13.585512376000054 ], [ 100.385661205000076, 13.585510474000102 ], [ 100.385611058000109, 13.585492267000063 ], [ 100.385567565000144, 13.585468575000107 ], [ 100.385517316000175, 13.58543296900018 ], [ 100.385472509000067, 13.58537557000011 ], [ 100.385428887000046, 13.585331213000075 ], [ 100.385394328000075, 13.585315100000059 ], [ 100.385347615000057, 13.585313179000025 ], [ 100.38530318, 13.585319950000155 ], [ 100.385265474999983, 13.585335387999976 ], [ 100.385223355000051, 13.585358460000123 ], [ 100.385203807000039, 13.585375457 ], [ 100.385186845000078, 13.585390206000056 ], [ 100.385167024000111, 13.585424030000013 ], [ 100.385158366000098, 13.585465410999973 ], [ 100.385158606000118, 13.585506743000053 ], [ 100.385167732000184, 13.58554584500007 ], [ 100.385177898000109, 13.585572988000081 ], [ 100.385195868000039, 13.585604421000141 ], [ 100.385227186000122, 13.58563579000014 ], [ 100.385328642000161, 13.585684170000093 ], [ 100.385582678000048, 13.585774128000025 ], [ 100.385668464000048, 13.585803013000032 ], [ 100.38569639800005, 13.585826791000045 ], [ 100.385711029000106, 13.585858244000065 ], [ 100.38571024700002, 13.585871234000081 ], [ 100.385709005000137, 13.585891977000131 ], [ 100.385691439000084, 13.585930142000166 ], [ 100.385675488000118, 13.58594967800019 ], [ 100.385668248, 13.585958547000132 ], [ 100.385660176000044, 13.585964118000163 ], [ 100.385649902000125, 13.585971212 ], [ 100.385631700000033, 13.585983769000052 ], [ 100.38559069900009, 13.586006835000035 ], [ 100.385584229000074, 13.586008460000073 ], [ 100.385524085999975, 13.58602351899998 ], [ 100.385477450000053, 13.586033569000108 ], [ 100.385375208000141, 13.586042832999965 ], [ 100.385255114000131, 13.586042423000151 ], [ 100.385018357000149, 13.586054606000175 ], [ 100.38495724600017, 13.586061478000033 ], [ 100.384940832000041, 13.586069612000188 ], [ 100.384923986000103, 13.586077977000059 ], [ 100.384897440000032, 13.58610204900009 ], [ 100.384879816000137, 13.586130423000156 ], [ 100.384869998000056, 13.586163106000072 ], [ 100.384867974000088, 13.586196841000117 ], [ 100.384873773000095, 13.586238133000165 ], [ 100.384886190000145, 13.586270700999989 ], [ 100.384905235000019, 13.586294519000035 ], [ 100.384932032000052, 13.58631503600003 ], [ 100.384969951000073, 13.586333321000041 ], [ 100.385008947000074, 13.58634723800003 ], [ 100.385057916000164, 13.5863567560001 ], [ 100.385225814000194, 13.586356909000017 ], [ 100.385263636000104, 13.586359966000032 ], [ 100.385297079000111, 13.586375008 ], [ 100.385323916000118, 13.586400954000055 ], [ 100.385339698, 13.58643784800006 ], [ 100.385342145000152, 13.586476995000055 ], [ 100.385339055000031, 13.586518337000086 ], [ 100.385323633000041, 13.586543441 ], [ 100.385303750000048, 13.586566389000154 ], [ 100.385294605000126, 13.586572179000086 ], [ 100.385263871000063, 13.586591629999987 ], [ 100.385136414000101, 13.58666303300015 ], [ 100.385049995000145, 13.586714637000171 ], [ 100.385001276000082, 13.586749708000127 ], [ 100.384949261000145, 13.586792416000094 ], [ 100.384898460000102, 13.586851431000127 ], [ 100.384860948000039, 13.58690166800011 ], [ 100.38485977900018, 13.586904022999988 ], [ 100.384824677000154, 13.586974745000191 ], [ 100.384801634000098, 13.587027082000134 ], [ 100.384786325000164, 13.58707175800015 ], [ 100.384779979000143, 13.587127269000177 ], [ 100.38478117600016, 13.587167103000127 ], [ 100.384781353999983, 13.587172937000048 ], [ 100.384784527000193, 13.587183284000105 ], [ 100.3847899820002, 13.587201051000079 ], [ 100.384792686000083, 13.587209855000083 ], [ 100.384800396000173, 13.587222763000113 ], [ 100.384803330000068, 13.587227664000068 ], [ 100.384809918000087, 13.587238379000155 ], [ 100.384810308999988, 13.58723871400008 ], [ 100.384840820000136, 13.587265055000046 ], [ 100.384911013000192, 13.587289684000041 ], [ 100.385033534000115, 13.587327069000025 ], [ 100.385065873000201, 13.587343204000035 ], [ 100.385092716000202, 13.587370245000045 ], [ 100.385094974000197, 13.587376579000022 ], [ 100.385106276000045, 13.587408236000101 ], [ 100.385108688000116, 13.587439765000113 ], [ 100.385104448000106, 13.58747568400014 ], [ 100.385089045000143, 13.587504055000124 ], [ 100.385067448000029, 13.587527357000056 ], [ 100.385064730000181, 13.587530285000128 ], [ 100.385035926000114, 13.587547854000093 ], [ 100.385033068000041, 13.587548409000021 ], [ 100.384995946000174, 13.58755568600003 ], [ 100.384940356000186, 13.587555995000116 ], [ 100.384884705000104, 13.58754760000005 ], [ 100.384793363000199, 13.587517651000155 ], [ 100.38465625300006, 13.587457508000057 ], [ 100.384599368000067, 13.587426281000035 ], [ 100.384574834000148, 13.587414455000157 ], [ 100.384548142000085, 13.587413517000073 ], [ 100.384515916000055, 13.587416954000105 ], [ 100.384484871000097, 13.587432355000033 ], [ 100.384441662000143, 13.58745761299997 ], [ 100.384320986000091, 13.58754856000013 ], [ 100.384266720000085, 13.58758584200001 ], [ 100.384232464000092, 13.587621917999968 ], [ 100.384208216, 13.587657947000025 ], [ 100.384194005000154, 13.587700445 ], [ 100.384188375000065, 13.587725504000048 ], [ 100.384178829000177, 13.587767967000104 ], [ 100.384172450000051, 13.587818031000154 ], [ 100.384169401000065, 13.58786807600012 ], [ 100.384168157000147, 13.58789478 ], [ 100.384167428000183, 13.587910506000071 ], [ 100.384169818000032, 13.587939864000191 ], [ 100.384178887000189, 13.587969176000115 ], [ 100.384202735000201, 13.588002581000126 ], [ 100.384264345000133, 13.588058315000126 ], [ 100.38434777700013, 13.588129394000077 ], [ 100.384405505000075, 13.58819868300003 ], [ 100.384433533999982, 13.588260404000039 ], [ 100.384441798000182, 13.588322233000099 ], [ 100.384438137000132, 13.588372529000026 ], [ 100.38441484700013, 13.588446134000151 ], [ 100.384381689000065, 13.588523661000067 ], [ 100.384348654000064, 13.588622454000188 ], [ 100.384333347000165, 13.588709548999987 ], [ 100.384329833000038, 13.588784987000054 ], [ 100.384332505000089, 13.588904848000084 ], [ 100.384333066000067, 13.589001529000029 ], [ 100.384349607000104, 13.589127114000178 ], [ 100.384364101000017, 13.58923918500011 ], [ 100.384364819000098, 13.589362933000075 ], [ 100.384361682000076, 13.589517468000167 ], [ 100.384352608000086, 13.589533832000086 ], [ 100.384337666000079, 13.58954533900004 ], [ 100.384316858000147, 13.589553611000042 ], [ 100.384275183000113, 13.589557110000044 ], [ 100.384163792000095, 13.589556016000131 ], [ 100.384115895000093, 13.589555540000106 ], [ 100.384047102000181, 13.589562314000148 ], [ 100.383984216000158, 13.589568507000024 ], [ 100.38392496, 13.589578115000108 ], [ 100.383892443000093, 13.589579522000122 ], [ 100.383863655000198, 13.589576619000184 ], [ 100.383832961000167, 13.589568843000052 ], [ 100.383796588000052, 13.589551302000132 ], [ 100.383755801000177, 13.589528892000033 ], [ 100.383731357999977, 13.589520456000059 ], [ 100.383710082, 13.589518129000112 ], [ 100.38368883000004, 13.589520083000082 ], [ 100.38365511700016, 13.589530060000129 ], [ 100.383647268000118, 13.589535172000012 ], [ 100.383629574000111, 13.589546720000101 ], [ 100.383600279000063, 13.589565236 ], [ 100.383528648000095, 13.589616412000169 ], [ 100.383484449000093, 13.58965152900015 ], [ 100.383451444000116, 13.589676193000059 ], [ 100.383416536000084, 13.589696567000146 ], [ 100.383415727000056, 13.589697012999977 ], [ 100.383414908000077, 13.589697458000103 ], [ 100.383361046000061, 13.589726855000151 ], [ 100.383308046000138, 13.589755293000053 ], [ 100.383253804000105, 13.589784347000148 ], [ 100.383222633000116, 13.58980165600002 ], [ 100.383191554000121, 13.589834862000146 ], [ 100.383172317000174, 13.589861895000126 ], [ 100.383157490000144, 13.589893175000043 ], [ 100.383142075000194, 13.589930578000065 ], [ 100.383133292000082, 13.589958214000035 ], [ 100.383126103999984, 13.589980836000109 ], [ 100.383102656, 13.59003663600015 ], [ 100.383096468000019, 13.590046585000152 ], [ 100.383079730000077, 13.590073470000164 ], [ 100.383052452000129, 13.590114619000076 ], [ 100.383031940000194, 13.590136759000131 ], [ 100.383008908000079, 13.590155231999972 ], [ 100.38297773700009, 13.590172540000026 ], [ 100.38295030400019, 13.59018860000009 ], [ 100.382918514000039, 13.590206521000084 ], [ 100.382873582000059, 13.590222678000089 ], [ 100.382829250000157, 13.590236378000156 ], [ 100.382791151999982, 13.590245153000069 ], [ 100.38274740200012, 13.590250296000022 ], [ 100.382704234000073, 13.590249917000108 ], [ 100.38266229400017, 13.590243423000118 ], [ 100.382592151000154, 13.590226068000163 ], [ 100.382564612000067, 13.590223775000084 ], [ 100.382548992000068, 13.590225698000154 ], [ 100.382528370000102, 13.590228867000121 ], [ 100.382511511000075, 13.590233251000143 ], [ 100.382491551000157, 13.590243151999971 ], [ 100.382478502000083, 13.590257295000185 ], [ 100.382463606000101, 13.590276950000089 ], [ 100.382441257000096, 13.590305827000122 ], [ 100.382416464000073, 13.590344508000044 ], [ 100.382384853000076, 13.590394853000191 ], [ 100.382359441000062, 13.590434147000053 ], [ 100.382338351000101, 13.590465471000186 ], [ 100.382312875000139, 13.590493756000114 ], [ 100.382291118000182, 13.590515895000067 ], [ 100.382256861000144, 13.59054117300002 ], [ 100.382211971000118, 13.590565894000065 ], [ 100.382172725000089, 13.590593028000171 ], [ 100.382157799000083, 13.590607182999975 ], [ 100.382149126000172, 13.590621303000091 ], [ 100.382140470000195, 13.590639705 ], [ 100.382134252000185, 13.590664634000063 ], [ 100.382132523000109, 13.59067156499998 ], [ 100.382127085000036, 13.590703411000163 ], [ 100.38212109300008, 13.590748715000132 ], [ 100.382113136000044, 13.590778739000143 ], [ 100.382100762000107, 13.590802052000015 ], [ 100.382088973000066, 13.590818635000062 ], [ 100.382072778000065, 13.590830350999966 ], [ 100.382050930000048, 13.590838427000108 ], [ 100.382017831000041, 13.590845346000094 ], [ 100.381982827000172, 13.590849204000051 ], [ 100.381949071000065, 13.59085183600007 ], [ 100.381920952000144, 13.590856892000147 ], [ 100.381899307000197, 13.590864216000057 ], [ 100.381887868000035, 13.590868084000022 ], [ 100.381851692000055, 13.59088602900016 ], [ 100.381805538000151, 13.59090769300019 ], [ 100.381750591000127, 13.590932142000156 ], [ 100.381727556000101, 13.590942387000041 ], [ 100.38169512200011, 13.590956639000126 ], [ 100.38167454600017, 13.590967770000077 ], [ 100.381657778000033, 13.590988053000046 ], [ 100.381646685000078, 13.591017477000037 ], [ 100.381638706000047, 13.591043829000057 ], [ 100.381631432000177, 13.591084248000129 ], [ 100.381622219000178, 13.591112443000043 ], [ 100.381609250999986, 13.591140659000075 ], [ 100.381588169000054, 13.591171975000179 ], [ 100.381568270000059, 13.591192275000083 ], [ 100.381542741000032, 13.591211388000147 ], [ 100.381519663000063, 13.59122375100003 ], [ 100.381492837000167, 13.59123551800019 ], [ 100.381449122000163, 13.591246777000151 ], [ 100.38139919300005, 13.591264798000111 ], [ 100.381360548000146, 13.591288257000031 ], [ 100.38132566500019, 13.591312922000043 ], [ 100.381299541000146, 13.591336928999965 ], [ 100.381280265000157, 13.591357226000127 ], [ 100.381267187000105, 13.591366479000101 ], [ 100.381252193000137, 13.591369008000072 ], [ 100.381250903000193, 13.591369111000176 ], [ 100.381249604000175, 13.59136920800006 ], [ 100.38123531500014, 13.591370320000181 ], [ 100.381212170000083, 13.591371057000117 ], [ 100.381172734000017, 13.591365167 ], [ 100.381100071000162, 13.591345989 ], [ 100.381061913, 13.591344364000122 ], [ 100.381030663999979, 13.591348210000092 ], [ 100.381002583000054, 13.591359983000132 ], [ 100.380987052000137, 13.591377205000128 ], [ 100.380975283000112, 13.59139746000011 ], [ 100.38096355000016, 13.591423832000146 ], [ 100.380959315000041, 13.591448327000137 ], [ 100.380963865000069, 13.591478282000026 ], [ 100.380982334000066, 13.591535076000127 ], [ 100.381002070000136, 13.59159553600017 ], [ 100.381009187000075, 13.591635258000053 ], [ 100.381008066000106, 13.591658518000031 ], [ 100.381006320000097, 13.591681163000032 ], [ 100.381000190000123, 13.591702605000023 ], [ 100.380988415000161, 13.591721642000095 ], [ 100.380969746000119, 13.591736426000068 ], [ 100.380944151000051, 13.591745750000143 ], [ 100.380921023000099, 13.591747714000121 ], [ 100.380888509000044, 13.591749721000042 ], [ 100.380853487000195, 13.591750533000095 ], [ 100.380802835000054, 13.591751423000176 ], [ 100.380749671000103, 13.591751718000125 ], [ 100.380704648, 13.591753803000188 ], [ 100.380672149000077, 13.59175826500001 ], [ 100.380650939000134, 13.591767564000179 ], [ 100.380638524000062, 13.591783540000051 ], [ 100.380632976000129, 13.591796416000079 ], [ 100.380628702000138, 13.5918141840001 ], [ 100.380625113000121, 13.591842957000097 ], [ 100.380619772000102, 13.591893148000054 ], [ 100.380614859000161, 13.591909701000134 ], [ 100.380604924000124, 13.591920765000168 ], [ 100.380594954000173, 13.591927547000182 ], [ 100.380546259000141, 13.591960755000059 ], [ 100.380360995000103, 13.59208251400014 ], [ 100.3801334380002, 13.592244471000129 ], [ 100.380007210000031, 13.592335720000108 ], [ 100.379979001000095, 13.592361160000053 ], [ 100.379967441000076, 13.592381617000058 ], [ 100.379961729000115, 13.592403674000025 ], [ 100.37995938500012, 13.592430604000128 ], [ 100.379964706000067, 13.592484417000037 ], [ 100.3799776150002, 13.592553681000084 ], [ 100.379980351000029, 13.592594452000185 ], [ 100.379980549000095, 13.592628713000124 ], [ 100.379976541000076, 13.592656471999987 ], [ 100.379966678000073, 13.592681811000034 ], [ 100.379952595000077, 13.592698203000168 ], [ 100.379931819000149, 13.592710554 ], [ 100.379904378000049, 13.592723762000048 ], [ 100.379872730000102, 13.592730460999974 ], [ 100.379829414000085, 13.592738859000178 ], [ 100.379781913000159, 13.592744833000097 ], [ 100.379744417000097, 13.592749932000117 ], [ 100.379713599000183, 13.592756626000096 ], [ 100.379691988000104, 13.592769803000067 ], [ 100.379675452000129, 13.592792733000181 ], [ 100.379662284000119, 13.592823801000065 ], [ 100.379627127000163, 13.59294472800002 ], [ 100.379604931000074, 13.593000318 ], [ 100.379591725000068, 13.593024871000182 ], [ 100.379574340000147, 13.593046172000072 ], [ 100.379546107000181, 13.593067534000056 ], [ 100.379518690000111, 13.593084821 ], [ 100.379486283, 13.593105393000087 ], [ 100.379436419000172, 13.593135031000088 ], [ 100.379408192000028, 13.59315721400003 ], [ 100.379380019000109, 13.593187553000178 ], [ 100.379353574000163, 13.59322929700005 ], [ 100.379291632000161, 13.593333246000043 ], [ 100.379276718000199, 13.593351277000011 ], [ 100.379263441000091, 13.593361952000123 ], [ 100.379243443000178, 13.593365321000135 ], [ 100.379222596000147, 13.593365436000056 ], [ 100.379190042000118, 13.593360726000185 ], [ 100.379129874000114, 13.593339032000188 ], [ 100.379031312000109, 13.59331102800013 ], [ 100.379004583000153, 13.59330384000009 ], [ 100.378982071000053, 13.593304777000071 ], [ 100.378962114999979, 13.593313857000112 ], [ 100.378945532000159, 13.593331896000109 ], [ 100.378928208000104, 13.593363808000106 ], [ 100.378900230000113, 13.593429220000189 ], [ 100.378876326000125, 13.593476662000171 ], [ 100.378829208000127, 13.593548713000189 ], [ 100.378804413000125, 13.593587190000108 ], [ 100.378783792000092, 13.593626457000028 ], [ 100.378773977000094, 13.593659961000185 ], [ 100.37876918000012, 13.593696694000073 ], [ 100.378765298000133, 13.593744846000163 ], [ 100.378756569000075, 13.593822388000035 ], [ 100.378745160000108, 13.593868948000136 ], [ 100.37873289700002, 13.593911426000091 ], [ 100.378716459000088, 13.593953124000166 ], [ 100.378690942000048, 13.594010365000031 ], [ 100.378674542999988, 13.594058586000187 ], [ 100.37866144100019, 13.594099444 ], [ 100.378649102000111, 13.594130508000092 ], [ 100.378629278000062, 13.594162435000158 ], [ 100.378605248000042, 13.594189484000026 ], [ 100.378562091000106, 13.594225618000166 ], [ 100.378533886000184, 13.594250245000126 ], [ 100.378518194000151, 13.594277249000072 ], [ 100.378510931000164, 13.594319708000114 ], [ 100.378511964000154, 13.594353152000053 ], [ 100.378520467000044, 13.594381655000177 ], [ 100.378535555000042, 13.594395439999971 ], [ 100.378550593000057, 13.594400248000056 ], [ 100.378581471000132, 13.59440415500012 ], [ 100.378712450000023, 13.594413221000138 ], [ 100.37877420500007, 13.594420224000089 ], [ 100.378793444000166, 13.594430721000151 ], [ 100.378813565000144, 13.594448548000116 ], [ 100.378825371000062, 13.594472142000143 ], [ 100.378831374000129, 13.594500667000091 ], [ 100.378826512000046, 13.594524343999979 ], [ 100.378813286000195, 13.594545632000177 ], [ 100.37878926000019, 13.594571869000106 ], [ 100.378754409000067, 13.594602236000071 ], [ 100.378724526000155, 13.594626882000114 ], [ 100.378707107000025, 13.594642472000032 ], [ 100.378704693000032, 13.594658800000104 ], [ 100.378711441000064, 13.594670998000083 ], [ 100.3787474720001, 13.594700982000063 ], [ 100.378854670000067, 13.594778702000099 ], [ 100.378870597000059, 13.594794107000041 ], [ 100.378879913000105, 13.594817715000033 ], [ 100.37888004500013, 13.594840553000154 ], [ 100.378879352000183, 13.594865849000087 ], [ 100.378872004000073, 13.594891994000022 ], [ 100.378854798000077, 13.594921045000035 ], [ 100.378819434000036, 13.594959308000114 ], [ 100.378778481000097, 13.594991076999975 ], [ 100.378741918000173, 13.595014118000051 ], [ 100.378722002000131, 13.595031637000147 ], [ 100.378713232000109, 13.595052351999982 ], [ 100.378710038000179, 13.595077380000134 ], [ 100.378712409000116, 13.595103471000073 ], [ 100.37872931000004, 13.595140357999981 ], [ 100.378779651000173, 13.595193375 ], [ 100.378836732000195, 13.595258316000184 ], [ 100.378928652000184, 13.595386150000081 ], [ 100.378947851000078, 13.59543824400015 ], [ 100.378956964, 13.595475184000179 ], [ 100.378967274000161, 13.595527327000127 ], [ 100.378975507000064, 13.595605595000052 ], [ 100.37898237800016, 13.595640366000168 ], [ 100.378995926000073, 13.595675092000022 ], [ 100.379026302000057, 13.595736923000061 ], [ 100.379039926000132, 13.595784704000039 ], [ 100.379050312000118, 13.59584990400009 ], [ 100.37905621200008, 13.595908604000158 ], [ 100.379065309, 13.595944449000172 ], [ 100.379084536999983, 13.595999810000023 ], [ 100.379091376000133, 13.596029134000162 ], [ 100.379088175000106, 13.596053085000108 ], [ 100.379070563000084, 13.596083630000066 ], [ 100.379034095000122, 13.596122993000051 ], [ 100.378957884000101, 13.59621151000016 ], [ 100.378944740000065, 13.596245307 ], [ 100.378941597000107, 13.596279038000034 ], [ 100.3789428890002, 13.596310574000029 ], [ 100.378947527000037, 13.596343177000108 ], [ 100.378965556000196, 13.596383316000185 ], [ 100.379032904000098, 13.596492799000089 ], [ 100.379041938000114, 13.596517759 ], [ 100.379038759000139, 13.596543881000059 ], [ 100.379028003000144, 13.596583235000082 ], [ 100.379010749000145, 13.596627382000122 ], [ 100.378970375000165, 13.596712443000115 ], [ 100.378958061000048, 13.596745952000163 ], [ 100.378957410000055, 13.596778585000095 ], [ 100.37896257500006, 13.596805481 ], [ 100.378979512000114, 13.596850252000081 ], [ 100.378994747000036, 13.596889320000116 ], [ 100.378999945000089, 13.596923553000181 ], [ 100.378999294000153, 13.59695455200017 ], [ 100.378997012000127, 13.596992092999983 ], [ 100.378992239000183, 13.597004841000171 ], [ 100.378981404000115, 13.597033777000092 ], [ 100.378904010000099, 13.597206327000151 ], [ 100.378888374000041, 13.597241496000095 ], [ 100.378884295000148, 13.597257012000171 ], [ 100.378886091000084, 13.597279028 ], [ 100.378899610000076, 13.597309948000088 ], [ 100.378932565000071, 13.59738400100008 ], [ 100.378947796000148, 13.597422257000062 ], [ 100.378950446000033, 13.597448347000068 ], [ 100.378948927000181, 13.597474452000029 ], [ 100.378939122000133, 13.597509588000094 ], [ 100.37891023300017, 13.597561137000184 ], [ 100.378876358000127, 13.597615166000139 ], [ 100.378823376000184, 13.597683162000067 ], [ 100.378803605000201, 13.597725691000107 ], [ 100.378787992000071, 13.597764929000164 ], [ 100.37877075300014, 13.597813155999972 ], [ 100.378756849000069, 13.59786055100011 ], [ 100.378740420000042, 13.597902240000053 ], [ 100.378713234000088, 13.597961124000165 ], [ 100.378699339000093, 13.59801014300001 ], [ 100.378694542000176, 13.598045253000066 ], [ 100.378691518000096, 13.59809829000011 ], [ 100.378693693000173, 13.598187186000189 ], [ 100.378696623000053, 13.598261405000017 ], [ 100.378696887000103, 13.598307089000059 ], [ 100.378696274000106, 13.598344612000062 ], [ 100.378689294000083, 13.598436011999979 ], [ 100.37867961600017, 13.598493174000112 ], [ 100.378673078000134, 13.598516049000125 ], [ 100.378663169000163, 13.598533230000044 ], [ 100.378642486000103, 13.598561894000113 ], [ 100.378617644000201, 13.598592215000053 ], [ 100.378604230000121, 13.598607465000043 ], [ 100.378578712000149, 13.598636483000178 ], [ 100.378538927000136, 13.598679935 ], [ 100.37852076900009, 13.598712663000072 ], [ 100.378508468000064, 13.598748626000088 ], [ 100.378501129000028, 13.598778038000034 ], [ 100.378498766000121, 13.59880170200006 ], [ 100.378519019000123, 13.598985946000028 ], [ 100.378517595000176, 13.599028373000067 ], [ 100.378512827000122, 13.599069997000129 ], [ 100.378477947000079, 13.599239054000179 ], [ 100.37847564600014, 13.599273327999981 ], [ 100.378475843999979, 13.599307587999988 ], [ 100.378500568000106, 13.59954564200018 ], [ 100.378504962000079, 13.599692032000178 ], [ 100.378505734000157, 13.599717734000023 ], [ 100.378511389000039, 13.599829457999988 ], [ 100.378511682000124, 13.599880032000101 ], [ 100.37850197500012, 13.599932295000087 ], [ 100.378477680000174, 13.60005723200004 ], [ 100.378471379000075, 13.60012090000015 ], [ 100.378467426000043, 13.600158441000133 ], [ 100.37846592700015, 13.600187819999974 ], [ 100.378472841000189, 13.600230201000045 ], [ 100.378498458000081, 13.600333655999975 ], [ 100.378507127000034, 13.600390708000077 ], [ 100.378507349000017, 13.600429047000148 ], [ 100.378508378000049, 13.600463304000073 ], [ 100.378502784000091, 13.600505754000039 ], [ 100.37849218600013, 13.600547419000179 ], [ 100.37846922500006, 13.600614436000114 ], [ 100.378456155000038, 13.600662631000091 ], [ 100.37845295700015, 13.60068549500005 ], [ 100.378454830000067, 13.600720559000138 ], [ 100.37846107900009, 13.600791493000145 ], [ 100.378459717000169, 13.600844522000159 ], [ 100.37845671700012, 13.600903272000039 ], [ 100.378454509000107, 13.600953860000118 ], [ 100.378454641000133, 13.600976698000068 ], [ 100.378460637000103, 13.6010035810001 ], [ 100.378481980000174, 13.601089122000133 ], [ 100.378486404000171, 13.601133141000162 ], [ 100.378484074000141, 13.601162525000063 ], [ 100.378479231000199, 13.601191101000154 ], [ 100.378473559999975, 13.601218862000053 ], [ 100.378459534000058, 13.60124667700012 ], [ 100.378442973000062, 13.60126552800017 ], [ 100.37844259600007, 13.601265875000138 ], [ 100.378442209000127, 13.601266221000117 ], [ 100.37842305900017, 13.601283586000079 ], [ 100.378400664000196, 13.601304924000033 ], [ 100.378356215000167, 13.601354907000029 ], [ 100.378352369000197, 13.601359228000092 ], [ 100.378323712000054, 13.601408947000039 ], [ 100.37831717, 13.601432643000066 ], [ 100.378316490000145, 13.601458741999977 ], [ 100.378320840000129, 13.601489722000053 ], [ 100.378331924000179, 13.601532080000027 ], [ 100.3783699600001, 13.601619965000111 ], [ 100.378413263000084, 13.601704183000152 ], [ 100.378414382000074, 13.601708723000172 ], [ 100.37843463300004, 13.601791251000066 ], [ 100.378444561000151, 13.601869104 ], [ 100.37844496800011, 13.601939585000082 ], [ 100.378439669000102, 13.602006389999985 ], [ 100.37842123300004, 13.602097386000082 ], [ 100.37840989100016, 13.602133846000072 ], [ 100.378387714000155, 13.60220515900005 ], [ 100.378337276000082, 13.602337135000084 ], [ 100.37824646700011, 13.602627976000122 ], [ 100.378236427000161, 13.602660148000098 ], [ 100.378158851000137, 13.602967018000072 ], [ 100.3776753100002, 13.60453920100008 ], [ 100.37737932400006, 13.605570059000058 ], [ 100.377196023000067, 13.606212707000168 ], [ 100.3771578570001, 13.606374056999982 ], [ 100.377156029000162, 13.606384228000024 ], [ 100.377149278000047, 13.606421722000107 ], [ 100.377165633000061, 13.606462383 ], [ 100.377231999, 13.606545441000151 ], [ 100.377245658000163, 13.606566111000063 ], [ 100.377246423000145, 13.606572039000014 ], [ 100.377255986000137, 13.606646266000041 ], [ 100.377250906000086, 13.606687009000154 ], [ 100.377216187000158, 13.606965277000086 ], [ 100.377182631000039, 13.607839425000066 ], [ 100.377142738000032, 13.609317446000091 ], [ 100.376482084000088, 13.619703151000067 ], [ 100.375295085000175, 13.620431199000109 ], [ 100.375015481000105, 13.620630459000097 ], [ 100.373814098000139, 13.621486597000057 ], [ 100.371832346000076, 13.622692524000058 ], [ 100.371795935000193, 13.622730904000036 ], [ 100.371432153000114, 13.623875399000156 ], [ 100.371296237000081, 13.624299877000112 ], [ 100.371213761000149, 13.624569246000078 ], [ 100.371208321000097, 13.624587002000169 ], [ 100.371417716000053, 13.624759936999965 ], [ 100.371503521000136, 13.62482847300015 ], [ 100.371516441000153, 13.624845031000063 ], [ 100.371571729000095, 13.624907569000129 ], [ 100.371472004000111, 13.625057607000088 ], [ 100.371290483000109, 13.625282907999974 ], [ 100.371269624000092, 13.625309622000088 ], [ 100.371070691000057, 13.625564368000028 ], [ 100.370987865000131, 13.625645654000152 ], [ 100.370518122000078, 13.626106660000119 ], [ 100.369940202000066, 13.626772243 ], [ 100.369655847000047, 13.62715171300016 ], [ 100.369522589000042, 13.627381731000185 ], [ 100.36941508700005, 13.627560659000096 ], [ 100.369312268000158, 13.62779901000016 ], [ 100.369196806000161, 13.628105363000032 ], [ 100.36907274400005, 13.628424501000154 ], [ 100.368910136000068, 13.628837272000112 ], [ 100.368833097, 13.629028771000037 ], [ 100.3687690000001, 13.629207459999975 ], [ 100.36872213200013, 13.629360576000067 ], [ 100.368610989000103, 13.630119450000109 ], [ 100.367849233000129, 13.630070234000129 ], [ 100.367575893000094, 13.630101462000084 ], [ 100.367281637000076, 13.630157452999981 ], [ 100.367209667000168, 13.630171153000049 ], [ 100.367043482000156, 13.630738979000171 ], [ 100.366807568000183, 13.631468834000032 ], [ 100.366268295000054, 13.632842790000041 ], [ 100.366005871000198, 13.633624022000049 ], [ 100.36558812700008, 13.633196047000069 ], [ 100.364924215000087, 13.633891186000085 ], [ 100.364617449000093, 13.633791055000074 ], [ 100.364600949000135, 13.633785671000169 ], [ 100.363056639000092, 13.633437559000129 ], [ 100.362488253000151, 13.633349163000105 ], [ 100.360944387000131, 13.633109712000078 ], [ 100.360122753000155, 13.632991963000052 ], [ 100.359058883000046, 13.632780153999988 ], [ 100.359049613000195, 13.632838165000123 ], [ 100.359036438000089, 13.633132051000075 ], [ 100.359020056000134, 13.633572325000102 ], [ 100.359009951000075, 13.633947803000069 ], [ 100.358986685000104, 13.634401899000181 ], [ 100.358932781000135, 13.634973316000128 ], [ 100.358867935000092, 13.635773774000086 ], [ 100.358823978000089, 13.636418357000025 ], [ 100.358788239000035, 13.636833913000146 ], [ 100.358697088000042, 13.637319 ], [ 100.358455401000072, 13.637188524000067 ], [ 100.358283432000121, 13.637098804000118 ], [ 100.358170050000126, 13.637039649000087 ], [ 100.358036288000108, 13.636976479000054 ], [ 100.357934007000097, 13.636943756000051 ], [ 100.357575663000091, 13.636884475000045 ], [ 100.357296343000087, 13.636838075000128 ], [ 100.356923829000152, 13.636758573000122 ], [ 100.356303670000102, 13.636639505000062 ], [ 100.35559750800013, 13.636533643000178 ], [ 100.355515341000171, 13.636527912000133 ], [ 100.35544907600007, 13.636540633000038 ], [ 100.355408217000161, 13.636570033000169 ], [ 100.35537986300011, 13.636590439000088 ], [ 100.355326570000045, 13.636661787000094 ], [ 100.355273506000117, 13.636773294000022 ], [ 100.355154705000132, 13.636990195000124 ], [ 100.35509866600006, 13.637132608000059 ], [ 100.355067656000131, 13.637234733000071 ], [ 100.354922244000193, 13.637769981000133 ], [ 100.354892729000142, 13.637870058000146 ], [ 100.354764163000141, 13.638306109000098 ], [ 100.354624202000025, 13.638991573000112 ], [ 100.354614464000122, 13.63903928100018 ], [ 100.354599812000174, 13.639393651000034 ], [ 100.354587975000129, 13.639532732000077 ], [ 100.35451856200018, 13.640101554000069 ], [ 100.354458009000041, 13.640562200000147 ], [ 100.354396435000126, 13.640843668000173 ], [ 100.354340409000088, 13.640888889999985 ], [ 100.353429724000137, 13.640924577000021 ], [ 100.352105988000062, 13.640791154000112 ], [ 100.351984045000165, 13.640778858000147 ], [ 100.351961395000103, 13.640775195000117 ], [ 100.35041994900007, 13.640526064000028 ], [ 100.35024229000004, 13.64049734800011 ], [ 100.350238319000141, 13.640584910000086 ], [ 100.350225662000071, 13.640797411000165 ], [ 100.350212746000068, 13.640961322000123 ], [ 100.350090283000156, 13.640965404000099 ], [ 100.349752372000182, 13.640974012000129 ], [ 100.349427719000062, 13.640983695000102 ], [ 100.349058023, 13.640993587000025 ], [ 100.348744960000147, 13.641003224000031 ], [ 100.348519681000084, 13.641008958000157 ], [ 100.348525162000044, 13.641160340000056 ], [ 100.348531130000197, 13.641292535000105 ], [ 100.348537697000154, 13.641434863000143 ], [ 100.34853889600015, 13.641541094000161 ], [ 100.34854511900005, 13.641722973000185 ], [ 100.348552235000113, 13.641955697000071 ], [ 100.348564968000176, 13.642371487 ], [ 100.348576335000132, 13.642745447000038 ], [ 100.348584395999978, 13.643046010000148 ], [ 100.348596398000097, 13.643426729000112 ], [ 100.348606162000181, 13.643725023000115 ], [ 100.348508487, 13.643719877000024 ], [ 100.348354173000018, 13.643709424000122 ], [ 100.348247857000104, 13.643702118000078 ], [ 100.348124173000201, 13.643698269000026 ], [ 100.348083723000059, 13.64369509 ], [ 100.348026516, 13.643689724000126 ], [ 100.347914968000055, 13.64368018600004 ], [ 100.347875069, 13.643676995000021 ], [ 100.34760746600017, 13.643657013000166 ], [ 100.347358338000163, 13.643637996999985 ], [ 100.347263278000128, 13.644394477000048 ], [ 100.347238778000019, 13.644555087000015 ], [ 100.347212716000172, 13.644754109000132 ], [ 100.347170575000177, 13.645060569000123 ], [ 100.346725236000168, 13.644973697000012 ], [ 100.346028827, 13.644832841000095 ], [ 100.345449337000048, 13.644725233000088 ], [ 100.34536476500017, 13.64519580800004 ], [ 100.345222708000051, 13.646024852000039 ], [ 100.345082769000101, 13.646820012000092 ], [ 100.344725550000078, 13.648929404000057 ], [ 100.344700394000142, 13.649079839000137 ], [ 100.344676390000132, 13.649228008000023 ], [ 100.344901106000066, 13.649220011000182 ], [ 100.34536551900004, 13.649205056000085 ], [ 100.345824145000165, 13.649190131000012 ], [ 100.346323811000104, 13.649173861000122 ], [ 100.346377440000197, 13.649563447 ], [ 100.346413602000155, 13.649824255999988 ], [ 100.346467731000075, 13.650301962000071 ], [ 100.346517506000055, 13.650726590000033 ], [ 100.346575178000194, 13.651222340000061 ], [ 100.346624288000157, 13.651630013000101 ], [ 100.346693472000197, 13.652210459000173 ], [ 100.346695305000082, 13.65224715800008 ], [ 100.346845665000103, 13.652253481000173 ], [ 100.346845717000122, 13.652262734000146 ], [ 100.346845987000108, 13.652310192000186 ], [ 100.346846211000127, 13.652349741000137 ], [ 100.346845960000053, 13.652407365000101 ], [ 100.34684623600009, 13.652455979000081 ], [ 100.346846454000058, 13.652494380000121 ], [ 100.346846811000034, 13.65266388800012 ], [ 100.346847658000172, 13.652813034000189 ], [ 100.346847867000122, 13.652948625000136 ], [ 100.346848051000109, 13.653181422000102 ], [ 100.346849507000059, 13.653437915000097 ], [ 100.346846926000126, 13.653597286999968 ], [ 100.346850682000081, 13.653753198000175 ], [ 100.346852474000059, 13.653860529000099 ], [ 100.34685891100014, 13.65398143200008 ], [ 100.346861379000188, 13.654107942000053 ], [ 100.346861488000059, 13.654228870000111 ], [ 100.346865103000141, 13.65435994000012 ], [ 100.346867470000063, 13.654468416000043 ], [ 100.34687250200011, 13.654540709000059 ], [ 100.346866287000012, 13.654667294000149 ], [ 100.346858602, 13.65484022600009 ], [ 100.346845066000128, 13.654998482 ], [ 100.346837043000107, 13.655339513000058 ], [ 100.34683683500009, 13.655339496000181 ], [ 100.34676011300013, 13.65533327300011 ], [ 100.346728331000179, 13.65533070000015 ], [ 100.346725106000179, 13.655330436000099 ], [ 100.346695742000065, 13.655321361000176 ], [ 100.346685912000112, 13.655318324000177 ], [ 100.346575140000198, 13.655284081000104 ], [ 100.346445536000147, 13.655233801 ], [ 100.346442640000078, 13.655232678 ], [ 100.34614189500013, 13.655090217000065 ], [ 100.345817117000081, 13.65492694600016 ], [ 100.345782488000168, 13.654909530000111 ], [ 100.345713673000034, 13.65487493500018 ], [ 100.345636447000061, 13.654848357000105 ], [ 100.345346631000041, 13.654748608000148 ], [ 100.345309944000121, 13.654735979000066 ], [ 100.345273569000085, 13.654732134000028 ], [ 100.345045173000187, 13.654708008000114 ], [ 100.344786580000175, 13.654709410000066 ], [ 100.3444493450001, 13.654723014000126 ], [ 100.34428151700007, 13.654729785000086 ], [ 100.344228777000126, 13.654735747000018 ], [ 100.343825154000058, 13.654781377000063 ], [ 100.343778709, 13.654783147000046 ], [ 100.343603706000181, 13.654796489000091 ], [ 100.343257452000159, 13.654813257000058 ], [ 100.342911250999975, 13.654831277000142 ], [ 100.342693282000198, 13.654887032000033 ], [ 100.342368649000036, 13.65490863500014 ], [ 100.341966671000193, 13.654941840000106 ], [ 100.341811284000187, 13.65494075600003 ], [ 100.341776021000044, 13.654934131000118 ], [ 100.341738188000193, 13.654918260000102 ], [ 100.341426187000025, 13.654932359000156 ], [ 100.34115351500003, 13.654942529000095 ], [ 100.340904882000189, 13.654952542000103 ], [ 100.340626972000109, 13.654941639000185 ], [ 100.340193331000194, 13.654951981000181 ], [ 100.339794177000044, 13.65495616600009 ], [ 100.339432920000036, 13.654992291000099 ], [ 100.339383547000125, 13.654990333000114 ], [ 100.339374287999988, 13.655325305000133 ], [ 100.339374287999988, 13.655410109000059 ], [ 100.339375402000087, 13.65553060700006 ], [ 100.339379860000122, 13.655656693000026 ], [ 100.339388792000136, 13.655828520000114 ], [ 100.3393999500002, 13.655961298000079 ], [ 100.339430070000162, 13.656192266 ], [ 100.339447933000145, 13.656311658000106 ], [ 100.339482515000157, 13.656515844000126 ], [ 100.339619754000068, 13.657112787000074 ], [ 100.339736912000149, 13.657579191000139 ], [ 100.339767041000073, 13.657688533000112 ], [ 100.339789360000054, 13.657761059000052 ], [ 100.339811669000028, 13.657815735000156 ], [ 100.339832876000116, 13.657867053000132 ], [ 100.33986077100019, 13.657922855000152 ], [ 100.339880852000192, 13.657961900000089 ], [ 100.339906515000052, 13.657999837000091 ], [ 100.33994445400009, 13.658042237000075 ], [ 100.339981275000071, 13.65808017500018 ], [ 100.340023668000072, 13.658113644000025 ], [ 100.340291462000039, 13.658295523000049 ], [ 100.34063177500002, 13.658536528000184 ], [ 100.340663018000043, 13.658563312000069 ], [ 100.340699838000091, 13.658597896000117 ], [ 100.340718802000026, 13.658621330000074 ], [ 100.340736659000186, 13.658646994000094 ], [ 100.340759552000065, 13.658696298000109 ], [ 100.340768817000196, 13.658716252000147 ], [ 100.340768837000041, 13.658716297000069 ], [ 100.340809185000182, 13.658803204000037 ], [ 100.340853608000032, 13.6589336830001 ], [ 100.340859292000118, 13.658950388000164 ], [ 100.34085930800012, 13.658950434000133 ], [ 100.340880588000118, 13.659012973000074 ], [ 100.340901791000192, 13.659081029000049 ], [ 100.340908508000098, 13.659145050000063 ], [ 100.340914275000159, 13.659200051000084 ], [ 100.340914281000153, 13.659200107000117 ], [ 100.340930808000167, 13.659357750000083 ], [ 100.341010023000081, 13.659917866000058 ], [ 100.341031221000037, 13.660013828000046 ], [ 100.341110444000151, 13.660322897000128 ], [ 100.341142801000046, 13.660396543000161 ], [ 100.341169583000124, 13.660445632000062 ], [ 100.341244335999988, 13.660607428000105 ], [ 100.341267766000158, 13.660665444000131 ], [ 100.341297893000103, 13.660787065000136 ], [ 100.341302363000125, 13.660827235000113 ], [ 100.341301247, 13.660874092000142 ], [ 100.341251029000148, 13.661313715 ], [ 100.34117293200012, 13.66163171300002 ], [ 100.34102006500018, 13.662128240000186 ], [ 100.340888529000154, 13.662496927000063 ], [ 100.340887180000152, 13.662500722000118 ], [ 100.340887143000032, 13.662500827000031 ], [ 100.340793564000194, 13.662763123000047 ], [ 100.340760094000075, 13.66286800600011 ], [ 100.340745586000139, 13.662923790000093 ], [ 100.340733312000168, 13.66297400000019 ], [ 100.340699692000044, 13.663128887000084 ], [ 100.340672166000104, 13.663255710000044 ], [ 100.340672144000109, 13.663255808000031 ], [ 100.340602766000018, 13.663575410000021 ], [ 100.340470287000187, 13.663969030999965 ], [ 100.340436585000077, 13.664069162000033 ], [ 100.340436575000069, 13.664069192 ], [ 100.340370686000199, 13.664264968000055 ], [ 100.340275815000098, 13.664628124000103 ], [ 100.340188810000086, 13.664961213000026 ], [ 100.340180390000114, 13.665003334000062 ], [ 100.340150872000152, 13.665150896000171 ], [ 100.34013525600011, 13.665275864000023 ], [ 100.34013401600015, 13.665315288000102 ], [ 100.340130791000149, 13.665418684000144 ], [ 100.340131546000123, 13.665453224000146 ], [ 100.340149752000059, 13.666280068000162 ], [ 100.340128552000067, 13.666629310000076 ], [ 100.340120457000182, 13.666663404000076 ], [ 100.340112133000048, 13.666698455000073 ], [ 100.340107353000178, 13.666718571000104 ], [ 100.340082810000183, 13.666779944000155 ], [ 100.340074027000071, 13.666796182000041 ], [ 100.340060492000134, 13.666821229999982 ], [ 100.3400303680001, 13.666868086000136 ], [ 100.339960566, 13.666950946000043 ], [ 100.33996054500011, 13.666950971000176 ], [ 100.339839883000081, 13.66709421600001 ], [ 100.339702714000168, 13.66725703700007 ], [ 100.339702523000085, 13.667257264 ], [ 100.339374283000097, 13.667646910000087 ], [ 100.339345271000184, 13.667708282000035 ], [ 100.339330772000153, 13.667767411000057 ], [ 100.339318610000191, 13.667834268000149 ], [ 100.339317384000083, 13.667841058000022 ], [ 100.33921473200013, 13.668559615000049 ], [ 100.339197995000063, 13.668622103000075 ], [ 100.339173446000075, 13.668696860000125 ], [ 100.33907009700016, 13.668954883000026 ], [ 100.339002723000078, 13.669123087000116 ], [ 100.338821958000153, 13.669583799000065 ], [ 100.338800769000045, 13.669668708000074 ], [ 100.338787388000128, 13.669757971000081 ], [ 100.338772873000096, 13.669860623000034 ], [ 100.338767236000024, 13.669903144000102 ], [ 100.338756143000126, 13.669986700999971 ], [ 100.338686966000182, 13.670598159000122 ], [ 100.338618903000111, 13.671299986 ], [ 100.338550767000186, 13.672057049000045 ], [ 100.338550730000065, 13.672057457000051 ], [ 100.338538566000125, 13.672192611000071 ], [ 100.33844707500009, 13.673071850999975 ], [ 100.338411380000082, 13.673411353000176 ], [ 100.338246288000107, 13.674982059000115 ], [ 100.338171079000176, 13.675262954000175 ], [ 100.337930368000059, 13.676152154000022 ], [ 100.337772374000167, 13.676735789000077 ], [ 100.337623490000112, 13.677252748000171 ], [ 100.337611703999983, 13.677293687000088 ], [ 100.337599800000078, 13.677326406000191 ], [ 100.337584922000076, 13.677345749000096 ], [ 100.337567068000055, 13.677357649000044 ], [ 100.337546238000073, 13.677362113000072 ], [ 100.336806858000045, 13.677162261000035 ], [ 100.336318874000142, 13.677030353000134 ], [ 100.336115062000147, 13.676981264000062 ], [ 100.336088284000084, 13.676981258000069 ], [ 100.336068941000178, 13.676991674000021 ], [ 100.336057042000164, 13.677012501999968 ], [ 100.336035818000198, 13.677076815000078 ], [ 100.336028495, 13.67709902200005 ], [ 100.335961822000115, 13.677301123000177 ], [ 100.335862335000115, 13.677580620000072 ], [ 100.335843369000145, 13.67761632600002 ], [ 100.335580047000064, 13.678032511000083 ], [ 100.335215182000127, 13.678628348000075 ], [ 100.33478226, 13.679349143000138 ], [ 100.334422387000188, 13.679943964000074 ], [ 100.334351559000197, 13.680061010000145 ], [ 100.333903017000182, 13.680798547000165 ], [ 100.333651967000037, 13.681218079000075 ], [ 100.333616259000109, 13.68128056400019 ], [ 100.333596175000196, 13.681326313000113 ], [ 100.333578326000065, 13.681366480000179 ], [ 100.333567164000044, 13.681404414000099 ], [ 100.333560471000112, 13.681442349000122 ], [ 100.333554895000191, 13.681484754 ], [ 100.333552479000161, 13.681507905000046 ], [ 100.333549319000042, 13.681538310000178 ], [ 100.333549120000157, 13.681616881000025 ], [ 100.333548203000134, 13.681984623000062 ], [ 100.333553106000124, 13.682056873000022 ], [ 100.333556010000166, 13.682099550000089 ], [ 100.333562777000111, 13.682145314000138 ], [ 100.333562813000128, 13.682145552000122 ], [ 100.33356281600004, 13.682145586000161 ], [ 100.333585614000128, 13.68229982500003 ], [ 100.333593939000195, 13.682356175000052 ], [ 100.333614843000134, 13.682441635000032 ], [ 100.333614916000045, 13.682441934000167 ], [ 100.333614932000046, 13.682442000000151 ], [ 100.333614947000171, 13.682442065000089 ], [ 100.333693248000145, 13.682762327000091 ], [ 100.333803714000055, 13.683235416000059 ], [ 100.333807398000033, 13.683256451000148 ], [ 100.333814350000068, 13.683296177000045 ], [ 100.333838305000143, 13.683432910000079 ], [ 100.333842762000074, 13.683459689000074 ], [ 100.33384500000011, 13.683482003000165 ], [ 100.333844609000153, 13.683494303000089 ], [ 100.333844336000027, 13.683503284000039 ], [ 100.333844334000048, 13.683503327000153 ], [ 100.3338438830001, 13.68351771000016 ], [ 100.333837089000042, 13.683547295000039 ], [ 100.333734427000081, 13.683994688000041 ], [ 100.333734373000084, 13.683994924000046 ], [ 100.333722256000044, 13.684047711000062 ], [ 100.333720306000089, 13.684054131000039 ], [ 100.33347901500008, 13.684847722000086 ], [ 100.33326813400015, 13.685574100000167 ], [ 100.333230819000164, 13.685705673000086 ], [ 100.333032709000122, 13.686404244000073 ], [ 100.332784522000111, 13.687069712000095 ], [ 100.332784509000192, 13.687069749000159 ], [ 100.332780542000137, 13.687080408999975 ], [ 100.332774501000074, 13.687101126000186 ], [ 100.332603936000112, 13.687686063000172 ], [ 100.332583040000145, 13.687757692000162 ], [ 100.332493225000064, 13.688111116000073 ], [ 100.332429071000092, 13.688363558 ], [ 100.332423491000156, 13.688400384000033 ], [ 100.332420193000075, 13.688428882000096 ], [ 100.332364997000127, 13.688906340000187 ], [ 100.332364945000108, 13.688906782 ], [ 100.332334226000171, 13.689172508000183 ], [ 100.332236033000129, 13.689896646000022 ], [ 100.332216452000182, 13.690015879000043 ], [ 100.332201161000057, 13.690127222000115 ], [ 100.332161883000197, 13.690365768000106 ], [ 100.332114162000039, 13.690655544000094 ], [ 100.332092174000195, 13.690797717000066 ], [ 100.332062257000132, 13.690991135000104 ], [ 100.332030525000164, 13.691348184000049 ], [ 100.332030524000061, 13.691359166000098 ], [ 100.332030316000044, 13.691406311000151 ], [ 100.332030526000096, 13.691431505000082 ], [ 100.332046394000145, 13.691947239000172 ], [ 100.332048530000122, 13.691991553999969 ], [ 100.332089881000115, 13.692627878000053 ], [ 100.332086802000106, 13.692682540000135 ], [ 100.332084200000054, 13.692707768000105 ], [ 100.332068461000119, 13.692763753 ], [ 100.332047633000172, 13.692802426000128 ], [ 100.33198366400012, 13.692902105000087 ], [ 100.331928612000183, 13.693007730000033 ], [ 100.331884118000062, 13.693123362000051 ], [ 100.33188249400007, 13.693128235000188 ], [ 100.331852743000184, 13.693251716000191 ], [ 100.331805131000181, 13.693461482000089 ], [ 100.331799403000048, 13.693502414000136 ], [ 100.331794272000081, 13.693539052000119 ], [ 100.331773891000068, 13.693684641 ], [ 100.331647435000093, 13.694577266000067 ], [ 100.331516521000083, 13.695545774999971 ], [ 100.331379643000105, 13.696666020000066 ], [ 100.331302227000094, 13.697238652000181 ], [ 100.331260072000077, 13.697473240000022 ], [ 100.331247521000194, 13.697526151999966 ], [ 100.331209873000091, 13.697659873000134 ], [ 100.331174154000109, 13.697756221000077 ], [ 100.3310918090001, 13.697963366000124 ], [ 100.33095108800012, 13.698264731000052 ], [ 100.330901135000147, 13.698371697000027 ], [ 100.330558200000098, 13.699174627000048 ], [ 100.330569573000048, 13.699207468 ], [ 100.330651578000186, 13.699570553000115 ], [ 100.330672035000191, 13.699629485 ], [ 100.33070863100005, 13.69966487500011 ], [ 100.330827009000075, 13.699682027000108 ], [ 100.331036450000056, 13.69971203 ], [ 100.332167659000163, 13.699883914 ], [ 100.332173337000086, 13.699884949000023 ], [ 100.332353104000106, 13.699917702000164 ], [ 100.332329188000074, 13.700530906999973 ], [ 100.33229298800012, 13.701613716000168 ], [ 100.332297928000173, 13.702000696000027 ], [ 100.332082846000162, 13.701990766999984 ], [ 100.332087182000123, 13.702558955000086 ], [ 100.332208303000129, 13.703238555000041 ], [ 100.332222749000096, 13.703342447000125 ], [ 100.332232327000156, 13.703396644000065 ], [ 100.332240769000123, 13.703462130000162 ], [ 100.332248680000191, 13.703529888000048 ], [ 100.332253614000081, 13.70358636900005 ], [ 100.332254319000185, 13.703608956000039 ], [ 100.332262433000153, 13.703717403000041 ], [ 100.33226581100007, 13.703800995000051 ], [ 100.332272807000152, 13.703920739000182 ], [ 100.332290753, 13.704025733000151 ], [ 100.33231241600015, 13.704174802000125 ], [ 100.332362982000063, 13.704330452000022 ], [ 100.332423614000106, 13.704524486000139 ], [ 100.332477659, 13.704686898000034 ], [ 100.332554137000159, 13.704923797000049 ], [ 100.332601799000201, 13.705074986 ], [ 100.3327632230002, 13.705319317999965 ], [ 100.332971345000033, 13.705636857000059 ], [ 100.333203415000014, 13.706002857000158 ], [ 100.333244936000199, 13.706093016000068 ], [ 100.333426902000156, 13.706487572000185 ], [ 100.333225089000052, 13.706570011000167 ], [ 100.333228339000129, 13.706635535000089 ], [ 100.333207570000127, 13.706640157000095 ], [ 100.333263864000173, 13.70688394400014 ], [ 100.333207874000152, 13.706895545000123 ], [ 100.333071012000175, 13.706917754000074 ], [ 100.333090298000172, 13.706952680000143 ], [ 100.33310197600008, 13.706974095000021 ], [ 100.333115394000117, 13.706996605000086 ], [ 100.333141638000143, 13.707037162000177 ], [ 100.33316610900016, 13.70707768300008 ], [ 100.333175505000042, 13.707099111000048 ], [ 100.333189544000049, 13.707129546000033 ], [ 100.333199470000181, 13.707152118000124 ], [ 100.333209455000201, 13.707175768000127 ], [ 100.333220568000115, 13.707199439000021 ], [ 100.333227599000111, 13.707216358999972 ], [ 100.333237034000092, 13.707250190000025 ], [ 100.33324940600005, 13.707295325000132 ], [ 100.333268320000172, 13.707365283000058 ], [ 100.333286642000076, 13.707437504000097 ], [ 100.333294379000108, 13.707480412000109 ], [ 100.333319358000153, 13.70760569000015 ], [ 100.333342961000199, 13.70769373800016 ], [ 100.333356009000056, 13.707751271 ], [ 100.333373337000069, 13.707854016000113 ], [ 100.333395291000102, 13.707852778000188 ], [ 100.333411429000193, 13.707947593000085 ], [ 100.333423249000134, 13.708017490000088 ], [ 100.3334436560001, 13.708098756000084 ], [ 100.333461522000164, 13.708252395000102 ], [ 100.333482685000035, 13.708386814000107 ], [ 100.333482845000049, 13.708415063000075 ], [ 100.333479253000121, 13.708698679000065 ], [ 100.333480119, 13.708852380999986 ], [ 100.33348104300012, 13.709016226000131 ], [ 100.333477812000069, 13.709262585000033 ], [ 100.333428095000158, 13.709262853000041 ], [ 100.333425097000088, 13.709451570000112 ], [ 100.333416982000017, 13.709543145000112 ], [ 100.333402583000179, 13.709756802000129 ], [ 100.333372400000087, 13.709837204000053 ], [ 100.333309826000061, 13.710010423000085 ], [ 100.333226775000185, 13.710245929 ], [ 100.333137878000059, 13.710473538000088 ], [ 100.333086438000066, 13.710981170000025 ], [ 100.332897186000196, 13.71154605300012 ], [ 100.332652936000045, 13.711887518000026 ], [ 100.33242857200014, 13.712276336000059 ], [ 100.332325335000064, 13.712464130000171 ], [ 100.333099560000051, 13.712723962000155 ], [ 100.3334640180002, 13.712850755999966 ], [ 100.333464105000132, 13.71285078600016 ], [ 100.333651787000179, 13.712904530000174 ], [ 100.333751174000156, 13.712944341000025 ], [ 100.333871074000115, 13.712992369000062 ], [ 100.333985378000193, 13.713021309000169 ], [ 100.334144358000174, 13.713061560000028 ], [ 100.334199697000031, 13.712946412000065 ], [ 100.334273189000101, 13.712777156000129 ], [ 100.334435249000194, 13.712414655000032 ], [ 100.334501441000157, 13.712265154000022 ], [ 100.334608471000138, 13.712078099999985 ], [ 100.334637724000117, 13.712039512 ], [ 100.334707075000097, 13.711940863000109 ], [ 100.334807383000054, 13.711797906000072 ], [ 100.33486349400016, 13.711700441000119 ], [ 100.334912712000175, 13.711615416000086 ], [ 100.334985280000126, 13.711469254000065 ], [ 100.335090333000039, 13.711246067000161 ], [ 100.335109718000126, 13.711204143000089 ], [ 100.33513213100008, 13.711181987000032 ], [ 100.335388401000159, 13.711135588 ], [ 100.33558532100011, 13.711063777 ], [ 100.335880222000071, 13.710869259999981 ], [ 100.335972203000154, 13.710849466000127 ], [ 100.336068098000169, 13.710831883000026 ], [ 100.336116762000131, 13.710822960000087 ], [ 100.336314374000153, 13.710873342000127 ], [ 100.336439345000088, 13.710959757000126 ], [ 100.336482134000164, 13.711007488000064 ], [ 100.336504828999978, 13.711053070000105 ], [ 100.336505349000049, 13.711238097000034 ], [ 100.336505410000143, 13.711262973000146 ], [ 100.336603444000048, 13.711309477999976 ], [ 100.336648336000053, 13.71134162400017 ], [ 100.336770952000052, 13.71145960399997 ], [ 100.336853764000182, 13.711525039000151 ], [ 100.336930123000172, 13.711577741999974 ], [ 100.336979103000147, 13.711624856000185 ], [ 100.337100640000187, 13.7117143480001 ], [ 100.337236996000115, 13.71181644 ], [ 100.337292103000095, 13.711850017000074 ], [ 100.337405333000049, 13.711942091000026 ], [ 100.337559739000085, 13.712067814000022 ], [ 100.337699681000117, 13.712182326000118 ], [ 100.337779772000033, 13.712247433000073 ], [ 100.337823320000098, 13.712278819000176 ], [ 100.337861587000191, 13.712301239000055 ], [ 100.337901558000169, 13.712317938000126 ], [ 100.337947927000187, 13.712339164000127 ], [ 100.338004109000053, 13.712362599000187 ], [ 100.33805855300011, 13.712386036000055 ], [ 100.338122267000074, 13.712416201000167 ], [ 100.338163427000097, 13.712434050000127 ], [ 100.338205137000159, 13.712455301000034 ], [ 100.338232415000107, 13.712470966000183 ], [ 100.338248280000073, 13.712479598000186 ], [ 100.338344511000173, 13.712521735000053 ], [ 100.338623012000198, 13.71268666800006 ], [ 100.338772100000085, 13.712768633000053 ], [ 100.338746330999982, 13.71280718200012 ], [ 100.338718837000044, 13.71285364300013 ], [ 100.33866614700014, 13.712933064000026 ], [ 100.338628277000169, 13.712987511 ], [ 100.338585332000093, 13.713054394000153 ], [ 100.338532618000158, 13.713136068000154 ], [ 100.338495380000097, 13.713194993000116 ], [ 100.338435218000086, 13.713283484999977 ], [ 100.33840598900008, 13.713326558000119 ], [ 100.33839173500013, 13.713357145000032 ], [ 100.338376872000083, 13.713387735000083 ], [ 100.338363210000182, 13.713422839000145 ], [ 100.33834035100017, 13.713472692000096 ], [ 100.338282180000078, 13.713606346000176 ], [ 100.338245656000083, 13.71369129500016 ], [ 100.338152671999978, 13.713904230000082 ], [ 100.338087630000132, 13.714050361000034 ], [ 100.337873156000171, 13.714344192000112 ], [ 100.337544594000121, 13.714797971000053 ], [ 100.337145431000067, 13.714930099000185 ], [ 100.336733588000186, 13.715071297000122 ], [ 100.336480363000078, 13.715157426000076 ], [ 100.336078103000034, 13.71545904400017 ], [ 100.336274569000125, 13.715755170000136 ], [ 100.336425138000038, 13.716021064000131 ], [ 100.336539419000189, 13.716197856000178 ], [ 100.336635027000113, 13.716346482 ], [ 100.336708523000141, 13.716464760000065 ], [ 100.336678023000104, 13.716502614000149 ], [ 100.336615399000095, 13.716562587000055 ], [ 100.336580780000133, 13.716600918000097 ], [ 100.336494896000147, 13.716729878000137 ], [ 100.33645886700009, 13.716774592000093 ], [ 100.336438796000152, 13.716800692000106 ], [ 100.336407824000048, 13.716843809000068 ], [ 100.336371742000097, 13.716898217000107 ], [ 100.336344211000039, 13.716933396000115 ], [ 100.336301719000062, 13.716986762999966 ], [ 100.336263873000121, 13.717031028000179 ], [ 100.336224302000119, 13.717086603000098 ], [ 100.3361869740001, 13.717129753999984 ], [ 100.336162310000191, 13.71716150900005 ], [ 100.336137043000122, 13.717194451000125 ], [ 100.336095090000128, 13.717237591000128 ], [ 100.336045134000074, 13.717289851000032 ], [ 100.335984259000099, 13.717354572000147 ], [ 100.335910131000162, 13.717434100000162 ], [ 100.335849262000181, 13.717499934000102 ], [ 100.335751576000121, 13.717598808000105 ], [ 100.335674601000051, 13.71768398200004 ], [ 100.335613711000178, 13.71774759800013 ], [ 100.335559101000058, 13.717800988000135 ], [ 100.33552228200017, 13.717840777000106 ], [ 100.33543146500017, 13.717943679000086 ], [ 100.335342406000166, 13.718028627000024 ], [ 100.335330027000111, 13.718040435000148 ], [ 100.335324059000186, 13.718043917000045 ], [ 100.335324024999977, 13.718043937000061 ], [ 100.3353009060001, 13.718057427000133 ], [ 100.335288841000079, 13.718065454000168 ], [ 100.335220255000138, 13.718098258 ], [ 100.335163923000096, 13.71812967600016 ], [ 100.335060240000132, 13.718186736000064 ], [ 100.335008967000022, 13.718215272000123 ], [ 100.334953067000015, 13.718248335000112 ], [ 100.334892005000142, 13.718281435000165 ], [ 100.334846503999984, 13.718312192000155 ], [ 100.334823210000195, 13.718327579000061 ], [ 100.334788816000014, 13.718354841 ], [ 100.334737314000051, 13.718393271000025 ], [ 100.334689519000051, 13.718437325000082 ], [ 100.334640735000107, 13.718482261000077 ], [ 100.334572270000081, 13.718562283000153 ], [ 100.334526959000129, 13.718621296000151 ], [ 100.334507165000105, 13.718645748000029 ], [ 100.334474290000117, 13.718692732000022 ], [ 100.334414196000125, 13.718760902000156 ], [ 100.334386337000012, 13.718796084000019 ], [ 100.334342133000121, 13.718848310999988 ], [ 100.334304835000069, 13.71889708700013 ], [ 100.334272708000128, 13.718935661000103 ], [ 100.334245747000125, 13.718969726000182 ], [ 100.334233120000079, 13.718986751000102 ], [ 100.334211967000158, 13.719024156000046 ], [ 100.334174176000147, 13.719086493000191 ], [ 100.334164189000148, 13.719102367000062 ], [ 100.334141743000032, 13.719141401000115 ], [ 100.334110790000068, 13.719189636000067 ], [ 100.334092380000129, 13.719217368000045 ], [ 100.334053307000033, 13.719279246000042 ], [ 100.334026391000123, 13.719321193000042 ], [ 100.333996008000156, 13.719366574000162 ], [ 100.333927228000164, 13.71946750800015 ], [ 100.333877933000053, 13.719537833 ], [ 100.333816605000152, 13.719629694999981 ], [ 100.333754282000029, 13.719722778000119 ], [ 100.333748409000179, 13.719731549000073 ], [ 100.333737979000034, 13.719749529000126 ], [ 100.333716362000132, 13.719779387000131 ], [ 100.333595384000034, 13.719959736000021 ], [ 100.333581627000058, 13.719992624999975 ], [ 100.333567434000031, 13.720026531000144 ], [ 100.333284849000052, 13.720536565999964 ], [ 100.333110726000086, 13.720837635000123 ], [ 100.331892407000112, 13.720768328000133 ], [ 100.331250233000105, 13.720505118000062 ], [ 100.331342967000126, 13.720076702000142 ], [ 100.330459572000109, 13.719783776000043 ], [ 100.330332856000098, 13.719719976000079 ], [ 100.330331036000132, 13.71976082499998 ], [ 100.330290189000038, 13.720337100000165 ], [ 100.33022786000015, 13.721216534000121 ], [ 100.330835478000154, 13.721233054000038 ], [ 100.332570590000159, 13.721881988000121 ], [ 100.333615435000183, 13.722222819000137 ], [ 100.334424858000091, 13.722512389000144 ], [ 100.33502905500012, 13.722720302000027 ], [ 100.33573900000016, 13.722985034000033 ], [ 100.335484766000036, 13.72556082300008 ], [ 100.335438854000188, 13.725973804999967 ], [ 100.335432033000075, 13.726005557000121 ], [ 100.335261061000097, 13.726801335000061 ], [ 100.335193885000081, 13.727053512000055 ], [ 100.334771915000147, 13.728360546000033 ], [ 100.33477338199998, 13.728392823000149 ], [ 100.334798507000016, 13.728435237999975 ], [ 100.33483797700012, 13.728449247000185 ], [ 100.33566260900011, 13.728709384000126 ], [ 100.335680992000107, 13.728737642000169 ], [ 100.33567566500011, 13.728820946000099 ], [ 100.335577107000177, 13.729055160000144 ], [ 100.335505946000012, 13.729175968000163 ], [ 100.335502195000174, 13.729250304000118 ], [ 100.335522876000198, 13.729276217 ], [ 100.336236883000197, 13.729511295000123 ], [ 100.3367431650002, 13.729711390000091 ], [ 100.336743631000047, 13.729793667000024 ], [ 100.336721397000133, 13.729846040000041 ], [ 100.336503381000057, 13.730181613000184 ], [ 100.336318204000122, 13.730482983000059 ], [ 100.336138802000164, 13.730791508000095 ], [ 100.335938922000139, 13.731172535000098 ], [ 100.335938904000159, 13.731172570000183 ], [ 100.335938887000054, 13.731172605999973 ], [ 100.33580631000018, 13.731456424000044 ], [ 100.335747730000151, 13.731571594000172 ], [ 100.33563642900009, 13.731871090000084 ], [ 100.33564341400006, 13.731929529000183 ], [ 100.335630600000059, 13.73201406700008 ], [ 100.335595427000044, 13.732257920999984 ], [ 100.335572274000185, 13.732320356000116 ], [ 100.33555614800008, 13.732376758000157 ], [ 100.335523523000177, 13.732476198000029 ], [ 100.335396586000059, 13.732794238000054 ], [ 100.335281703000021, 13.733082100000047 ], [ 100.335178400000132, 13.733382762000076 ], [ 100.335140428000159, 13.73348518 ], [ 100.337268639000115, 13.733876540000097 ], [ 100.337485818000061, 13.73390892000009 ], [ 100.337439082000117, 13.734462728000096 ], [ 100.337370602000135, 13.735032990000036 ], [ 100.337363116000063, 13.735152769000081 ], [ 100.337350838000077, 13.735349189000146 ], [ 100.337420298000154, 13.735716864000096 ], [ 100.337420306000183, 13.735716924000144 ], [ 100.337455281000132, 13.736036288999969 ], [ 100.337326700000062, 13.737045351000177 ], [ 100.336986024000112, 13.737106725000103 ], [ 100.336760217000176, 13.737147401000072 ], [ 100.336479233000034, 13.739044382000088 ], [ 100.336337596000078, 13.74000060700007 ], [ 100.336139435000121, 13.739983150000171 ], [ 100.336075177000168, 13.739977487000147 ], [ 100.336050285000056, 13.740051866000158 ], [ 100.335917660000177, 13.740691069000036 ], [ 100.335768840000128, 13.741408276000129 ], [ 100.335739787000136, 13.741548298000168 ], [ 100.335749663000058, 13.741552429000023 ], [ 100.336125504000165, 13.741709547000085 ], [ 100.335853320000183, 13.742819699999984 ], [ 100.335816719000093, 13.74295862300005 ], [ 100.335711822000178, 13.743258974000128 ], [ 100.335594655000193, 13.743788228000028 ], [ 100.335380796000152, 13.744926898000074 ], [ 100.335334870000111, 13.745217804 ], [ 100.335316505000094, 13.74529523800004 ], [ 100.335280688000068, 13.745527752999976 ], [ 100.335233570000071, 13.745732501000077 ], [ 100.335228038000139, 13.745778405000124 ], [ 100.33513647000018, 13.746158447000141 ], [ 100.334988058000192, 13.747094624000056 ], [ 100.334957033000194, 13.747722136000107 ], [ 100.335081486000092, 13.747763035 ], [ 100.335304404000055, 13.747814537000181 ], [ 100.335472089000177, 13.747859139000127 ], [ 100.335480121000103, 13.747991545000104 ], [ 100.33548721000011, 13.748107746000017 ], [ 100.335488712000199, 13.748238907000143 ], [ 100.335490728000195, 13.748414273000094 ], [ 100.335516767000115, 13.74886914200016 ], [ 100.335500638000156, 13.74939002800005 ], [ 100.335503368000161, 13.749871666000161 ], [ 100.335481733000051, 13.750799645000086 ], [ 100.335470643000065, 13.751554765000037 ], [ 100.335384389000183, 13.753286999000181 ], [ 100.335346218000154, 13.753332281000041 ], [ 100.335261797000157, 13.753355276999969 ], [ 100.334897461000025, 13.753424344000109 ], [ 100.334895584000151, 13.753430993000052 ], [ 100.334876690000044, 13.753512058000069 ], [ 100.334479133000059, 13.755217604000165 ], [ 100.333845487000076, 13.755275592000146 ], [ 100.332777558000089, 13.755373314000053 ], [ 100.332821463000073, 13.755772699000147 ], [ 100.332922969000094, 13.757485027000087 ], [ 100.332938354000021, 13.757637922000015 ], [ 100.332938509000144, 13.757770451000056 ], [ 100.332968760000085, 13.758409117000156 ], [ 100.333024654000099, 13.759589177000123 ], [ 100.332097004000047, 13.759834204000015 ], [ 100.331565506000118, 13.759974593000038 ], [ 100.331587251000087, 13.760253400000067 ], [ 100.331725610000092, 13.760252653000123 ], [ 100.331843413000115, 13.760248767000121 ], [ 100.332644894999987, 13.760222328000168 ], [ 100.332575402000032, 13.760676300000057 ], [ 100.331871880000108, 13.760635028000024 ], [ 100.331557279000094, 13.761577735000117 ], [ 100.33113629800016, 13.761549023999976 ], [ 100.331099395000194, 13.762160597000047 ], [ 100.330608918000053, 13.762266809000153 ], [ 100.330111964000139, 13.762374415000181 ], [ 100.330241626000031, 13.762867207000056 ], [ 100.330248628000049, 13.762893828000074 ], [ 100.330260875000135, 13.762936466000042 ], [ 100.330128730000126, 13.763062318000152 ], [ 100.330124560000115, 13.763067354000043 ], [ 100.330103982000196, 13.763092212000117 ], [ 100.330117816000097, 13.763097201000107 ], [ 100.330131559000051, 13.763118212000165 ], [ 100.330158266000069, 13.76323072200006 ], [ 100.330303202000152, 13.763796917999969 ], [ 100.330231701000173, 13.764291184000058 ], [ 100.330149930000061, 13.764905118 ], [ 100.330076493000149, 13.765363773000047 ], [ 100.33001520900001, 13.765746565000086 ], [ 100.329972909000105, 13.766489043999968 ], [ 100.330039268000178, 13.767261235000035 ], [ 100.330088461000059, 13.767738129000065 ], [ 100.330090443000017, 13.768088815000112 ], [ 100.330099162000124, 13.768130922000125 ], [ 100.330209013000058, 13.768502452000121 ], [ 100.33027834100011, 13.768773772000031 ], [ 100.330285765000042, 13.768837823000069 ], [ 100.330285356000104, 13.76885327500014 ], [ 100.330282754000052, 13.76895229400003 ], [ 100.330322831000103, 13.769186359000116 ], [ 100.33039327400013, 13.770076178000124 ], [ 100.330405520000113, 13.770462192000082 ], [ 100.330485253, 13.77121424600017 ], [ 100.330569363000052, 13.772295800000109 ], [ 100.330619653000156, 13.773215153000081 ], [ 100.330646988000183, 13.774028392000105 ], [ 100.330675229000121, 13.774768751000181 ], [ 100.330764329000033, 13.775638067000159 ], [ 100.330781069000182, 13.775696180000068 ], [ 100.330940237, 13.777563648000068 ], [ 100.33116502200005, 13.777576522000061 ], [ 100.331963368, 13.777622231 ], [ 100.33195758300019, 13.778016738000076 ], [ 100.331956459000082, 13.778060716000141 ], [ 100.331951908000121, 13.778239431000088 ], [ 100.331944344000021, 13.778347227000154 ], [ 100.331935956000052, 13.778440232000094 ], [ 100.331931313000098, 13.778513452000141 ], [ 100.331924742000183, 13.778573068000071 ], [ 100.331917002000068, 13.778643435000163 ], [ 100.331910290000053, 13.778694365000092 ], [ 100.3318869430002, 13.778871539000022 ], [ 100.33187242300005, 13.77896476300009 ], [ 100.331859215000179, 13.779067779000059 ], [ 100.331849330000182, 13.779158011999982 ], [ 100.331840245000024, 13.779240957000184 ], [ 100.331840201000034, 13.779241370000136 ], [ 100.331840141000043, 13.779241911000099 ], [ 100.331828604000066, 13.779418448000058 ], [ 100.331821230000173, 13.779613906000066 ], [ 100.331817112000181, 13.780023650000032 ], [ 100.331840410000154, 13.780437349000067 ], [ 100.331888430000049, 13.780847623000057 ], [ 100.331904701000042, 13.781375941000078 ], [ 100.333863166000185, 13.781243035000102 ], [ 100.333895026000164, 13.782166670000038 ], [ 100.333743288000051, 13.783437786999968 ], [ 100.333649517000197, 13.78392456 ], [ 100.333349701000088, 13.784922565000102 ], [ 100.333151213000178, 13.785629009000104 ], [ 100.333071472000029, 13.785969057000159 ], [ 100.332714758000179, 13.787242683000045 ], [ 100.332495035000022, 13.788029276000032 ], [ 100.332181475000198, 13.789110675000074 ], [ 100.331938069000159, 13.790035468000099 ], [ 100.331722033000062, 13.790776111000184 ], [ 100.331423792000123, 13.791897369000026 ], [ 100.331123634000164, 13.792982952000102 ], [ 100.331121947000099, 13.792989424000098 ], [ 100.33106776600016, 13.793591440000171 ], [ 100.331008740000073, 13.794388760000061 ], [ 100.330905806000089, 13.795779301000096 ], [ 100.330828650000115, 13.796523866000143 ], [ 100.330824966000137, 13.796898797000154 ], [ 100.330810616, 13.797444204999977 ], [ 100.330696831000125, 13.798145851000129 ], [ 100.33068740300007, 13.798168661000091 ], [ 100.330594018000056, 13.798367648000124 ], [ 100.329938825000113, 13.79978152800004 ], [ 100.329453602, 13.800846412 ], [ 100.329259501000195, 13.801226540000016 ], [ 100.328937348000125, 13.801857444000177 ], [ 100.328821630000107, 13.802026104000106 ], [ 100.328773121000097, 13.802134395999985 ], [ 100.328743031000101, 13.802242579000165 ], [ 100.328725317000078, 13.802368714000011 ], [ 100.328701402000149, 13.802482867000151 ], [ 100.328634669000053, 13.802627259000189 ], [ 100.328555627000071, 13.802765722 ], [ 100.328336467000042, 13.80310298400002 ], [ 100.328257551000092, 13.803265451000073 ], [ 100.328097812000124, 13.803690840000172 ], [ 100.327912507000121, 13.804125249000151 ], [ 100.32791244900011, 13.804125390000081 ], [ 100.32791238700014, 13.804125521000174 ], [ 100.329567941000164, 13.804029901999968 ], [ 100.330944082000087, 13.803948692 ], [ 100.33114717300009, 13.803936707 ], [ 100.332057956000199, 13.803874211000164 ], [ 100.332373089999976, 13.803852190000043 ], [ 100.334368291000146, 13.803800733000116 ], [ 100.335899219000169, 13.803741625000043 ], [ 100.337731588000167, 13.803691027000127 ], [ 100.33894408600014, 13.803684422000174 ], [ 100.340360701000179, 13.803629300000068 ], [ 100.342234274000191, 13.803514113000062 ], [ 100.344402540000033, 13.803437928000051 ], [ 100.346757945000149, 13.803374240000096 ], [ 100.348697719000029, 13.803326353000159 ], [ 100.350537179000185, 13.803306095000039 ], [ 100.35270701900015, 13.80324932100018 ], [ 100.35430583100009, 13.803207477000058 ], [ 100.357418108000104, 13.803129926000111 ], [ 100.35955635900018, 13.803059414000188 ], [ 100.361671303000037, 13.802952899000161 ], [ 100.363994385000069, 13.802894873000128 ], [ 100.366165038000133, 13.802837675000035 ], [ 100.368839857000012, 13.802785004000043 ], [ 100.372983001000193, 13.802648921000014 ], [ 100.373115511000151, 13.802644563000058 ], [ 100.37319619800013, 13.802639531000125 ], [ 100.374007674000154, 13.802588903000071 ], [ 100.374166769000055, 13.802584578000108 ], [ 100.375106291000179, 13.802568826000083 ], [ 100.375643027000194, 13.802557043000093 ], [ 100.376654249000183, 13.802555167000094 ], [ 100.376782946999981, 13.802554604000136 ], [ 100.376912126000093, 13.802552752000167 ], [ 100.377963998000098, 13.802535042000102 ], [ 100.380574847000048, 13.802450161000138 ], [ 100.380898839, 13.802434356000163 ], [ 100.382101095, 13.802375714000107 ], [ 100.38303259900016, 13.802345356000046 ], [ 100.384004497000149, 13.80231070800005 ], [ 100.385702996000077, 13.80227676800007 ], [ 100.386700418000146, 13.8022430420001 ], [ 100.388071081000135, 13.802196681000112 ], [ 100.389722397000185, 13.802106367000079 ], [ 100.390457936000189, 13.802077708000127 ], [ 100.391348733000086, 13.802067492000162 ], [ 100.391439649000176, 13.80206567 ], [ 100.391676075000191, 13.802059385000121 ], [ 100.391822466000121, 13.802055265000149 ], [ 100.392598864000036, 13.802032088999965 ], [ 100.392728246000104, 13.802027896000084 ], [ 100.393533836000131, 13.802001372 ], [ 100.394047859000125, 13.801998527000023 ], [ 100.394068181000023, 13.801998483000034 ], [ 100.394121287000189, 13.801998375000039 ], [ 100.394157989000178, 13.801998615000059 ], [ 100.394194675000051, 13.801999335000119 ], [ 100.394280589, 13.802002732000119 ], [ 100.394313149000084, 13.802003634000016 ], [ 100.394378299000095, 13.802004348000082 ], [ 100.396557559000144, 13.801940374000139 ], [ 100.396685626000135, 13.801939600000082 ], [ 100.396740222000062, 13.801938797000105 ], [ 100.396830955000041, 13.80193691 ], [ 100.397538675000135, 13.801921102000108 ], [ 100.397757069000079, 13.80191129800005 ], [ 100.397830167000109, 13.801905832000102 ], [ 100.397903227000086, 13.801900058000172 ], [ 100.397939699000119, 13.801896823000163 ], [ 100.397976063999977, 13.801893006000114 ], [ 100.39856099800005, 13.801832278000063 ], [ 100.398738875000163, 13.801813812000148 ], [ 100.399077551000119, 13.801806895000027 ], [ 100.400072865000197, 13.801786563000121 ], [ 100.400144830000045, 13.801782048000177 ], [ 100.400360912000167, 13.801770735000048 ], [ 100.400432905000173, 13.801766450000116 ], [ 100.400885377000122, 13.801738287000035 ], [ 100.401483365000047, 13.801723021000157 ], [ 100.402029589000108, 13.801722209000104 ], [ 100.402244389000089, 13.80172189200016 ], [ 100.402922457000102, 13.801711798000042 ], [ 100.403035588000137, 13.801709369000093 ], [ 100.403051466000193, 13.801709031000087 ], [ 100.403827295000156, 13.801689689000057 ], [ 100.403919650000091, 13.801687166000136 ], [ 100.403973990000111, 13.801685275000068 ], [ 100.404171311000198, 13.801677245000121 ], [ 100.404243022000173, 13.801674036000122 ], [ 100.404296613000099, 13.801670693000119 ], [ 100.405353884000078, 13.801622027000178 ], [ 100.406261054000197, 13.801567101000046 ], [ 100.406444535000162, 13.801555987000029 ], [ 100.406933933000175, 13.801523621 ], [ 100.407667199000059, 13.801453441000092 ], [ 100.40770382400018, 13.801449939000122 ], [ 100.407740507000085, 13.801446974000157 ], [ 100.407850689000156, 13.801439281000114 ], [ 100.408218107000039, 13.801414629000078 ], [ 100.408309981000173, 13.801408708 ], [ 100.408399502000179, 13.801403623000056 ], [ 100.408721853000145, 13.801386112999978 ], [ 100.409032165000042, 13.80138101600005 ], [ 100.41014577500016, 13.80137226 ], [ 100.410274446000074, 13.801368890999981 ], [ 100.410384032000081, 13.801367212000116 ], [ 100.411057705000133, 13.801346720000026 ], [ 100.411324547000163, 13.80134806500007 ], [ 100.411689676000094, 13.801320040000121 ], [ 100.412105265000093, 13.801288142000146 ], [ 100.412377712000193, 13.80127292700007 ], [ 100.412486400000148, 13.801267554000049 ], [ 100.413157747000184, 13.801252023000075 ], [ 100.413248564000128, 13.801250706000076 ], [ 100.413339016000123, 13.801248544000089 ], [ 100.413791269000171, 13.801236222000114 ], [ 100.413930540000081, 13.801233929000034 ], [ 100.414119082000013, 13.801230319000069 ], [ 100.414390316000095, 13.801217670000028 ], [ 100.414444547000073, 13.801214700000116 ], [ 100.414517947000093, 13.801209971000162 ], [ 100.415041320000114, 13.801167603000067 ], [ 100.415177946000085, 13.801156540000079 ], [ 100.415398299000117, 13.801148720000185 ], [ 100.416776056000117, 13.801099810000039 ], [ 100.416812138000125, 13.801099303000058 ], [ 100.416884124000035, 13.801097068000161 ], [ 100.416992085000174, 13.801092606000168 ], [ 100.417154002000132, 13.801085492000084 ], [ 100.417226412000105, 13.801081633000024 ], [ 100.417426755000065, 13.801068929000053 ], [ 100.417481356000053, 13.801065075999986 ], [ 100.417517722000014, 13.801062146000106 ], [ 100.41758840600005, 13.801055162000068 ], [ 100.418302038000093, 13.800991333000013 ], [ 100.418338249000158, 13.800988202000042 ], [ 100.418429285000059, 13.800979245000065 ], [ 100.419367100000102, 13.800897461000091 ], [ 100.420537418000151, 13.800836010000069 ], [ 100.420884780999984, 13.800817774000166 ], [ 100.42097698200007, 13.800813879000088 ], [ 100.421419203000198, 13.800791882000112 ], [ 100.421529719000091, 13.80078577900008 ], [ 100.421583648000194, 13.800781812000025 ], [ 100.421641987000157, 13.800776778000113 ], [ 100.422989024000117, 13.800660521 ], [ 100.423428287000149, 13.80062919900007 ], [ 100.423501514000066, 13.800624255 ], [ 100.423538265000161, 13.800622162000138 ], [ 100.423641602000089, 13.800619417000178 ], [ 100.424779477000186, 13.800589173000162 ], [ 100.425015635000193, 13.800572010000053 ], [ 100.425245639000025, 13.800560918000031 ], [ 100.42617066300005, 13.800507611000171 ], [ 100.42633142000011, 13.800497383 ], [ 100.426416828000072, 13.800491943000111 ], [ 100.428786679000098, 13.800341035000031 ], [ 100.430123408000156, 13.800177670000096 ], [ 100.43177675700008, 13.800090772000033 ], [ 100.43225823, 13.80009082600003 ], [ 100.433284060000176, 13.800090918000024 ], [ 100.433418159000155, 13.800080257000161 ], [ 100.43536178100004, 13.799925735000159 ], [ 100.438081523, 13.799694083000134 ], [ 100.43822640500008, 13.799681741000029 ], [ 100.438450480000085, 13.799662651000062 ], [ 100.438777157000175, 13.79963482900007 ], [ 100.439874797000073, 13.79954707800016 ], [ 100.440353222000113, 13.7995309800001 ], [ 100.441772751000087, 13.799483187000135 ], [ 100.443335522000154, 13.799330393999981 ], [ 100.443789630000083, 13.799296485000127 ], [ 100.443880408000098, 13.799289216000147 ], [ 100.443972029000122, 13.799280636000162 ], [ 100.444411580000178, 13.799237066000103 ], [ 100.444503179000037, 13.799228256000049 ], [ 100.444539842000154, 13.799225030000173 ], [ 100.444593461000068, 13.799220893000097 ], [ 100.444736533000139, 13.799211153000158 ], [ 100.444808108000132, 13.79920678600007 ], [ 100.444881107000015, 13.799203426000133 ], [ 100.445248623000055, 13.799190831000089 ], [ 100.445340435000048, 13.79918713100011 ], [ 100.445432070000038, 13.79918248700011 ], [ 100.445754854000143, 13.799165289000086 ], [ 100.44625668000009, 13.799138537000033 ], [ 100.44669239100017, 13.799118538000073 ], [ 100.447020012000166, 13.799103491000153 ], [ 100.447129029000052, 13.799097984000127 ], [ 100.447200278000196, 13.799093416000119 ], [ 100.447342734000074, 13.799083431000099 ], [ 100.447467383000173, 13.799074532000134 ], [ 100.447538563000194, 13.799069037000152 ], [ 100.44822866700008, 13.799025210000138 ], [ 100.448530301000176, 13.798994213000185 ], [ 100.44967684500017, 13.798876399 ], [ 100.450918082000101, 13.798773858000118 ], [ 100.451087347000168, 13.798766952999983 ], [ 100.451732520000178, 13.798740632000033 ], [ 100.451806040000065, 13.798735519000047 ], [ 100.452100288000054, 13.79871666400004 ], [ 100.452173849000189, 13.798712097000077 ], [ 100.454669887000136, 13.798503974000027 ], [ 100.455251926000074, 13.798455445000172 ], [ 100.458089858000051, 13.798324305000165 ], [ 100.460611092000079, 13.797969776000059 ], [ 100.462796212000057, 13.797455060000061 ], [ 100.464154291000057, 13.797313860000145 ], [ 100.469658381000045, 13.794790355000146 ], [ 100.4696407940001, 13.794743931000028 ], [ 100.469494087000101, 13.794356655000115 ], [ 100.469470983000178, 13.794309246000012 ], [ 100.469426109000153, 13.794217151000169 ], [ 100.469362769000099, 13.794099373000165 ], [ 100.469299631000183, 13.793993793000141 ], [ 100.469260308000059, 13.793930400000136 ], [ 100.469233528000132, 13.793887223000013 ], [ 100.469112009000128, 13.793715907000035 ], [ 100.46885324800013, 13.793368957000155 ], [ 100.468420470000183, 13.792843279000181 ], [ 100.468290783000043, 13.792685755000093 ], [ 100.468159511000181, 13.792521800000088 ], [ 100.468035202000124, 13.792331564 ], [ 100.468001862, 13.79228054400005 ], [ 100.467435386000034, 13.791406397000117 ], [ 100.466652534000104, 13.79008096400014 ], [ 100.466392093000138, 13.78954600600008 ], [ 100.466296953000096, 13.789332644000012 ], [ 100.466176870000197, 13.788917403000028 ], [ 100.467372975000103, 13.789190900000051 ], [ 100.468150009999988, 13.789379181000072 ], [ 100.468893684000079, 13.789544734000174 ], [ 100.469400535000034, 13.789654399000085 ], [ 100.469887861000188, 13.789766087000089 ], [ 100.470336004000046, 13.78986273300012 ], [ 100.471105109000177, 13.790031949000081 ], [ 100.471701811000173, 13.790172824000081 ], [ 100.47210404100008, 13.790270693000082 ], [ 100.472604699999977, 13.790405219000036 ], [ 100.472977684000114, 13.790514723000058 ], [ 100.473350743000196, 13.790635687000133 ], [ 100.47367246400006, 13.790751227000101 ], [ 100.474061753000058, 13.790889281000148 ], [ 100.474623836000092, 13.791089866000107 ], [ 100.475057935000052, 13.791244126000095 ], [ 100.475311073, 13.791337886 ], [ 100.475691957000095, 13.791507754000065 ], [ 100.476010454000061, 13.791649801000176 ], [ 100.476264682000135, 13.791754286000014 ], [ 100.47657032, 13.791875643000026 ], [ 100.476965543000119, 13.792023688000086 ], [ 100.477357790000156, 13.792166016000181 ], [ 100.477932172000067, 13.792368848000081 ], [ 100.478400866000129, 13.792546529000106 ], [ 100.479102131000161, 13.792793184000175 ], [ 100.479478947000075, 13.792928440000026 ], [ 100.479825965000032, 13.793045605000032 ], [ 100.479940844, 13.79307976299998 ], [ 100.48296090600013, 13.794080198000074 ], [ 100.483368875000053, 13.794215340999983 ], [ 100.484055221000176, 13.794466421000152 ], [ 100.484631482000168, 13.79467459100016 ], [ 100.485291473000132, 13.794911270000114 ], [ 100.486025283000117, 13.795174363000115 ], [ 100.48641313000013, 13.795313842000041 ], [ 100.486699600000065, 13.795416319000083 ], [ 100.486940906000086, 13.795502959000146 ], [ 100.487478586000179, 13.795694177000144 ], [ 100.487808034000068, 13.795812511000179 ], [ 100.488419546000046, 13.796032288000163 ], [ 100.488995786000146, 13.796236148000105 ], [ 100.489504842000144, 13.796421089999967 ], [ 100.490024927000093, 13.796610255000076 ], [ 100.490913027000033, 13.796931480000126 ], [ 100.491286575000061, 13.797069960000044 ], [ 100.491927884000063, 13.797305657000095 ], [ 100.492249646000062, 13.797425109000187 ], [ 100.492571382000051, 13.797540261000108 ], [ 100.492874403000144, 13.797651236000149 ], [ 100.493104679, 13.797732570000107 ], [ 100.493501342000059, 13.797875196 ], [ 100.49397290100012, 13.798038862000055 ], [ 100.494272380000098, 13.798142494000103 ], [ 100.494619672000056, 13.798269148000145 ], [ 100.494905565000181, 13.798373650000087 ], [ 100.494911675000139, 13.798375883000176 ], [ 100.495220169999982, 13.798482521000096 ], [ 100.495602505000079, 13.798618788000113 ], [ 100.496023374, 13.798763423000082 ], [ 100.496425529000192, 13.798904937000032 ], [ 100.49688167700009, 13.799065473000041 ], [ 100.497450236000134, 13.799269361000029 ], [ 100.497816083000089, 13.799405729999989 ], [ 100.498202840000033, 13.799545189000071 ], [ 100.498498156000153, 13.799654051000061 ], [ 100.499138319999986, 13.799881143 ], [ 100.499596712000084, 13.800048100000026 ], [ 100.500090394000097, 13.800233105000189 ], [ 100.500368222000134, 13.800357111000153 ], [ 100.500495000000171, 13.800412206000146 ], [ 100.500599748000127, 13.800460985000029 ], [ 100.500681346000135, 13.800499168000044 ], [ 100.500881018000143, 13.800607533000061 ], [ 100.501047573000164, 13.800694620000058 ], [ 100.501181065000196, 13.800767933000031 ], [ 100.50139294100012, 13.800893417999987 ], [ 100.50167988700008, 13.801067862000025 ], [ 100.502049828000054, 13.801327752000077 ], [ 100.502258627000174, 13.801487636000161 ], [ 100.502548170000068, 13.801724378000188 ], [ 100.502738331000046, 13.801891892000185 ], [ 100.503023651000035, 13.802155520000156 ], [ 100.503427204000104, 13.802514049000081 ], [ 100.503755614000113, 13.802810717999989 ], [ 100.504121654000016, 13.80314690900002 ], [ 100.504642508000131, 13.803623971000093 ], [ 100.504994103000172, 13.803935537000086 ], [ 100.505385549000096, 13.804290908000098 ], [ 100.505605621000143, 13.804493695000076 ], [ 100.506032453000103, 13.804880008000168 ], [ 100.506501304000096, 13.805303661000153 ], [ 100.506986759000199, 13.805745481000088 ], [ 100.507492127000091, 13.806206513000063 ], [ 100.507836035000139, 13.80651812200017 ], [ 100.50826173300004, 13.806897992000131 ], [ 100.508657640000195, 13.807260852000184 ], [ 100.509026925000114, 13.807587345000059 ], [ 100.50941511700006, 13.807947026000079 ], [ 100.509900590000143, 13.80838883500013 ], [ 100.510394835000113, 13.808828442 ], [ 100.510653684000147, 13.80907610700018 ], [ 100.511036339999976, 13.809428300999969 ], [ 100.511210332000189, 13.809584209000093 ], [ 100.51140787300011, 13.809761220000098 ], [ 100.511817610000151, 13.81013634500016 ], [ 100.512324869000111, 13.810603083000046 ], [ 100.512936748000186, 13.81115369600019 ], [ 100.51353835000009, 13.811701503000165 ], [ 100.513834721000137, 13.811970422000115 ], [ 100.514402389000054, 13.812484058000166 ], [ 100.514815363000139, 13.81286005200019 ], [ 100.514924366000173, 13.812959297000134 ], [ 100.515066878000084, 13.813095251000163 ], [ 100.515249840000081, 13.813269791000039 ], [ 100.515255130000185, 13.81327484000019 ], [ 100.515159809000181, 13.813353386000131 ], [ 100.515158825000128, 13.813354199000116 ], [ 100.515155371, 13.813357191000023 ], [ 100.514971498000136, 13.813519682000049 ], [ 100.514893178000079, 13.813576440000134 ], [ 100.51477841000019, 13.813659597000139 ], [ 100.514698355, 13.813717593000149 ], [ 100.514398321000101, 13.813896047000185 ], [ 100.514011225000047, 13.814068504000147 ], [ 100.513470447000032, 13.814281146000155 ], [ 100.513069802000189, 13.814427512000179 ], [ 100.512528947000135, 13.81462707999998 ], [ 100.512079138000104, 13.81478377500008 ], [ 100.512041446000183, 13.814796905000094 ], [ 100.511974652000163, 13.814820179000094 ], [ 100.511166488000129, 13.815086784000187 ], [ 100.510438439000154, 13.815320197000062 ], [ 100.510107683000172, 13.815395525999975 ], [ 100.50972999600009, 13.815481543000089 ], [ 100.50960412600017, 13.815514758000063 ], [ 100.508933359000139, 13.815691751000088 ], [ 100.508101649000082, 13.815882919000103 ], [ 100.507400598000061, 13.816038387000162 ], [ 100.507262978000085, 13.816379531000109 ], [ 100.506933801000116, 13.817195526000035 ], [ 100.506608951000032, 13.818076747000077 ], [ 100.506366745000093, 13.818721819000132 ], [ 100.506304549000106, 13.818928102000086 ], [ 100.506276961000083, 13.819124665000061 ], [ 100.506282885000076, 13.819200360000025 ], [ 100.506286359000171, 13.819244749000063 ], [ 100.506293750000168, 13.819339220000131 ], [ 100.506329139000172, 13.819448216000126 ], [ 100.506356268, 13.819496451000077 ], [ 100.506646965000186, 13.820013325000048 ], [ 100.506677558000149, 13.820067709000114 ], [ 100.506711960000132, 13.820152489 ], [ 100.506763700000135, 13.820279984000024 ], [ 100.506834927000114, 13.820455487000061 ], [ 100.506899634000035, 13.820641315000159 ], [ 100.506985273999987, 13.820948126000019 ], [ 100.507023038000114, 13.821038729000179 ], [ 100.507073301000105, 13.821145912000077 ], [ 100.50710242800011, 13.82118992400018 ], [ 100.50723521000009, 13.821318060000124 ], [ 100.507343558000173, 13.821377377000147 ], [ 100.507445654000094, 13.821467620000021 ], [ 100.507503378000081, 13.821530850000102 ], [ 100.507550270000195, 13.821594155000128 ], [ 100.507569153000077, 13.821639456000071 ], [ 100.507581964000167, 13.821704480000108 ], [ 100.507582617000139, 13.821805913000048 ], [ 100.507567539000149, 13.82211182500015 ], [ 100.507565281000097, 13.82218634200018 ], [ 100.507564424000122, 13.822214507000126 ], [ 100.507561152000051, 13.822322310000061 ], [ 100.50755842500007, 13.822386989000165 ], [ 100.50756216700006, 13.822460419000038 ], [ 100.50756915900007, 13.822530634000088 ], [ 100.507573560000196, 13.822560356000054 ], [ 100.507575307000081, 13.822572112000103 ], [ 100.507585523000046, 13.82263529 ], [ 100.507596941000088, 13.822684397000103 ], [ 100.507615522000094, 13.822727714000052 ], [ 100.507635379000078, 13.822765911999966 ], [ 100.507644565000135, 13.822781153000108 ], [ 100.507659165000064, 13.822805366000068 ], [ 100.507686833000037, 13.822839049000095 ], [ 100.507719049000059, 13.822868874000164 ], [ 100.507768277000025, 13.822900509000021 ], [ 100.507843703000049, 13.822942197000089 ], [ 100.50794726800018, 13.822986907000086 ], [ 100.508081620000098, 13.823044201000187 ], [ 100.508164874999977, 13.823082654000075 ], [ 100.508233746000087, 13.823119280000071 ], [ 100.508286886000064, 13.823149611000019 ], [ 100.508332868000139, 13.823186368000165 ], [ 100.508409765000181, 13.823251686000049 ], [ 100.508541991000129, 13.823384362000184 ], [ 100.508573560000173, 13.823414826000032 ], [ 100.508595225000079, 13.823429381999972 ], [ 100.508618163, 13.823439463000057 ], [ 100.508644805000074, 13.823446944000011 ], [ 100.508651131000079, 13.823448715000097 ], [ 100.508707221000122, 13.823464462000061 ], [ 100.50889764600015, 13.823499704000142 ], [ 100.508924401000115, 13.823505145000127 ], [ 100.509071658000153, 13.823535136000032 ], [ 100.509209688, 13.823563241000159 ], [ 100.509247787000049, 13.823570995000068 ], [ 100.509372161000044, 13.823599475000151 ], [ 100.509538422000048, 13.823637549000068 ], [ 100.509596712000075, 13.823656990000188 ], [ 100.509620742000095, 13.823668204000057 ], [ 100.509641300000055, 13.82367779600014 ], [ 100.509683267000014, 13.823699889000068 ], [ 100.509721317000185, 13.823722651000026 ], [ 100.509762680000108, 13.823750502999985 ], [ 100.509790955000085, 13.823772963000067 ], [ 100.509796185000141, 13.82377712300007 ], [ 100.509824484000092, 13.823807606 ], [ 100.509940347000168, 13.823935272000085 ], [ 100.510061032000124, 13.824101871000153 ], [ 100.510121712000171, 13.824187724000012 ], [ 100.510140280000087, 13.824229124999988 ], [ 100.510150980000105, 13.824266100000102 ], [ 100.510150510000074, 13.824294209000072 ], [ 100.510145461000093, 13.824322347000077 ], [ 100.510133242000052, 13.824353715000029 ], [ 100.510118417000172, 13.824385744000097 ], [ 100.510091794000175, 13.824412100000131 ], [ 100.510057972000027, 13.824438489999977 ], [ 100.510022128000116, 13.824454044000049 ], [ 100.509941247000086, 13.824481360000163 ], [ 100.509782613000084, 13.824511079000047 ], [ 100.509647457000085, 13.824532355000031 ], [ 100.509560062000048, 13.824562270000115 ], [ 100.509515108000073, 13.824585542000079 ], [ 100.509463760000074, 13.824629934000029 ], [ 100.509453613000062, 13.824642221999966 ], [ 100.509414702000129, 13.824689327000044 ], [ 100.509385293000093, 13.82472494100017 ], [ 100.509269847000098, 13.824880627000084 ], [ 100.509261822000099, 13.824894270000073 ], [ 100.509207791000108, 13.824996348000127 ], [ 100.509179809000102, 13.825061269000116 ], [ 100.509162742000058, 13.825111417000187 ], [ 100.509161226000117, 13.825115858000117 ], [ 100.509161018999976, 13.825118702000168 ], [ 100.50915844300016, 13.82515335700009 ], [ 100.509158384000045, 13.825154143000134 ], [ 100.509158325000101, 13.825154929000064 ], [ 100.509158662000061, 13.825158140000042 ], [ 100.509163927000031, 13.825208336000117 ], [ 100.509178093000173, 13.825284306000185 ], [ 100.509194189000084, 13.82533456699997 ], [ 100.509235844000045, 13.825432976000059 ], [ 100.509265623000147, 13.825484178000181 ], [ 100.509293211000113, 13.825522037000042 ], [ 100.509352937000074, 13.825587399000142 ], [ 100.509376083, 13.825610341000072 ], [ 100.50937667900007, 13.825610932000188 ], [ 100.509377275000134, 13.825611524000067 ], [ 100.509394987000178, 13.825622272999965 ], [ 100.509395841000071, 13.825622516000067 ], [ 100.509396697000113, 13.825622758000122 ], [ 100.509419222000133, 13.825629142000082 ], [ 100.509442750000119, 13.825628361000156 ], [ 100.509480594000081, 13.825619185999983 ], [ 100.509674897000082, 13.825545182000099 ], [ 100.50993102800004, 13.825431188000096 ], [ 100.510224182000115, 13.825279925000075 ], [ 100.510299128000099, 13.825245609999968 ], [ 100.510344114000077, 13.825227449000181 ], [ 100.51040281000013, 13.825207287000126 ], [ 100.510452392000161, 13.825192937000168 ], [ 100.510500039000135, 13.825183702 ], [ 100.510546421000072, 13.825178949000076 ], [ 100.510559630000159, 13.825179203000118 ], [ 100.510596103000069, 13.825179915000149 ], [ 100.510643189000064, 13.825184736000097 ], [ 100.510684465000111, 13.825199171000122 ], [ 100.51071092900014, 13.825212443000169 ], [ 100.510731020000151, 13.825222515000121 ], [ 100.51076383700007, 13.825244672999986 ], [ 100.510793431000081, 13.825271309000073 ], [ 100.510813225999982, 13.825301209000088 ], [ 100.510829151000166, 13.825337515000058 ], [ 100.510839858000054, 13.825377050000043 ], [ 100.510858810000059, 13.825477848000048 ], [ 100.510874282000088, 13.825647019000087 ], [ 100.51088745300018, 13.825864094 ], [ 100.510900545000197, 13.825969404000034 ], [ 100.510910045000116, 13.826023635000126 ], [ 100.510927346000017, 13.826071426000112 ], [ 100.510946562000186, 13.826110907999976 ], [ 100.510966332000066, 13.82613697700009 ], [ 100.510969979000095, 13.82614068800018 ], [ 100.510989365000114, 13.826160466000033 ], [ 100.51101038000013, 13.826176306000093 ], [ 100.51103594500006, 13.826187651000055 ], [ 100.511064202000171, 13.826195951000045 ], [ 100.511069995000184, 13.826197654000055 ], [ 100.511070437000058, 13.8261976820001 ], [ 100.511070880000034, 13.826197709000155 ], [ 100.511100077000037, 13.826199385000109 ], [ 100.51113208400011, 13.826196636000191 ], [ 100.511143943000093, 13.826194938000015 ], [ 100.511299906000147, 13.826172607000046 ], [ 100.511396834000152, 13.826154319000125 ], [ 100.511439439000014, 13.82614627900017 ], [ 100.511521426000172, 13.826130811000155 ], [ 100.511551894000036, 13.826125063 ], [ 100.511577649000117, 13.826120790000118 ], [ 100.511687703000177, 13.82610251 ], [ 100.511719852000056, 13.82609681200006 ], [ 100.51183329100013, 13.826076711000098 ], [ 100.511903107000194, 13.826056480000091 ], [ 100.511939592000147, 13.826039651000031 ], [ 100.511976059, 13.826018346000183 ], [ 100.512010594000117, 13.825996030000113 ], [ 100.512020967000183, 13.825989327000173 ], [ 100.512052206000192, 13.825968690000138 ], [ 100.512096431000032, 13.825933293000162 ], [ 100.512132762000135, 13.825890909000179 ], [ 100.512157974000047, 13.825848991999976 ], [ 100.512160253000161, 13.825845199000128 ], [ 100.512174794000032, 13.825821037000082 ], [ 100.512224874000083, 13.825722805000112 ], [ 100.512274713000068, 13.825625051000031 ], [ 100.512360679000039, 13.825456464000013 ], [ 100.512522684000032, 13.825138666000043 ], [ 100.512694551000152, 13.824829104000173 ], [ 100.512728174000188, 13.824773328000163 ], [ 100.512752179000131, 13.824745718000031 ], [ 100.512774280000087, 13.824727062000079 ], [ 100.512801633000151, 13.82471155900015 ], [ 100.512831449000089, 13.824704084000132 ], [ 100.512835570000163, 13.824703043000113 ], [ 100.512839335000024, 13.824702764 ], [ 100.5128819520001, 13.824699571 ], [ 100.51296758400008, 13.824701592999986 ], [ 100.513040845000035, 13.824710084000117 ], [ 100.513076159000093, 13.824720141000114 ], [ 100.513077164000094, 13.824720427000159 ], [ 100.513078168000163, 13.824720712000101 ], [ 100.513099162000117, 13.824733355000149 ], [ 100.51312150300015, 13.824750466000069 ], [ 100.513134025999989, 13.824767630000053 ], [ 100.513145335000161, 13.824798226000098 ], [ 100.513149503000136, 13.824836520000076 ], [ 100.513147702000083, 13.824903108000058 ], [ 100.513146338000126, 13.824953424000171 ], [ 100.513140036000152, 13.825099417000047 ], [ 100.51313326200011, 13.825256251999974 ], [ 100.513132115000133, 13.825281417000042 ], [ 100.513114938, 13.825656840000079 ], [ 100.51311887300011, 13.82593318500011 ], [ 100.513121559000126, 13.825968672000158 ], [ 100.513122963000058, 13.825987370000064 ], [ 100.513134163000132, 13.826041801000031 ], [ 100.513168587000109, 13.826094580000074 ], [ 100.51326057000017, 13.826183337000032 ], [ 100.513341636000121, 13.826261561000138 ], [ 100.513403964000133, 13.826315676999968 ], [ 100.513449071000025, 13.826342658000158 ], [ 100.513503445000083, 13.826366545000099 ], [ 100.513562459000184, 13.826387375000024 ], [ 100.513705266000045, 13.826428884 ], [ 100.51386984100003, 13.826483886000119 ], [ 100.51407489900015, 13.826568918000078 ], [ 100.514309553000032, 13.82667799 ], [ 100.514582755000049, 13.8267970980001 ], [ 100.514662240000177, 13.826831744000117 ], [ 100.514662311000052, 13.826831770000126 ], [ 100.514662383000086, 13.826831792000121 ], [ 100.514783338000029, 13.826870371000041 ], [ 100.514915287000065, 13.826910426999973 ], [ 100.515033191000043, 13.826933931000156 ], [ 100.515081739000152, 13.826944153000113 ], [ 100.515113834000033, 13.826950911000154 ], [ 100.515158855000095, 13.826960395000015 ], [ 100.515238044000171, 13.826987166000038 ], [ 100.515311086, 13.827021530000025 ], [ 100.515374900000154, 13.82706655200019 ], [ 100.515510565000113, 13.82720197500015 ], [ 100.515647999000066, 13.827370692000159 ], [ 100.515727767000101, 13.827488292999988 ], [ 100.515770139000097, 13.827571300000045 ], [ 100.5157907520001, 13.827643841000111 ], [ 100.515808465000021, 13.827748195000026 ], [ 100.515795403000197, 13.828122232000169 ], [ 100.515799364000088, 13.828256950000082 ], [ 100.515806100000134, 13.828340178000076 ], [ 100.515820498000039, 13.828409729000043 ], [ 100.515826773000128, 13.828424635000033 ], [ 100.515841379000108, 13.828459298000155 ], [ 100.515850397000122, 13.828480702000149 ], [ 100.515857526000104, 13.828493387000037 ], [ 100.515877265000029, 13.828528451000125 ], [ 100.515891147000161, 13.828553126000088 ], [ 100.515933234000158, 13.828592228000161 ], [ 100.515997040000116, 13.82863573200018 ], [ 100.516179035000164, 13.828748163000171 ], [ 100.51657754900009, 13.828993557000047 ], [ 100.516662451000172, 13.829045837000081 ], [ 100.516788233000113, 13.829137729000081 ], [ 100.516885500000058, 13.82921626600006 ], [ 100.51699234300014, 13.82931015600002 ], [ 100.517110812000055, 13.829415282000014 ], [ 100.517255740000166, 13.829543892000174 ], [ 100.517392255000175, 13.829673570000068 ], [ 100.517485423000039, 13.829767545000152 ], [ 100.517546563000167, 13.829827660000035 ], [ 100.517597621000107, 13.829877847000034 ], [ 100.517662523000126, 13.829934319000074 ], [ 100.517714098000056, 13.829979188000152 ], [ 100.517716087000167, 13.829980923 ], [ 100.517904519000126, 13.830110660000173 ], [ 100.518147411000143, 13.83029537900012 ], [ 100.518276607000132, 13.830388440999968 ], [ 100.518398004000176, 13.830472477 ], [ 100.518600214, 13.83059537500003 ], [ 100.51870620699998, 13.830663784000137 ], [ 100.518823145000056, 13.830777745000034 ], [ 100.519070040000145, 13.831041921000065 ], [ 100.519405665000136, 13.83137027000015 ], [ 100.519618425000147, 13.831566519000091 ], [ 100.519865949, 13.831747801 ], [ 100.520273624000083, 13.832076832000155 ], [ 100.520478874000048, 13.832265340000106 ], [ 100.520492224000066, 13.832277597000143 ], [ 100.520501274000083, 13.832287040000153 ], [ 100.520791733000067, 13.832590261000064 ], [ 100.520998619000125, 13.832777470000053 ], [ 100.521276648000139, 13.833003978000136 ], [ 100.521310681000045, 13.833033639000178 ], [ 100.521351528000139, 13.83306926 ], [ 100.521567646000051, 13.833257656000171 ], [ 100.521823815, 13.83348708800014 ], [ 100.521844651000151, 13.83350574300016 ], [ 100.521941007000123, 13.83359230700006 ], [ 100.522065560000044, 13.833704216000172 ], [ 100.522364594000067, 13.833943074000047 ], [ 100.522496741999987, 13.834072837000178 ], [ 100.522571639000091, 13.834152993000089 ], [ 100.522661873000061, 13.834270526000125 ], [ 100.522707061000119, 13.834332057000154 ], [ 100.522707751000155, 13.834333000000129 ], [ 100.522708441000191, 13.834333943000104 ], [ 100.522829534000039, 13.834498847000077 ], [ 100.522860728000126, 13.834529390000057 ], [ 100.522874956000067, 13.834543320000137 ], [ 100.522909059000085, 13.834576705000131 ], [ 100.522958049000067, 13.834605920000172 ], [ 100.523044356000185, 13.834654208000075 ], [ 100.523220498000057, 13.834758716000181 ], [ 100.523301011000058, 13.834809308000104 ], [ 100.523354771000015, 13.834856669000033 ], [ 100.523470985000074, 13.835037624000165 ], [ 100.523588128000085, 13.835182239000119 ], [ 100.523691036000059, 13.835281517 ], [ 100.523853461000101, 13.835421304000135 ], [ 100.524001726, 13.83552712400018 ], [ 100.524294667000163, 13.835721739 ], [ 100.524471010000127, 13.835856902000103 ], [ 100.524669624000012, 13.836021445000142 ], [ 100.524822912000104, 13.836184002000152 ], [ 100.524988812000174, 13.83634406200008 ], [ 100.525089531000049, 13.836441234000119 ], [ 100.525125248000052, 13.83647266700018 ], [ 100.525222767000059, 13.83655848900014 ], [ 100.525349061000043, 13.836669731000143 ], [ 100.525357175000181, 13.836676875000023 ], [ 100.525368084000092, 13.836684620000028 ], [ 100.525473854000154, 13.836759656000027 ], [ 100.525480924000192, 13.836764670999969 ], [ 100.525618670000199, 13.836861471000191 ], [ 100.525697320000177, 13.836918562 ], [ 100.525831166000046, 13.837015705000169 ], [ 100.525893663000147, 13.837082307000173 ], [ 100.525931797999988, 13.837122949000161 ], [ 100.525940718000015, 13.837131818000046 ], [ 100.526008996000201, 13.837199682000175 ], [ 100.526137484000174, 13.837302215000022 ], [ 100.526217016000146, 13.837361499000167 ], [ 100.526349354000104, 13.837460168000064 ], [ 100.52644108800007, 13.837528549000126 ], [ 100.526671723000049, 13.83770868300013 ], [ 100.526896776000115, 13.837882177999973 ], [ 100.52717894500006, 13.838141702000144 ], [ 100.527609810000115, 13.838553419 ], [ 100.527847103000113, 13.838766542000144 ], [ 100.528166149000072, 13.839043888 ], [ 100.528249249000169, 13.839120935000096 ], [ 100.528406987000096, 13.839267210000173 ], [ 100.528560539000182, 13.839397684000119 ], [ 100.528808960000049, 13.839608751000128 ], [ 100.529262500000073, 13.840018098000144 ], [ 100.52979316200009, 13.840490547000059 ], [ 100.530011042000183, 13.84075716000018 ], [ 100.530083375000061, 13.840831555000022 ], [ 100.530138936000128, 13.840866288000143 ], [ 100.530138972000145, 13.840866309999967 ], [ 100.530139008000106, 13.840866333000065 ], [ 100.530250029000172, 13.840935737000109 ], [ 100.530760580000049, 13.841425320000042 ], [ 100.530793507, 13.841456892000167 ], [ 100.531094393000046, 13.841745424000067 ], [ 100.531237349000151, 13.841882512000041 ], [ 100.531613500000105, 13.842074628000148 ], [ 100.531863524000187, 13.842228965 ], [ 100.532112083000072, 13.842540359 ], [ 100.532190691000153, 13.842620709000073 ], [ 100.532296110000061, 13.842728458000067 ], [ 100.53250159300012, 13.84291260100008 ], [ 100.532541396000113, 13.842948271000012 ], [ 100.532684738000114, 13.843135565000068 ], [ 100.5328069360001, 13.843235292000031 ], [ 100.533278046000135, 13.843504588000144 ], [ 100.533478566000042, 13.843781625000076 ], [ 100.533504485000151, 13.843817434000073 ], [ 100.533558874000107, 13.843878700000175 ], [ 100.533773865000057, 13.844120875000044 ], [ 100.533852848000095, 13.844195095000146 ], [ 100.534063611000022, 13.844393124000135 ], [ 100.534123502000114, 13.844440690000113 ], [ 100.534255347000112, 13.84454540500019 ], [ 100.53437895400009, 13.844625895000092 ], [ 100.534533275000172, 13.844726382000147 ], [ 100.534564633000116, 13.844748528000025 ], [ 100.534645329000057, 13.844805533000056 ], [ 100.534779375000141, 13.844900240000129 ], [ 100.535053998000194, 13.845133530000112 ], [ 100.535177197000166, 13.845263014000125 ], [ 100.535230914000067, 13.845319474 ], [ 100.535357189000138, 13.845470336000062 ], [ 100.535417514000073, 13.84553295000012 ], [ 100.535505919000173, 13.845624704000045 ], [ 100.535644281000089, 13.845743633000041 ], [ 100.535782352000069, 13.845862325000098 ], [ 100.535974270000111, 13.846042003000036 ], [ 100.536150715000076, 13.846145051 ], [ 100.536317567000197, 13.84620977700007 ], [ 100.536400404000062, 13.846241909000071 ], [ 100.53663065700016, 13.846331220000081 ], [ 100.536907985000198, 13.846446433000096 ], [ 100.537065647000077, 13.846512037000025 ], [ 100.537136124000142, 13.846535552000091 ], [ 100.537162652000063, 13.846544408000113 ], [ 100.537350504000131, 13.846607086000176 ], [ 100.537478031000092, 13.846664758000145 ], [ 100.537777436000113, 13.846914218000165 ], [ 100.537937969000154, 13.847062188000166 ], [ 100.538060355000141, 13.84716073900006 ], [ 100.538173077000067, 13.847237233000158 ], [ 100.538183301, 13.847243062000189 ], [ 100.538245511000184, 13.847278528000118 ], [ 100.538284538000141, 13.847294738000016 ], [ 100.538315794000084, 13.84730772000006 ], [ 100.538442220000036, 13.847355823000044 ], [ 100.538734990000137, 13.847471877000032 ], [ 100.539064296000163, 13.847606976000122 ], [ 100.539605129000051, 13.847855650999975 ], [ 100.540179691, 13.848107519000052 ], [ 100.540593328000057, 13.848303056000134 ], [ 100.541086671000073, 13.848554294000166 ], [ 100.54151554300006, 13.848739327000089 ], [ 100.541624067000157, 13.848778552000056 ], [ 100.541711058000146, 13.848809986000163 ], [ 100.541727584000114, 13.848815964000153 ], [ 100.541944710000109, 13.848892313000135 ], [ 100.542207402000201, 13.84898468800003 ], [ 100.542496321000044, 13.849129040000093 ], [ 100.542725022000184, 13.849215299000036 ], [ 100.543010523000135, 13.849313974000097 ], [ 100.543135824999979, 13.849357286000156 ], [ 100.54317670800009, 13.849371417000157 ], [ 100.543204846000094, 13.849387366000144 ], [ 100.543222919000073, 13.84939761600009 ], [ 100.543629472000077, 13.849628112000175 ], [ 100.543653863000031, 13.849757836000094 ], [ 100.543664884000179, 13.849804172000177 ], [ 100.544281316000195, 13.852395589000082 ], [ 100.545199689000071, 13.856040969000105 ], [ 100.545459592000157, 13.857161033000068 ], [ 100.545595036000179, 13.857827302000032 ], [ 100.54606276700008, 13.859814351000011 ], [ 100.546287630999984, 13.860790555000165 ], [ 100.546514987000194, 13.861759310000082 ], [ 100.546787483000173, 13.863025525000126 ], [ 100.546875104000037, 13.863212710000084 ], [ 100.548677422000139, 13.870894750000105 ], [ 100.549198738000086, 13.873047406000069 ], [ 100.550221065000017, 13.877268643000036 ], [ 100.550271689000112, 13.877512906000049 ], [ 100.550285182000096, 13.877585603000114 ], [ 100.550387993000186, 13.878140099000177 ], [ 100.551790278000112, 13.883880124000029 ], [ 100.551828281000155, 13.884026750999965 ], [ 100.551915915000109, 13.884421656000086 ], [ 100.551855428000181, 13.884547440000176 ], [ 100.55429769400007, 13.894987410000113 ], [ 100.55430907300007, 13.895078586000068 ], [ 100.554357504000052, 13.89530176400001 ], [ 100.5544176840001, 13.895567648 ], [ 100.554418331000022, 13.895579075000171 ], [ 100.55459143700017, 13.89632296700006 ], [ 100.554689721000102, 13.896743984000182 ], [ 100.554844893000165, 13.897400687000072 ], [ 100.555015519000051, 13.898169161000055 ], [ 100.55509146300011, 13.898438995000163 ], [ 100.555252240000186, 13.899119590999987 ], [ 100.555502605000072, 13.900130719000174 ], [ 100.555727568000123, 13.901104497000119 ], [ 100.555911267000113, 13.901847027000088 ], [ 100.55607346100004, 13.902540541000064 ], [ 100.556393490000119, 13.903870688000097 ], [ 100.55657614100005, 13.904653312 ], [ 100.556783345000156, 13.905543136000063 ], [ 100.556967432000192, 13.906331849000082 ], [ 100.557039621000058, 13.906643468000027 ], [ 100.5571786000001, 13.907231067000055 ], [ 100.557306722000192, 13.907778650000125 ], [ 100.557513779000033, 13.908645186000058 ], [ 100.557700475000161, 13.909438137000052 ], [ 100.558024837000175, 13.910818693000067 ], [ 100.558180777000132, 13.911421294000093 ], [ 100.558893117000082, 13.914457016000085 ], [ 100.558894550000105, 13.91446317700013 ], [ 100.560056770000187, 13.919426503000125 ], [ 100.560822764000136, 13.922697124000081 ], [ 100.562695303999988, 13.930692 ], [ 100.563587273000167, 13.934500067000158 ], [ 100.563588036000169, 13.934503346000156 ], [ 100.563736482000195, 13.935139195999966 ], [ 100.566321719000143, 13.945921951000173 ], [ 100.567518655000015, 13.951075527000057 ], [ 100.56753847300007, 13.951160793000042 ], [ 100.567548358000067, 13.951203277000161 ], [ 100.567561353000201, 13.951259190000087 ], [ 100.567613341000026, 13.951482809000026 ], [ 100.567639714, 13.95158730300011 ], [ 100.56794321100017, 13.951621303000081 ], [ 100.567983081000079, 13.95161773600006 ], [ 100.568033510000078, 13.951613217000158 ], [ 100.568083993000073, 13.951617994000117 ], [ 100.568113599000071, 13.951622896000174 ], [ 100.56827757800005, 13.951689809000072 ], [ 100.568349040999976, 13.951709729000129 ], [ 100.56841527000006, 13.95172799900007 ], [ 100.568458828000132, 13.951737913000159 ], [ 100.56850066200019, 13.951749534000157 ], [ 100.568554763000122, 13.951774669000031 ], [ 100.568783182000118, 13.951928165000083 ], [ 100.569028190000154, 13.952092862000143 ], [ 100.569037335000075, 13.952099318000137 ], [ 100.569716425000138, 13.95246693100006 ], [ 100.569775476000132, 13.952502459000186 ], [ 100.569895469000073, 13.952578869000092 ], [ 100.570049701000187, 13.952678547000176 ], [ 100.570149206000167, 13.952741839999987 ], [ 100.570159066000087, 13.952748441000097 ], [ 100.57016882, 13.952755263000142 ], [ 100.570178671, 13.952761962000068 ], [ 100.570188613000141, 13.952768518000084 ], [ 100.570198634000178, 13.952774949000172 ], [ 100.57020968, 13.952781825000045 ], [ 100.570220824000046, 13.952788533000046 ], [ 100.570232066000074, 13.952795089000062 ], [ 100.570243407000078, 13.952801477000037 ], [ 100.570254838000039, 13.952807706000101 ], [ 100.57026763600004, 13.952814438000132 ], [ 100.57028055100011, 13.952820958000132 ], [ 100.570293572000196, 13.952827282000158 ], [ 100.570306692000031, 13.952833394000095 ], [ 100.570319918000109, 13.952839302000086 ], [ 100.570333234000145, 13.952844997999989 ], [ 100.570346639000093, 13.952850481000041 ], [ 100.570476557000177, 13.952915149000034 ], [ 100.570491892000121, 13.952922783000133 ], [ 100.570640955999977, 13.952989215000116 ], [ 100.570694660000186, 13.953010451000125 ], [ 100.570714226, 13.953018198000109 ], [ 100.570732787000054, 13.953025767000156 ], [ 100.570751260000065, 13.953033522000169 ], [ 100.570769661000099, 13.953041471 ], [ 100.57078796400009, 13.953049606000093 ], [ 100.57080058400004, 13.953055341000095 ], [ 100.570813159000124, 13.95306117400014 ], [ 100.570831412000132, 13.95306983100005 ], [ 100.570849566000049, 13.953078665000078 ], [ 100.570867613000189, 13.953087702 ], [ 100.570885581000084, 13.95309691600005 ], [ 100.570903431000147, 13.953106316000117 ], [ 100.570921184000099, 13.953115894000064 ], [ 100.570938838000131, 13.953125666000119 ], [ 100.570956385000102, 13.953135616000054 ], [ 100.570973816, 13.953145743000107 ], [ 100.570991131000085, 13.953156047000107 ], [ 100.571138106000092, 13.953250378000178 ], [ 100.571299798000155, 13.953353008000136 ], [ 100.571417022999981, 13.953419638000128 ], [ 100.571562615000119, 13.953496455 ], [ 100.571823599000084, 13.953629542000101 ], [ 100.571954992000201, 13.95369954 ], [ 100.571970002000171, 13.953707263000013 ], [ 100.571998137000094, 13.953721735000158 ], [ 100.572081044000129, 13.953764381000155 ], [ 100.572240845000124, 13.953848018000031 ], [ 100.572525699000096, 13.954020901000035 ], [ 100.572622175000049, 13.954082589 ], [ 100.572867647000123, 13.954223127000091 ], [ 100.573122215000069, 13.954340021000178 ], [ 100.573503787000163, 13.954486431000191 ], [ 100.573943752000048, 13.954622665000102 ], [ 100.573977532000185, 13.954635289000066 ], [ 100.574046377000116, 13.954635409000105 ], [ 100.574060669000062, 13.954633216 ], [ 100.574127142000123, 13.954615281000031 ], [ 100.574247194000122, 13.954564463000111 ], [ 100.574367213000187, 13.954508648000171 ], [ 100.57445152300005, 13.954475584000079 ], [ 100.574750614000038, 13.954386082000156 ], [ 100.574967910000055, 13.954322134 ], [ 100.575047197000174, 13.954304108000144 ], [ 100.575106038000115, 13.954293717000041 ], [ 100.575167478000083, 13.954288314000053 ], [ 100.575212758000077, 13.954288021000139 ], [ 100.575298930000088, 13.954284303000179 ], [ 100.57534929500008, 13.954279642000074 ], [ 100.575418402000025, 13.954271682000126 ], [ 100.575500280000085, 13.954258644999982 ], [ 100.575620460000096, 13.954227845000105 ], [ 100.575753336000048, 13.95417945000014 ], [ 100.576126486000192, 13.954056947000026 ], [ 100.576502389000098, 13.953961950000064 ], [ 100.576606975000061, 13.953937501000098 ], [ 100.576607119000073, 13.953937473000053 ], [ 100.57714528300005, 13.953823529999966 ], [ 100.577313845000106, 13.953787844000033 ], [ 100.578018417000123, 13.953640468000117 ], [ 100.578757624000104, 13.953465661000109 ], [ 100.579457393000041, 13.953295643999979 ], [ 100.580157277000183, 13.953141488000028 ], [ 100.580617505000077, 13.953037594000136 ], [ 100.580829322000113, 13.952989786999979 ], [ 100.581094736000068, 13.952928850000035 ], [ 100.581094862000043, 13.952928823000093 ], [ 100.581743894000113, 13.952767824000034 ], [ 100.582125035000104, 13.952688735000152 ], [ 100.582125215000133, 13.952688698000031 ], [ 100.58253236600018, 13.952604213000086 ], [ 100.582956393000131, 13.952516238000158 ], [ 100.583105017000037, 13.952496548000113 ], [ 100.583449207000058, 13.952421184000116 ], [ 100.583604079000111, 13.952380763000065 ], [ 100.583662509000135, 13.952368730000046 ], [ 100.584192705000135, 13.952236932000176 ], [ 100.584796747000041, 13.952096644999983 ], [ 100.584888352000064, 13.952074731000152 ], [ 100.585248046000117, 13.951989659000049 ], [ 100.585259406000034, 13.951986972999975 ], [ 100.585797590000141, 13.951868341000136 ], [ 100.586966141000119, 13.951592580000124 ], [ 100.587433506000139, 13.951462976000073 ], [ 100.587505141000122, 13.951443107000102 ], [ 100.587730835000116, 13.951380524000172 ], [ 100.588090205000185, 13.951311763000092 ], [ 100.588526621000085, 13.951261071000147 ], [ 100.588940877000084, 13.951192241000115 ], [ 100.589424112000188, 13.951060121000012 ], [ 100.5915209650002, 13.95042088100007 ], [ 100.591784818000122, 13.950337601000115 ], [ 100.592057178000061, 13.950227078000125 ], [ 100.592298302000131, 13.950126955000087 ], [ 100.592641912000147, 13.94996036200007 ], [ 100.59281278300017, 13.949882660000071 ], [ 100.59328164600015, 13.94968394700004 ], [ 100.593724058000134, 13.949489890000052 ], [ 100.594634014000121, 13.949062206 ], [ 100.596001454000088, 13.948462250000091 ], [ 100.596692555000175, 13.948148361000165 ], [ 100.597504091000189, 13.947775308000132 ], [ 100.597617478000075, 13.947726403000047 ], [ 100.598430784000186, 13.947369392000098 ], [ 100.599469096000121, 13.94692480000009 ], [ 100.600035006000041, 13.946658412999966 ], [ 100.600673936000192, 13.946365283999967 ], [ 100.601049341000078, 13.946220072000074 ], [ 100.601096728000186, 13.946196854000107 ], [ 100.601621205000129, 13.945833595000124 ], [ 100.6020870440002, 13.945609076000096 ], [ 100.602345189000175, 13.945484662000126 ], [ 100.60317102800019, 13.945113934000176 ], [ 100.604070876000037, 13.944718546000161 ], [ 100.604456498000161, 13.944556633000161 ], [ 100.604502718000049, 13.944537226000079 ], [ 100.604502745000161, 13.944537208000099 ], [ 100.605252581, 13.944246462000024 ], [ 100.605438061000086, 13.944182434000027 ], [ 100.60567714300015, 13.944099922000134 ], [ 100.605605174000175, 13.944746403000067 ], [ 100.605502644000182, 13.945398920000116 ], [ 100.60546682800009, 13.945598974000177 ], [ 100.605446188000144, 13.945714286000111 ], [ 100.60542211000012, 13.945856506000155 ], [ 100.605353172000093, 13.946546784000077 ], [ 100.605288771000176, 13.946987528000136 ], [ 100.605259173000036, 13.947190172000035 ], [ 100.605238945000167, 13.947328510000091 ], [ 100.605118736000065, 13.948174544000096 ], [ 100.605084263000151, 13.948417109000047 ], [ 100.605061837000051, 13.948574934000021 ], [ 100.604974092000191, 13.949088999000026 ], [ 100.604955546000042, 13.949206565000168 ], [ 100.604945408000106, 13.949270884000043 ], [ 100.604874574000121, 13.949719976000097 ], [ 100.604727883000123, 13.950815548000151 ], [ 100.604685937000056, 13.951122608000162 ], [ 100.604677490000142, 13.951184435000187 ], [ 100.604590003000112, 13.951838142000042 ], [ 100.604433509000103, 13.952706968000143 ], [ 100.604330211000104, 13.953309212000079 ], [ 100.604251652000073, 13.954077682000047 ], [ 100.60422515, 13.954255192000176 ], [ 100.604425084000013, 13.954265904000181 ], [ 100.604838114000131, 13.954288045000112 ], [ 100.604901811000161, 13.954291455000032 ], [ 100.606525949000059, 13.954378499000143 ], [ 100.609902948000126, 13.95449375700008 ], [ 100.610954239000137, 13.954559071000176 ], [ 100.610974586000168, 13.954558272000043 ], [ 100.610951251000074, 13.955132581000044 ], [ 100.611671043000115, 13.955167226000128 ], [ 100.611923296000157, 13.955179276000081 ], [ 100.612847032, 13.955198179000092 ], [ 100.613889496000127, 13.954619222000076 ] ] ] ] } }
]
}
